texto,vista,oido,movilidad
"veo todo muy borroso, por otro lado tengo audicion normal pero me muevo con normalidad.",0,1,1
tengo fotofobia ademas tengo hiperacusia pero ando con muletas.,2,2,0
los brillos me hacen daño en los ojos,2,1,1
"me molesta mucho la luz pero oigo lo normal, por otro lado tengo necesidad constante de moverme.",2,1,2
uso baston para ciegos pero los ruidos fuertes me aturdentambiencamino perfectamente.,0,2,1
no me puedo mover,1,1,0
he perdido el ojo izquierdo. uso lenguaje de señas y tengo dificultad para andar.,0,0,0
tengo dolor ocular pero puedo caminar y correr.,0,1,1
mi vista es normal aunque tengo sordera ademas puedo andar sin problemas.,1,0,1
tengo hipersensibilidad visualtambientengo sordera pero no me puedo quedar quieto.,2,0,2
tengo hipersensibilidad a la luz,2,1,1
no veo casi nada pero tengo hipersensibilidad auditivatambienpuedo caminar y correr.,0,2,1
"veo lo necesario, por otro lado tengo tics motores.",1,1,2
soy muy lento caminando,1,1,0
"tengo hipersensibilidad a la luz pero tengo muy poca audicion, por otro lado sin problemas de movilidad.",2,0,1
"tengo muy poca vision y soy sordo, tengo hiperactividad.",0,0,2
"estoy ciego, me muevo compulsivamente.",0,1,2
no oigo nada,1,0,1
llevo lentillas y veo bien. tengo audicion nula - tengo inquietud motora extrema.,1,0,2
tengo sensibilidad extrema a la luz - tengo movilidad muy reducida.,2,1,0
soy paraplejico,1,1,0
me duelen los ojos permanentemente. soy muy lento caminando.,0,1,0
estoy ciegotambienoigo lo normal pero tengo hipermovilidad.,0,1,2
mi movilidad es normal,1,1,1
camino bien,1,1,1
soy sordo,1,0,1
"ceguera absoluta, por otro lado sin problemas de oido y estoy inmovilizado.",0,1,0
tengo hipersensibilidad visualtambienno puedo caminar.,2,1,0
no soporto las luces brillantes y oigo bien y tengo problemas al caminar.,2,1,0
"tengo hipersensibilidad a la luz, oido muy finoo seavoy en baston.",2,2,0
me duelen los ojos. me cuesta mucho caminar.,0,1,0
veo todo muy borroso - tengo un tapon y tengo inquietud motora extrema.,0,0,2
super vision. oigo bieno seaando en silla de ruedas.,2,1,0
veo todo muy borroso. no puedo estar sentado mucho tiempo.,0,1,2
"uso gafas para leero seami oido es normal, soy paraplejico.",1,1,0
"tengo dolor constante en los ojos - no oigo nada, puedo andar sin problemas.",0,0,1
"veo destellos constantemente. me molestan mucho los ruidos, por otro lado tengo hipermovilidad.",2,2,2
"los brillos me hacen daño en los ojos pero mi oido es normal, por otro lado me muevo compulsivamente.",2,1,2
tengo sensibilidad extrema a la luz pero oigo lo normal ademas puedo caminar y correr.,2,1,1
perdi los ojos - puedo caminar y correr.,0,1,1
"tengo hipersensibilidad visual, tengo audicion nulatambiencamino bien.",2,0,1
"no tengo problemas oculares, camino perfectamente.",1,1,1
no veo nada pero soy hiperactivo.,0,1,2
tengo fotofobia y escucho todo muy apagado pero sin problemas de movilidad.,2,0,1
me duelen los ojos al miraro seami movilidad es normal.,0,1,1
me molesta mucho la luzo seaescucho las conversaciones sin problematambiencamino muy lento.,2,1,0
tengo problemas en la vista ademas tengo movilidad muy reducida.,0,1,0
"tengo sensibilidad extrema a la luz, por otro lado sin problemas de oido ademas me cuesta mucho caminar.",2,1,0
tengo dolor constante en los ojoso seatengo necesidad constante de moverme.,0,1,2
sin problemas de vista y tengo hiperactividad.,1,1,2
no veo en absolutotambienno escucho nada y tengo inquietud motora extrema.,0,0,2
veo perfectamente. tengo un tapono seacamino perfectamente.,1,0,1
"tengo vision normal, por otro lado escucho los ruidos demasiado fuertes aunque soy paralitico.",1,2,0
"mis ojos estan inflamados y duelen, por otro lado tengo movilidad muy reducida.",0,1,0
puedo andar sin problemas,1,1,1
"tengo dolor ocularo sealos sonidos agudos me dan dolor de cabeza, me muevo compulsivamente.",0,2,2
veo destellos constantemente,2,1,1
veo bien aunque super oido pero puedo caminar y correr.,1,2,1
mi agudeza visual es promedio pero puedo andar sin problemas.,1,1,1
oigo lo normal,1,1,1
"estoy ciego ademas no oigo nada, por otro lado puedo andar sin problemas.",0,0,1
tengo problemas al caminar,1,1,0
soy ciego. camino muy lento.,0,1,0
"llevo lentillas y veo bien. escucho las conversaciones sin problema, no puedo estar sentado mucho tiempo.",1,1,2
uso lenguaje de señas,1,0,1
"me duele el ojo izquierdo, camino bien.",0,1,1
tengo vision normalo seaescucho las conversaciones sin problema ademas tengo necesidad constante de moverme.,1,1,2
tengo tics motores,1,1,2
uso gafas para leer - sin problemas de movilidad.,1,1,1
perdi los ojostambientengo audicion nula aunque sin problemas de movilidad.,0,0,1
mi oido es normal,1,1,1
"no soporto abrir los ojos del dolor, oigo bien. camino muy lento.",0,1,0
soy muy lento caminando,1,1,0
soy ciego aunque oigo bien. camino perfectamente.,0,1,1
"la luz me deslumbra demasiado, por otro lado soy muy lento caminando.",2,1,0
no oigo nada,1,0,1
tengo fotofobia,2,1,1
uso baston para ciegos,0,1,1
tengo hipersensibilidad visual - oigo muy mal aunque no puedo caminar.,2,0,0
oigo muy mal,1,0,1
super vision,2,1,1
"me duele el ojo derecho, por otro lado oigo muy mal pero puedo andar sin problemas.",0,0,1
no puedo estar sentado mucho tiempo,1,1,2
"no tengo problemas oculares, por otro lado sin problemas de oido aunque tengo exceso de movimiento.",1,1,2
"super vision ademas escucho todo muy apagado, por otro lado mi movilidad es normal.",2,0,1
mi agudeza visual es promediotambientengo audicion normal pero me muevo con normalidad.,1,1,1
uso baston para ciegos,0,1,1
"veo bien, los ruidos fuertes me aturden ademas camino muy lento.",1,2,0
tengo muy poca audicion,1,0,1
"no soporto abrir los ojos del dolor, escucho todo muy apagadotambienmi movilidad es normal.",0,0,1
"tengo sensibilidad extrema a la luz, me molestan mucho los ruidos pero demasiado veloz.",2,2,2
tengo fotofobia - tengo audicion normal. camino bien.,2,1,1
tengo hipersensibilidad visual - los ruidos fuertes me aturden y tengo hiperactividad.,2,2,2
la luz me deslumbra demasiado aunque tengo audicion nula ademas camino perfectamente.,2,0,1
estoy ciego ademas tengo audicion normal - puedo caminar y correr.,0,1,1
uso baston para ciegos - sin problemas de movilidad.,0,1,1
super vision y sin problemas de oido pero me muevo con normalidad.,2,1,1
"tengo fotofobia. los ruidos fuertes me aturden, no puedo caminar.",2,2,0
he perdido el ojo derecho - oigo bien - tengo problemas al caminar.,0,1,0
tengo hipersensibilidad a la luzo seapuedo caminar y correr.,2,1,1
la luz me deslumbra demasiadoo seasin problemas de oidoo seano me puedo quedar quieto.,2,1,2
estoy ciego,0,1,1
me molesta mucho la luztambiensuper oido. tengo tics motores.,2,2,2
no oigo nada,1,0,1
veo bien pero puedo andar sin problemas.,1,1,1
camino perfectamente,1,1,1
no puedo estar sentado mucho tiempo,1,1,2
he perdido el ojo derecho aunque uso lenguaje de señas ademas me muevo con normalidad.,0,0,1
no tengo problemas oculareso seasoy muy lento caminando.,1,1,0
"veo lo necesario, por otro lado tengo audicion normalo seademasiado veloz.",1,1,2
me duele el ojo izquierdoo seasoy paralitico.,0,1,0
"veo destellos constantemente aunque tengo hiperacusia, camino perfectamente.",2,2,1
tengo muy poca vision - escucho todo muy apagado aunque no puedo estar sentado mucho tiempo.,0,0,2
la luz me deslumbra demasiado,2,1,1
"no veo nada aunque tengo un oido demasiado sensible, camino muy lento.",0,2,0
perdi los ojos - tengo muy poca audicion pero me cuesta mucho caminar.,0,0,0
"tengo ceguera total, por otro lado demasiado veloz.",0,1,2
no veo casi nada y tengo hipermovilidad.,0,1,2
tengo dolor constante en los ojos aunque camino perfectamente.,0,1,1
escucho las conversaciones sin problema,1,1,1
hiper vision y tengo un tapon pero puedo andar sin problemas.,2,0,1
tengo hipersensibilidad visual - sin problemas de movilidad.,2,1,1
"tengo hipersensibilidad visual, tengo hiperacusia aunque me muevo con normalidad.",2,2,1
no tengo problemas oculareso seaescucho todo muy apagado - me muevo con normalidad.,1,0,1
"tengo hipersensibilidad visual, por otro lado tengo sordera profunda, por otro lado me muevo compulsivamente.",2,0,2
veo destellos constantemente,2,1,1
tengo hipersensibilidad visual pero sin problemas de oidotambienme muevo con normalidad.,2,1,1
tengo muy poca vision aunque tengo audicion normal. tengo tics motores.,0,1,2
"soy ciego, no escucho en absoluto, por otro lado puedo andar sin problemas.",0,0,1
tengo vision normal aunque los ruidos fuertes me aturdeno seavoy en baston.,1,2,0
mi vista es normal aunque oigo lo normal - tengo tics motores.,1,1,2
camino perfectamente,1,1,1
"mi agudeza visual es promedio aunque me molestan mucho los ruidos, me muevo compulsivamente.",1,2,2
veo destellos constantemente aunque escucho los ruidos demasiado fuertes y no puedo estar sentado mucho tiempo.,2,2,2
no veo casi nada y camino bien.,0,1,1
"me duelen los ojos permanentemente, no escucho en absolutotambientengo dificultad para andar.",0,0,0
super vision ademas voy en baston.,2,1,0
tengo sensibilidad extrema a la luz. tengo inquietud motora extrema.,2,1,2
"la luz me deslumbra demasiado, por otro lado tengo sorderao seami movilidad es normal.",2,0,1
"tengo dolor ocular ademas tengo sordera, por otro lado tengo necesidad constante de moverme.",0,0,2
tengo tics motores,1,1,2
sin problemas de vista,1,1,1
mi agudeza visual es promedio,1,1,1
tengo hipersensibilidad auditiva,1,2,1
tengo fotofobia - me muevo con normalidad.,2,1,1
me molesta mucho la luz. escucho todo muy apagado aunque puedo caminar y correr.,2,0,1
"mi vista es normal. tengo audicion normal, me muevo con normalidad.",1,1,1
"tengo fotofobia, sin problemas de oido ademas soy hiperactivo.",2,1,2
escucho las conversaciones sin problema,1,1,1
los brillos me hacen daño en los ojos,2,1,1
escucho los ruidos demasiado fuertes,1,2,1
soy hiperactivo,1,1,2
ceguera absolutatambienescucho los ruidos demasiado fuertes aunque camino bien.,0,2,1
me duelen los ojos permanentementetambiensin problemas de oido ademas camino perfectamente.,0,1,1
tengo muy poca vision,0,1,1
los brillos me hacen daño en los ojos,2,1,1
sin problemas de vista aunque no escucho nada - tengo necesidad constante de moverme.,1,0,2
veo bien - tengo sordera y puedo andar sin problemas.,1,0,1
soy muy lento caminando,1,1,0
no veo en absoluto aunque oigo muy mal ademas mi movilidad es normal.,0,0,1
"ceguera absoluta, por otro lado sin problemas de oido, por otro lado tengo tics motores.",0,1,2
no tengo problemas oculares,1,1,1
"sin problemas de vista, no puedo estar sentado mucho tiempo.",1,1,2
sin problemas de vistatambienlos ruidos fuertes me aturden pero puedo caminar y correr.,1,2,1
tengo fotofobia - escucho perfectamente - no me puedo quedar quieto.,2,1,2
mi vista es normal pero soy paralitico.,1,1,0
llevo lentillas y veo bien,1,1,1
mi oido es normal,1,1,1
"he perdido el ojo izquierdo, tengo sordera profundatambientengo necesidad constante de moverme.",0,0,2
"tengo vision normal, por otro lado no oigo nada ademas me muevo compulsivamente.",1,0,2
me duelen los ojos permanentemente,0,1,1
me duele el ojo derecho. oigo bien. camino bien.,0,1,1
veo perfectamente ademas tengo dificultad para andar.,1,1,0
"me duelen los ojos, por otro lado oigo lo normal pero tengo problemas al caminar.",0,1,0
uso gafas para leer pero tengo audicion normal y me muevo compulsivamente.,1,1,2
"hiper vision, tengo necesidad constante de moverme.",2,1,2
puedo andar sin problemas,1,1,1
veo lo necesarioo seaoigo muy mal - sin problemas de movilidad.,1,0,1
me duelen los ojos. escucho todo muy apagadoo seame muevo con normalidad.,0,0,1
"tengo sensibilidad extrema a la luz, tengo hipersensibilidad al ruido aunque soy paraplejico.",2,2,0
mi vista es normal - mi oido es normalo seano me puedo quedar quieto.,1,1,2
no veo en absoluto aunque soy paraplejico.,0,1,0
me duele el ojo izquierdo ademas sin problemas de oido y demasiado veloz.,0,1,2
tengo hipersensibilidad al ruido,1,2,1
veo perfectamente ademas no oigo nadao seame muevo con normalidad.,1,0,1
uso gafas para leer. soy paraplejico.,1,1,0
uso gafas para leer y no escucho en absoluto ademas camino bien.,1,0,1
los brillos me hacen daño en los ojoso seacamino bien.,2,1,1
veo todo muy borroso. escucho los ruidos demasiado fuertes. camino muy lento.,0,2,0
uso gafas para leer ademas oido muy fino - no puedo caminar.,1,2,0
siento dolor en los ojoso seacamino bien.,0,1,1
me duelen los ojos al mirartambienmi oido es normalo seame cuesta mucho caminar.,0,1,0
veo muy maltambienno soporto el volumen alto y mi movilidad es normal.,0,2,1
uso gafas para leer ademas ando en silla de ruedas.,1,1,0
siento dolor en los ojos aunque no puedo estar sentado mucho tiempo.,0,1,2
"no tengo problemas oculares, por otro lado escucho los ruidos demasiado fuertes y me muevo compulsivamente.",1,2,2
veo lo necesario - escucho perfectamente - tengo exceso de movimiento.,1,1,2
tengo vision normal y tengo sorderatambiensoy paraplejico.,1,0,0
"me molesta mucho la luz, camino muy lento.",2,1,0
"estoy ciego, mi movilidad es normal.",0,1,1
mi agudeza visual es promedio. puedo caminar y correr.,1,1,1
tengo hipersensibilidad auditiva,1,2,1
"he perdido el ojo derecho, camino perfectamente.",0,1,1
tengo vision nulatambienno me puedo mover.,0,1,0
tengo vision nula ademas no me puedo quedar quieto.,0,1,2
los brillos me hacen daño en los ojos,2,1,1
puedo caminar y correr,1,1,1
voy en baston,1,1,0
escucho las conversaciones sin problema,1,1,1
super visiono seasoy paralitico.,2,1,0
veo perfectamente pero no puedo mover las piernas.,1,1,0
"veo muy mal, por otro lado no puedo estar sentado mucho tiempo.",0,1,2
veo perfectamentetambiendemasiado veloz.,1,1,2
uso gafas para leero seami oido es normal ademas mi movilidad es normal.,1,1,1
escucho todo muy apagado,1,0,1
tengo fotofobiatambientengo sordera profundao seasoy paraplejico.,2,0,0
tengo dolor constante en los ojoso seano escucho en absolutotambiensoy muy lento caminando.,0,0,0
soy muy lento caminando,1,1,0
no me puedo quedar quieto,1,1,2
veo perfectamente y oigo muy mal aunque soy paraplejico.,1,0,0
"mi vista es normal - no escucho nada, me muevo compulsivamente.",1,0,2
puedo caminar y correr,1,1,1
tengo hipersensibilidad a la luz y puedo caminar y correr.,2,1,1
no veo casi nadatambienno soporto el volumen alto pero me cuesta mucho caminar.,0,2,0
no tengo problemas oculares ademas soy paraplejico.,1,1,0
me molesta mucho la luz aunque no soporto el volumen alto. tengo necesidad constante de moverme.,2,2,2
"tengo vision normal, tengo hipersensibilidad auditiva ademas soy paraplejico.",1,2,0
veo destellos constantemente. oigo lo normal y tengo necesidad constante de moverme.,2,1,2
los brillos me hacen daño en los ojos,2,1,1
soy muy lento caminando,1,1,0
no tengo problemas oculares,1,1,1
"tengo muy poca vision, por otro lado soy hiperactivo.",0,1,2
no tengo problemas oculares pero tengo un tapon ademas puedo caminar y correr.,1,0,1
"no tengo problemas oculares, camino muy lento.",1,1,0
tengo hipersensibilidad a la luz. no me puedo quedar quieto.,2,1,2
estoy ciego,0,1,1
tengo fotofobia - me muevo con normalidad.,2,1,1
tengo un tapon,1,0,1
"ceguera absoluta y tengo muy poca audicion, camino bien.",0,0,1
veo destellos constantemente aunque oigo lo normalo seaando en silla de ruedas.,2,1,0
tengo vision normal y puedo caminar y correr.,1,1,1
llevo lentillas y veo bien pero no puedo estar sentado mucho tiempo.,1,1,2
"veo perfectamente, por otro lado no puedo mover las piernas.",1,1,0
"tengo vision normal, por otro lado me molestan mucho los ruidostambienpuedo caminar y correr.",1,2,1
mi agudeza visual es promedio,1,1,1
tengo fotofobiao seame muevo con normalidad.,2,1,1
"hiper vision pero escucho las conversaciones sin problema, por otro lado camino bien.",2,1,1
mi vista es normal pero oido demasiado fino ademas me cuesta mucho caminar.,1,2,0
veo perfectamente. tengo hipersensibilidad al ruido y no me puedo quedar quieto.,1,2,2
tengo tics motores,1,1,2
tengo sensibilidad extrema a la luztambiensin problemas de movilidad.,2,1,1
voy en baston,1,1,0
tengo fotofobia aunque me muevo con normalidad.,2,1,1
he perdido el ojo izquierdo pero no puedo mover las piernas.,0,1,0
no tengo problemas oculares ademas escucho las conversaciones sin problemao seatengo necesidad constante de moverme.,1,1,2
camino perfectamente,1,1,1
mi vista es normal,1,1,1
tengo dolor ocular - sin problemas de movilidad.,0,1,1
"no soporto las luces brillantes, sin problemas de oido, mi movilidad es normal.",2,1,1
los brillos me hacen daño en los ojos,2,1,1
tengo vision normal. me muevo con normalidad.,1,1,1
"llevo lentillas y veo bien, escucho los ruidos demasiado fuertes y puedo andar sin problemas.",1,2,1
hiper visiono seacamino muy lento.,2,1,0
tengo hipersensibilidad visualo seasin problemas de movilidad.,2,1,1
no veo casi nada - ando en silla de ruedas.,0,1,0
"tengo vision nula. mi oido es normal, tengo hiperactividad.",0,1,2
"sin problemas de vista, por otro lado no escucho nadao seapuedo andar sin problemas.",1,0,1
me duelen los ojos al mirar y oido muy fino y ando en silla de ruedas.,0,2,0
hiper vision,2,1,1
"mi vista es normal, tengo hipersensibilidad auditiva - puedo andar sin problemas.",1,2,1
veo lo necesario aunque tengo hipersensibilidad al ruido - no me puedo quedar quieto.,1,2,2
mi agudeza visual es promedio ademas tengo hipersensibilidad auditiva - soy paralitico.,1,2,0
tengo problemas en la vista. los ruidos fuertes me aturden y tengo movilidad muy reducida.,0,2,0
veo destellos constantemente aunque sin problemas de movilidad.,2,1,1
me duelen los ojos permanentemente - mi oido es normal y no puedo mover las piernas.,0,1,0
mi agudeza visual es promedio,1,1,1
"sin problemas de vista, por otro lado oigo lo normal y tengo problemas al caminar.",1,1,0
veo destellos constantemente ademas escucho las conversaciones sin problema y puedo andar sin problemas.,2,1,1
tengo muy poca visiontambienlos sonidos agudos me dan dolor de cabeza pero no me puedo quedar quieto.,0,2,2
he perdido el ojo izquierdo,0,1,1
veo perfectamente pero tengo necesidad constante de moverme.,1,1,2
he perdido el ojo derecho aunque camino bien.,0,1,1
mi vista es normal. puedo caminar y correr.,1,1,1
"no tengo problemas oculares, oido demasiado fino. camino bien.",1,2,1
super visiono seapuedo andar sin problemas.,2,1,1
me duelen los ojos al mirar - camino bien.,0,1,1
tengo un oido demasiado sensible,1,2,1
tengo problemas en la vista ademas mi oido es normal pero tengo dificultad para andar.,0,1,0
no soporto las luces brillanteso seavoy en baston.,2,1,0
no tengo problemas oculares aunque puedo andar sin problemas.,1,1,1
"tengo hipersensibilidad visual, por otro lado tengo tics motores.",2,1,2
sin problemas de vista y tengo hipersensibilidad auditiva y soy hiperactivo.,1,2,2
"me molesta mucho la luz pero oido muy fino, puedo caminar y correr.",2,2,1
la luz me deslumbra demasiado y oigo lo normal. tengo inquietud motora extrema.,2,1,2
mi agudeza visual es promedio - ando con muletas.,1,1,0
me duelen los ojos - oigo muy mal. puedo andar sin problemas.,0,0,1
soy paralitico,1,1,0
tengo muy poca visiono seatengo necesidad constante de moverme.,0,1,2
tengo un tapon,1,0,1
llevo lentillas y veo bien,1,1,1
"tengo fotofobia, por otro lado mi oido es normal y me cuesta mucho caminar.",2,1,0
tengo hiperacusia,1,2,1
me molesta mucho la luz ademas puedo andar sin problemas.,2,1,1
no soporto las luces brillantes aunque escucho todo muy apagado y me muevo con normalidad.,2,0,1
no soporto las luces brillantes y mi oido es normaltambiensin problemas de movilidad.,2,1,1
tengo hipersensibilidad a la luzo seatengo necesidad constante de moverme.,2,1,2
me duele el ojo derecho,0,1,1
soy ciego ademas los ruidos fuertes me aturden ademas no puedo estar sentado mucho tiempo.,0,2,2
tengo audicion nula,1,0,1
no veo en absolutotambientengo inquietud motora extrema.,0,1,2
los brillos me hacen daño en los ojos ademas los ruidos fuertes me aturden y me muevo compulsivamente.,2,2,2
estoy ciego - tengo exceso de movimiento.,0,1,2
no veo nada aunque mi oido es normal y camino bien.,0,1,1
uso baston para ciegos pero me cuesta mucho caminar.,0,1,0
no veo casi nada. no puedo mover las piernas.,0,1,0
escucho todo muy apagado,1,0,1
hiper vision ademas no soporto el volumen alto. no puedo mover las piernas.,2,2,0
tengo fotofobiatambienmi oido es normal - me muevo con normalidad.,2,1,1
mi vista es normal,1,1,1
mi vista es normal ademas tengo exceso de movimiento.,1,1,2
mi vista es normal y voy en baston.,1,1,0
uso gafas para leer - tengo tics motores.,1,1,2
tengo hipersensibilidad auditiva,1,2,1
no puedo estar sentado mucho tiempo,1,1,2
la luz me deslumbra demasiado,2,1,1
super vision ademas uso lenguaje de señas - tengo tics motores.,2,0,2
los brillos me hacen daño en los ojos y no me puedo quedar quieto.,2,1,2
"los brillos me hacen daño en los ojos, me cuesta mucho caminar.",2,1,0
perdi los ojos pero tengo muy poca audicion aunque demasiado veloz.,0,0,2
"he perdido el ojo derecho, por otro lado sin problemas de oidotambiensoy hiperactivo.",0,1,2
oigo bien,1,1,1
mi agudeza visual es promediotambienoigo bien pero me muevo con normalidad.,1,1,1
"tengo ceguera total ademas me molestan mucho los ruidos, por otro lado no puedo estar sentado mucho tiempo.",0,2,2
veo bien aunque no escucho nada - tengo necesidad constante de moverme.,1,0,2
"no tengo problemas oculares, mi oido es normal aunque tengo hiperactividad.",1,1,2
"veo lo necesario, por otro lado uso lenguaje de señas pero demasiado veloz.",1,0,2
los brillos me hacen daño en los ojos,2,1,1
"me molesta mucho la luz. tengo audicion normal, tengo inquietud motora extrema.",2,1,2
uso gafas para leer y tengo movilidad muy reducida.,1,1,0
los brillos me hacen daño en los ojoso seaescucho perfectamente aunque tengo tics motores.,2,1,2
no soporto el volumen alto,1,2,1
"tengo hipersensibilidad visual, voy en baston.",2,1,0
soy hiperactivo,1,1,2
"uso gafas para leer aunque escucho perfectamente, camino muy lento.",1,1,0
me muevo compulsivamente,1,1,2
soy sordo,1,0,1
super vision. camino bien.,2,1,1
no veo casi nadao sealos ruidos fuertes me aturdentambientengo tics motores.,0,2,2
"tengo vision nula - los sonidos agudos me dan dolor de cabeza, sin problemas de movilidad.",0,2,1
tengo dolor ocular pero escucho perfectamenteo seapuedo caminar y correr.,0,1,1
no puedo mover las piernas,1,1,0
me molesta mucho la luz y tengo un tapon y mi movilidad es normal.,2,0,1
tengo hipersensibilidad a la luztambienme muevo con normalidad.,2,1,1
super visiontambienno escucho en absoluto aunque ando con muletas.,2,0,0
veo todo muy borroso - tengo inquietud motora extrema.,0,1,2
sin problemas de oido,1,1,1
oigo muy mal,1,0,1
me molesta mucho la luz aunque no escucho en absoluto. soy paraplejico.,2,0,0
sin problemas de movilidad,1,1,1
tengo hipersensibilidad al ruido,1,2,1
uso lenguaje de señas,1,0,1
tengo vision normal - no escucho nada pero me cuesta mucho caminar.,1,0,0
hiper vision pero puedo caminar y correr.,2,1,1
no tengo problemas oculares y tengo hipermovilidad.,1,1,2
soy paralitico,1,1,0
tengo hipersensibilidad a la luztambientengo un oido demasiado sensibleo seame muevo con normalidad.,2,2,1
mi vista es normal y escucho perfectamente - camino bien.,1,1,1
la luz me deslumbra demasiado - escucho las conversaciones sin problema pero no me puedo quedar quieto.,2,1,2
tengo vision normal pero tengo audicion nula. no puedo caminar.,1,0,0
mis ojos estan inflamados y duelentambiensin problemas de movilidad.,0,1,1
tengo hipersensibilidad a la luz y camino perfectamente.,2,1,1
uso gafas para leero seaando en silla de ruedas.,1,1,0
tengo hipersensibilidad a la luz aunque camino perfectamente.,2,1,1
tengo hipersensibilidad visual aunque tengo audicion normal. tengo hiperactividad.,2,1,2
tengo vision normal,1,1,1
veo perfectamente aunque tengo hipersensibilidad auditiva y tengo necesidad constante de moverme.,1,2,2
tengo hiperacusia,1,2,1
tengo vision normal ademas camino bien.,1,1,1
veo bien ademas tengo audicion normalo seacamino perfectamente.,1,1,1
tengo vision normal - tengo audicion normal - mi movilidad es normal.,1,1,1
tengo fotofobia. puedo andar sin problemas.,2,1,1
hiper vision,2,1,1
tengo hipersensibilidad a la luz ademas tengo hiperacusiatambiensoy paralitico.,2,2,0
veo lo necesario y tengo muy poca audicion y puedo andar sin problemas.,1,0,1
"uso gafas para leer, super oido, camino bien.",1,2,1
"me duele el ojo izquierdo ademas escucho los ruidos demasiado fuertes, tengo movilidad muy reducida.",0,2,0
mi oido es normal,1,1,1
oigo bien,1,1,1
no oigo nada,1,0,1
me molesta mucho la luztambientengo un oido demasiado sensibleo seacamino perfectamente.,2,2,1
soy paraplejico,1,1,0
"super vision, por otro lado no soporto el volumen alto. camino bien.",2,2,1
no veo en absoluto aunque tengo sordera profunda ademas puedo andar sin problemas.,0,0,1
"veo perfectamente, los ruidos fuertes me aturden - tengo tics motores.",1,2,2
sin problemas de vista,1,1,1
llevo lentillas y veo bientambienuso lenguaje de señastambienando con muletas.,1,0,0
mi movilidad es normal,1,1,1
soy ciego ademas puedo andar sin problemas.,0,1,1
los ruidos fuertes me aturden,1,2,1
"la luz me deslumbra demasiado, por otro lado soy hiperactivo.",2,1,2
estoy ciego aunque tengo hiperactividad.,0,1,2
mi vista es normal ademas soy muy lento caminando.,1,1,0
sin problemas de vista,1,1,1
mi agudeza visual es promedio - tengo hipersensibilidad auditiva aunque camino bien.,1,2,1
me duele el ojo izquierdotambiensoy muy lento caminando.,0,1,0
la luz me deslumbra demasiadoo seasoy sordo y no puedo caminar.,2,0,0
mi vista es normal ademas oigo bieno seatengo problemas al caminar.,1,1,0
tengo vision normal pero oigo muy mal pero sin problemas de movilidad.,1,0,1
no puedo mover las piernas,1,1,0
tengo muy poca vision,0,1,1
tengo dolor constante en los ojos. puedo caminar y correr.,0,1,1
"uso baston para ciegostambienno escucho nada, por otro lado tengo movilidad muy reducida.",0,0,0
uso baston para ciegos. no puedo caminar.,0,1,0
"me molesta mucho la luz, tengo hipersensibilidad auditiva - sin problemas de movilidad.",2,2,1
no veo nada,0,1,1
"veo destellos constantemente, por otro lado mi oido es normal ademas tengo hipermovilidad.",2,1,2
tengo problemas en la vista,0,1,1
"tengo vision normal, mi oido es normal, no puedo mover las piernas.",1,1,0
siento dolor en los ojos,0,1,1
"veo lo necesario pero uso lenguaje de señas, por otro lado tengo exceso de movimiento.",1,0,2
"me duele el ojo izquierdoo seaoido muy fino, no puedo estar sentado mucho tiempo.",0,2,2
"no tengo problemas ocularestambientengo audicion normal, tengo hipermovilidad.",1,1,2
uso gafas para leer. puedo caminar y correr.,1,1,1
no soporto las luces brillantes,2,1,1
uso gafas para leer - voy en baston.,1,1,0
me duelen los ojos permanentemente. soy sordo y soy muy lento caminando.,0,0,0
los brillos me hacen daño en los ojos. soy muy lento caminando.,2,1,0
escucho las conversaciones sin problema,1,1,1
tengo sensibilidad extrema a la luz pero soy sordotambiencamino perfectamente.,2,0,1
uso gafas para leer ademas oigo lo normal pero me muevo con normalidad.,1,1,1
super vision,2,1,1
veo lo necesariotambienoigo lo normaltambienmi movilidad es normal.,1,1,1
tengo sensibilidad extrema a la luz,2,1,1
"tengo vision normal y tengo un oido demasiado sensible, camino bien.",1,2,1
tengo sensibilidad extrema a la luz ademas tengo audicion nula - tengo inquietud motora extrema.,2,0,2
tengo problemas al caminar,1,1,0
veo perfectamente ademas me cuesta mucho caminar.,1,1,0
"no veo nada, por otro lado tengo audicion normal aunque mi movilidad es normal.",0,1,1
camino perfectamente,1,1,1
"veo bien, tengo hipersensibilidad auditivao seano puedo estar sentado mucho tiempo.",1,2,2
la luz me deslumbra demasiado,2,1,1
perdi los ojos,0,1,1
estoy ciego pero tengo hipersensibilidad auditivatambiensoy hiperactivo.,0,2,2
"sin problemas de vistao seaoigo muy mal, tengo problemas al caminar.",1,0,0
"mi vista es normalo seaoigo lo normal, por otro lado tengo tics motores.",1,1,2
"no tengo problemas oculares, por otro lado oigo bien - tengo movilidad muy reducida.",1,1,0
uso gafas para leer,1,1,1
me duelen los ojos permanentemente aunque tengo hiperacusia pero camino bien.,0,2,1
tengo sordera,1,0,1
super vision,2,1,1
tengo fotofobia,2,1,1
llevo lentillas y veo bien. oigo muy mal pero puedo andar sin problemas.,1,0,1
estoy ciego ademas voy en baston.,0,1,0
veo muy mal - no me puedo quedar quieto.,0,1,2
no soporto las luces brillantes,2,1,1
veo bien pero tengo sordera profundao seatengo necesidad constante de moverme.,1,0,2
tengo vision nula aunque no oigo nada pero soy hiperactivo.,0,0,2
no veo en absoluto - tengo sordera pero mi movilidad es normal.,0,0,1
escucho las conversaciones sin problema,1,1,1
"tengo vision normal, por otro lado ando en silla de ruedas.",1,1,0
veo perfectamenteo seatengo hipersensibilidad al ruido ademas puedo andar sin problemas.,1,2,1
"veo bientambientengo sordera profunda, por otro lado tengo movilidad muy reducida.",1,0,0
tengo fotofobia. mi oido es normal. tengo hiperactividad.,2,1,2
"llevo lentillas y veo bien, por otro lado ando en silla de ruedas.",1,1,0
"llevo lentillas y veo bien ademas no escucho nada, por otro lado camino perfectamente.",1,0,1
tengo vision normaltambientengo audicion nulao seapuedo andar sin problemas.,1,0,1
"la luz me deslumbra demasiado, por otro lado uso lenguaje de señas y soy paralitico.",2,0,0
me muevo compulsivamente,1,1,2
"siento dolor en los ojos, por otro lado tengo muy poca audicion, ando con muletas.",0,0,0
me duelen los ojos y uso lenguaje de señaso seacamino bien.,0,0,1
veo perfectamenteo seademasiado veloz.,1,1,2
uso gafas para leer - tengo problemas al caminar.,1,1,0
"me molesta mucho la luz ademas oigo muy mal, por otro lado tengo dificultad para andar.",2,0,0
tengo vision normal aunque oigo bien ademas camino muy lento.,1,1,0
tengo hipersensibilidad visual y me molestan mucho los ruidos pero puedo caminar y correr.,2,2,1
ceguera absoluta,0,1,1
puedo andar sin problemas,1,1,1
mi vista es normal,1,1,1
tengo fotofobia y sin problemas de movilidad.,2,1,1
tengo audicion normal,1,1,1
soy sordo,1,0,1
"siento dolor en los ojos. escucho perfectamente, por otro lado mi movilidad es normal.",0,1,1
me duele el ojo izquierdo ademas no oigo nadao seasin problemas de movilidad.,0,0,1
veo todo muy borroso,0,1,1
sin problemas de vista aunque los ruidos fuertes me aturden. tengo movilidad muy reducida.,1,2,0
"me duele el ojo derecho, por otro lado escucho los ruidos demasiado fuertes aunque camino perfectamente.",0,2,1
tengo hipersensibilidad visualtambientengo movilidad muy reducida.,2,1,0
"no veo casi nada, no soporto el volumen alto aunque no me puedo quedar quieto.",0,2,2
tengo problemas en la vistatambientengo audicion nula - mi movilidad es normal.,0,0,1
"llevo lentillas y veo bien, por otro lado no puedo mover las piernas.",1,1,0
ceguera absoluta aunque tengo tics motores.,0,1,2
tengo vision normal,1,1,1
perdi la vista - tengo movilidad muy reducida.,0,1,0
tengo vision normal pero uso lenguaje de señas - tengo problemas al caminar.,1,0,0
"sin problemas de vista, escucho las conversaciones sin problema - mi movilidad es normal.",1,1,1
veo muy mal ademas no soporto el volumen alto aunque camino perfectamente.,0,2,1
los ruidos fuertes me aturden,1,2,1
tengo sordera profunda,1,0,1
he perdido el ojo izquierdo pero puedo andar sin problemas.,0,1,1
veo perfectamente aunque no puedo caminar.,1,1,0
tengo fotofobia ademas tengo hipermovilidad.,2,1,2
sin problemas de vista,1,1,1
"no tengo problemas oculares, mi oido es normal, puedo caminar y correr.",1,1,1
me duelen los ojos - soy paraplejico.,0,1,0
los ruidos fuertes me aturden,1,2,1
tengo problemas en la vista pero los sonidos agudos me dan dolor de cabeza. soy muy lento caminando.,0,2,0
sin problemas de vista ademas oido demasiado finoo seatengo movilidad muy reducida.,1,2,0
tengo hipersensibilidad a la luz pero no oigo nadao seatengo dificultad para andar.,2,0,0
tengo sensibilidad extrema a la luztambiencamino perfectamente.,2,1,1
"mi agudeza visual es promedio. no oigo nada, por otro lado puedo caminar y correr.",1,0,1
no soporto el volumen alto,1,2,1
"veo bien, tengo necesidad constante de moverme.",1,1,2
"veo bien y los sonidos agudos me dan dolor de cabeza, mi movilidad es normal.",1,2,1
"me molesta mucho la luzo seatengo audicion normal, por otro lado puedo caminar y correr.",2,1,1
"soy ciego, oigo muy mal pero tengo inquietud motora extrema.",0,0,2
no veo casi nada pero camino perfectamente.,0,1,1
"veo bien, no escucho nada pero sin problemas de movilidad.",1,0,1
perdi los ojos - sin problemas de oido. puedo andar sin problemas.,0,1,1
"soy ciego, por otro lado super oido, tengo problemas al caminar.",0,2,0
no veo en absolutoo seatengo audicion normalo seademasiado veloz.,0,1,2
me cuesta mucho caminar,1,1,0
mi agudeza visual es promediotambientengo hiperacusia aunque tengo hiperactividad.,1,2,2
escucho todo muy apagado,1,0,1
mi vista es normal pero me muevo con normalidad.,1,1,1
he perdido el ojo derecho y super oido pero no puedo caminar.,0,2,0
puedo andar sin problemas,1,1,1
mi vista es normal ademas escucho los ruidos demasiado fuertes aunque voy en baston.,1,2,0
sin problemas de oido,1,1,1
me molestan mucho los ruidos,1,2,1
los brillos me hacen daño en los ojos. me molestan mucho los ruidoso seapuedo andar sin problemas.,2,2,1
tengo hipersensibilidad visualtambienno escucho nadatambientengo exceso de movimiento.,2,0,2
"me duele el ojo izquierdo, no soporto el volumen altotambienno puedo caminar.",0,2,0
llevo lentillas y veo bien. oigo muy mal ademas camino muy lento.,1,0,0
uso gafas para leer. camino perfectamente.,1,1,1
estoy ciego pero tengo sorderatambienmi movilidad es normal.,0,0,1
sin problemas de movilidad,1,1,1
he perdido el ojo izquierdo,0,1,1
mi agudeza visual es promedio aunque no puedo estar sentado mucho tiempo.,1,1,2
tengo sensibilidad extrema a la luz,2,1,1
veo muy mal y sin problemas de oido aunque camino perfectamente.,0,1,1
hiper vision ademas tengo sordera pero no puedo estar sentado mucho tiempo.,2,0,2
mi movilidad es normal,1,1,1
"la luz me deslumbra demasiado, por otro lado me muevo con normalidad.",2,1,1
llevo lentillas y veo bientambientengo problemas al caminar.,1,1,0
no soporto abrir los ojos del dolor ademas tengo muy poca audicion ademas puedo andar sin problemas.,0,0,1
puedo andar sin problemas,1,1,1
veo lo necesario. demasiado veloz.,1,1,2
soy paraplejico,1,1,0
perdi la vista y tengo hiperacusiao seacamino perfectamente.,0,2,1
tengo hiperacusia,1,2,1
tengo ceguera totaltambienpuedo caminar y correr.,0,1,1
"tengo ceguera total. sin problemas de oido, soy paraplejico.",0,1,0
"veo bien, por otro lado tengo sordera profunda, me muevo con normalidad.",1,0,1
tengo problemas en la vista pero soy muy lento caminando.,0,1,0
los brillos me hacen daño en los ojos - tengo un oido demasiado sensible - camino bien.,2,2,1
"veo destellos constantemente, ando en silla de ruedas.",2,1,0
los brillos me hacen daño en los ojos aunque uso lenguaje de señas - soy muy lento caminando.,2,0,0
sin problemas de oido,1,1,1
"tengo hipersensibilidad a la luz - super oido, puedo andar sin problemas.",2,2,1
tengo sensibilidad extrema a la luz y tengo un tapon. camino bien.,2,0,1
"mis ojos estan inflamados y duelen. no oigo nada, ando en silla de ruedas.",0,0,0
tengo dificultad para andar,1,1,0
oido muy fino,1,2,1
no puedo caminar,1,1,0
camino bien,1,1,1
tengo fotofobiao seami oido es normal ademas voy en baston.,2,1,0
los sonidos agudos me dan dolor de cabeza,1,2,1
veo perfectamente - no soporto el volumen altoo seatengo exceso de movimiento.,1,2,2
veo perfectamente,1,1,1
ando en silla de ruedas,1,1,0
me duele el ojo izquierdo y tengo hipermovilidad.,0,1,2
super visiontambienoigo lo normal. me muevo compulsivamente.,2,1,2
no soporto las luces brillantes pero estoy inmovilizado.,2,1,0
"uso gafas para leer y escucho los ruidos demasiado fuertes, voy en baston.",1,2,0
me duelen los ojos permanentemente,0,1,1
mi agudeza visual es promedio aunque oido demasiado fino pero puedo caminar y correr.,1,2,1
sin problemas de vista. tengo audicion nula y camino muy lento.,1,0,0
veo bien aunque oido demasiado finoo seasoy paralitico.,1,2,0
mi vista es normal - tengo problemas al caminar.,1,1,0
"veo lo necesariotambienlos ruidos fuertes me aturden, por otro lado camino perfectamente.",1,2,1
"veo lo necesario, soy sordo - ando en silla de ruedas.",1,0,0
los brillos me hacen daño en los ojostambiensoy hiperactivo.,2,1,2
tengo hipersensibilidad visual pero ando con muletas.,2,1,0
no tengo problemas ocularestambiencamino bien.,1,1,1
"he perdido el ojo derecho, escucho perfectamentetambienno puedo estar sentado mucho tiempo.",0,1,2
perdi la vista pero me cuesta mucho caminar.,0,1,0
estoy ciego. tengo audicion normal - camino muy lento.,0,1,0
"la luz me deslumbra demasiado, por otro lado oigo bien pero soy paraplejico.",2,1,0
he perdido el ojo izquierdo aunque oido muy fino pero tengo hiperactividad.,0,2,2
siento dolor en los ojostambiencamino bien.,0,1,1
me duele el ojo izquierdo. escucho las conversaciones sin problema aunque tengo inquietud motora extrema.,0,1,2
"no tengo problemas oculares, por otro lado tengo hiperacusia ademas ando con muletas.",1,2,0
no soporto las luces brillantes. oigo bien ademas sin problemas de movilidad.,2,1,1
me duelen los ojos,0,1,1
me muevo con normalidad,1,1,1
no puedo caminar,1,1,0
la luz me deslumbra demasiado. oigo lo normal y tengo exceso de movimiento.,2,1,2
"llevo lentillas y veo bien, por otro lado sin problemas de movilidad.",1,1,1
uso gafas para leer - soy hiperactivo.,1,1,2
sin problemas de movilidad,1,1,1
"uso gafas para leero seatengo sordera profunda, por otro lado tengo inquietud motora extrema.",1,0,2
no veo en absoluto aunque puedo caminar y correr.,0,1,1
hiper vision y no puedo estar sentado mucho tiempo.,2,1,2
no puedo caminar,1,1,0
he perdido el ojo derecho pero tengo exceso de movimiento.,0,1,2
no tengo problemas oculares,1,1,1
llevo lentillas y veo bien ademas tengo audicion nula aunque soy paralitico.,1,0,0
veo muy mal. tengo movilidad muy reducida.,0,1,0
"tengo problemas en la vista, por otro lado no escucho nada - tengo necesidad constante de moverme.",0,0,2
tengo sensibilidad extrema a la luz ademas tengo un oido demasiado sensible ademas puedo caminar y correr.,2,2,1
tengo hipersensibilidad a la luz pero camino perfectamente.,2,1,1
"me duelen los ojos al mirar, por otro lado oigo muy mal. tengo hipermovilidad.",0,0,2
hiper vision y tengo inquietud motora extrema.,2,1,2
veo destellos constantemente. escucho todo muy apagado - me muevo con normalidad.,2,0,1
me duelen los ojos permanentemente aunque escucho todo muy apagado ademas no puedo estar sentado mucho tiempo.,0,0,2
"veo bien, por otro lado tengo audicion nula aunque tengo tics motores.",1,0,2
tengo inquietud motora extrema,1,1,2
escucho perfectamente,1,1,1
tengo vision normal ademas no puedo mover las piernas.,1,1,0
tengo vision nula - puedo andar sin problemas.,0,1,1
mi movilidad es normal,1,1,1
demasiado veloz,1,1,2
"veo destellos constantemente, tengo exceso de movimiento.",2,1,2
oigo lo normal,1,1,1
la luz me deslumbra demasiadotambiencamino perfectamente.,2,1,1
"tengo fotofobia, por otro lado super oido, no me puedo quedar quieto.",2,2,2
"tengo hipersensibilidad a la luz, por otro lado los sonidos agudos me dan dolor de cabeza pero tengo hiperactividad.",2,2,2
tengo dolor constante en los ojos. oigo bieno seano me puedo quedar quieto.,0,1,2
soy hiperactivo,1,1,2
tengo dolor constante en los ojos pero tengo dificultad para andar.,0,1,0
"he perdido el ojo derechoo seatengo sordera profunda, puedo caminar y correr.",0,0,1
escucho perfectamente,1,1,1
veo todo muy borroso. no soporto el volumen alto. no puedo estar sentado mucho tiempo.,0,2,2
no veo en absolutoo seatengo un tapon pero tengo dificultad para andar.,0,0,0
oigo bien,1,1,1
veo lo necesario,1,1,1
me duele el ojo izquierdo - oigo lo normal aunque camino perfectamente.,0,1,1
super vision - me cuesta mucho caminar.,2,1,0
tengo dificultad para andar,1,1,0
uso gafas para leertambientengo audicion normal ademas tengo dificultad para andar.,1,1,0
mi agudeza visual es promedio pero soy sordo ademas puedo caminar y correr.,1,0,1
no soporto las luces brillantestambienmi oido es normaltambiensoy paralitico.,2,1,0
tengo vision normal,1,1,1
me molesta mucho la luz,2,1,1
oigo lo normal,1,1,1
"no tengo problemas ocularestambientengo hipersensibilidad al ruido, estoy inmovilizado.",1,2,0
no oigo nada,1,0,1
me duele el ojo izquierdo aunque no escucho en absoluto. camino perfectamente.,0,0,1
veo destellos constantemente pero tengo hipersensibilidad auditiva. me muevo con normalidad.,2,2,1
"mi agudeza visual es promedioo seaescucho todo muy apagado, tengo movilidad muy reducida.",1,0,0
"estoy ciego, tengo un tapon y camino muy lento.",0,0,0
no soporto las luces brillantes. no escucho nada aunque demasiado veloz.,2,0,2
me duele el ojo izquierdo ademas demasiado veloz.,0,1,2
mi agudeza visual es promedio pero tengo hipersensibilidad auditiva aunque tengo problemas al caminar.,1,2,0
"no veo nada, mi oido es normal aunque puedo andar sin problemas.",0,1,1
tengo fotofobia,2,1,1
tengo audicion normal,1,1,1
"soy ciego ademas tengo hipersensibilidad al ruido, por otro lado no puedo estar sentado mucho tiempo.",0,2,2
los brillos me hacen daño en los ojos aunque oido muy fino - no me puedo quedar quieto.,2,2,2
demasiado veloz,1,1,2
veo perfectamente,1,1,1
"tengo sensibilidad extrema a la luz y tengo un tapon, puedo andar sin problemas.",2,0,1
la luz me deslumbra demasiado pero sin problemas de oido y soy paraplejico.,2,1,0
me molesta mucho la luzo seaescucho todo muy apagado. no puedo mover las piernas.,2,0,0
oigo lo normal,1,1,1
veo destellos constantementetambienescucho las conversaciones sin problema pero me muevo con normalidad.,2,1,1
tengo hipersensibilidad al ruido,1,2,1
los brillos me hacen daño en los ojostambienoido demasiado fino pero camino bien.,2,2,1
soy paraplejico,1,1,0
soy sordo,1,0,1
tengo sensibilidad extrema a la luztambienno puedo estar sentado mucho tiempo.,2,1,2
"mi vista es normal, tengo un tapon - tengo movilidad muy reducida.",1,0,0
he perdido el ojo derecho. uso lenguaje de señaso seaestoy inmovilizado.,0,0,0
"tengo fotofobia, por otro lado tengo sordera profunda, tengo hipermovilidad.",2,0,2
tengo necesidad constante de moverme,1,1,2
escucho los ruidos demasiado fuertes,1,2,1
veo todo muy borroso ademas sin problemas de movilidad.,0,1,1
tengo vision normal,1,1,1
tengo vision normalo seaestoy inmovilizado.,1,1,0
mi vista es normal,1,1,1
tengo muy poca vision y ando en silla de ruedas.,0,1,0
veo bien,1,1,1
veo perfectamente y tengo movilidad muy reducida.,1,1,0
llevo lentillas y veo bieno seaescucho todo muy apagadotambientengo hiperactividad.,1,0,2
"no veo casi nada, por otro lado me cuesta mucho caminar.",0,1,0
uso lenguaje de señas,1,0,1
me duele el ojo izquierdotambienoigo bien - tengo tics motores.,0,1,2
"hiper vision y oigo lo normal, tengo tics motores.",2,1,2
oigo lo normal,1,1,1
"tengo problemas en la vista, tengo un oido demasiado sensible, me muevo con normalidad.",0,2,1
estoy inmovilizado,1,1,0
veo lo necesario,1,1,1
he perdido el ojo izquierdoo seatengo un tapono seame muevo con normalidad.,0,0,1
me duelen los ojos al mirar pero super oido y camino perfectamente.,0,2,1
mi vista es normal aunque puedo caminar y correr.,1,1,1
perdi los ojos ademas demasiado veloz.,0,1,2
me molesta mucho la luz,2,1,1
veo perfectamente,1,1,1
camino perfectamente,1,1,1
camino muy lento,1,1,0
soy muy lento caminando,1,1,0
mi vista es normaltambienoido demasiado fino y me muevo con normalidad.,1,2,1
"hiper vision, oigo lo normal pero me cuesta mucho caminar.",2,1,0
tengo vision normalo seatengo necesidad constante de moverme.,1,1,2
tengo hipersensibilidad visualtambiensoy muy lento caminando.,2,1,0
tengo muy poca visiontambienpuedo andar sin problemas.,0,1,1
"tengo sensibilidad extrema a la luz, no oigo nada - demasiado veloz.",2,0,2
tengo vision normal - no escucho nadatambienpuedo caminar y correr.,1,0,1
"no veo nada, por otro lado tengo tics motores.",0,1,2
"veo lo necesario, por otro lado escucho las conversaciones sin problematambiensin problemas de movilidad.",1,1,1
me duelen los ojos pero escucho las conversaciones sin problema ademas sin problemas de movilidad.,0,1,1
tengo muy poca vision. mi oido es normal - tengo exceso de movimiento.,0,1,2
"tengo hipersensibilidad a la luz aunque soy sordo, no me puedo quedar quieto.",2,0,2
uso gafas para leer - puedo andar sin problemas.,1,1,1
"me duele el ojo izquierdotambienuso lenguaje de señas, camino bien.",0,0,1
tengo hipersensibilidad visual pero tengo hiperacusia ademas no puedo mover las piernas.,2,2,0
"hiper vision pero sin problemas de oido, tengo dificultad para andar.",2,1,0
me duelen los ojos al miraro seatengo hipermovilidad.,0,1,2
super oido,1,2,1
siento dolor en los ojoso seaescucho las conversaciones sin problema y no me puedo quedar quieto.,0,1,2
puedo andar sin problemas,1,1,1
veo todo muy borroso ademas mi oido es normal - camino perfectamente.,0,1,1
super oido,1,2,1
oigo muy mal,1,0,1
tengo hipersensibilidad visual pero super oido. camino bien.,2,2,1
"mi agudeza visual es promedio, tengo hipersensibilidad auditivatambienme muevo compulsivamente.",1,2,2
no soporto abrir los ojos del doloro seano escucho en absoluto pero tengo tics motores.,0,0,2
tengo vision normal pero oigo lo normal ademas tengo hipermovilidad.,1,1,2
mi agudeza visual es promedioo seasin problemas de oido ademas me muevo con normalidad.,1,1,1
"tengo dolor ocular. tengo audicion nula, por otro lado tengo inquietud motora extrema.",0,0,2
"la luz me deslumbra demasiado, por otro lado sin problemas de movilidad.",2,1,1
siento dolor en los ojos. uso lenguaje de señastambienpuedo caminar y correr.,0,0,1
los brillos me hacen daño en los ojoso seami oido es normal. soy paralitico.,2,1,0
tengo muy poca audicion,1,0,1
uso gafas para leer ademas escucho las conversaciones sin problema pero ando en silla de ruedas.,1,1,0
no escucho en absoluto,1,0,1
los brillos me hacen daño en los ojos - oido demasiado fino. tengo movilidad muy reducida.,2,2,0
escucho perfectamente,1,1,1
mi agudeza visual es promedioo seaoigo bien ademas no puedo caminar.,1,1,0
me duele el ojo izquierdo aunque los sonidos agudos me dan dolor de cabeza y camino perfectamente.,0,2,1
super visiontambientengo hipersensibilidad auditiva. mi movilidad es normal.,2,2,1
"veo perfectamente, por otro lado no puedo estar sentado mucho tiempo.",1,1,2
"no veo casi nada, escucho todo muy apagado - camino perfectamente.",0,0,1
tengo audicion normal,1,1,1
"veo muy mal ademas super oido, por otro lado mi movilidad es normal.",0,2,1
no soporto abrir los ojos del dolor ademas puedo andar sin problemas.,0,1,1
tengo problemas al caminar,1,1,0
"me duele el ojo izquierdo, sin problemas de oido, por otro lado soy paralitico.",0,1,0
mi vista es normal aunque oido demasiado finoo seacamino perfectamente.,1,2,1
tengo un oido demasiado sensible,1,2,1
no tengo problemas oculares ademas ando con muletas.,1,1,0
me duelen los ojos pero sin problemas de movilidad.,0,1,1
tengo fotofobia,2,1,1
no me puedo mover,1,1,0
"veo muy mal, sin problemas de oido y no me puedo mover.",0,1,0
hiper vision,2,1,1
me duelen los ojos al mirar,0,1,1
ceguera absoluta - no puedo estar sentado mucho tiempo.,0,1,2
"siento dolor en los ojos, tengo muy poca audicion ademas no me puedo mover.",0,0,0
tengo hipersensibilidad auditiva,1,2,1
sin problemas de vista y ando con muletas.,1,1,0
tengo muy poca vision ademas super oido y puedo andar sin problemas.,0,2,1
estoy inmovilizado,1,1,0
super visiono seano puedo estar sentado mucho tiempo.,2,1,2
escucho las conversaciones sin problema,1,1,1
tengo muy poca audicion,1,0,1
me duele el ojo derecho pero no escucho nada y puedo caminar y correr.,0,0,1
soy ciego y tengo un oido demasiado sensibletambientengo inquietud motora extrema.,0,2,2
veo destellos constantemente aunque tengo necesidad constante de moverme.,2,1,2
la luz me deslumbra demasiadotambienvoy en baston.,2,1,0
veo lo necesario ademas oido muy fino - mi movilidad es normal.,1,2,1
la luz me deslumbra demasiadoo seatengo audicion normalo seatengo dificultad para andar.,2,1,0
mi agudeza visual es promedio,1,1,1
los brillos me hacen daño en los ojostambienme molestan mucho los ruidos aunque tengo tics motores.,2,2,2
"perdi la vista, escucho las conversaciones sin problematambienno puedo caminar.",0,1,0
"mi agudeza visual es promedioo seatengo muy poca audicion, por otro lado tengo problemas al caminar.",1,0,0
tengo problemas en la vista pero no puedo caminar.,0,1,0
veo bien y tengo audicion normal aunque me cuesta mucho caminar.,1,1,0
tengo hipersensibilidad a la luz. tengo necesidad constante de moverme.,2,1,2
llevo lentillas y veo bien,1,1,1
soy muy lento caminando,1,1,0
hiper vision pero ando con muletas.,2,1,0
"super vision pero tengo hipersensibilidad auditiva, por otro lado soy hiperactivo.",2,2,2
veo bien aunque sin problemas de movilidad.,1,1,1
oido demasiado fino,1,2,1
no puedo estar sentado mucho tiempo,1,1,2
"los brillos me hacen daño en los ojostambienescucho perfectamente, tengo exceso de movimiento.",2,1,2
"tengo vision normal, tengo hipersensibilidad al ruidoo seasin problemas de movilidad.",1,2,1
mis ojos estan inflamados y dueleno seaoigo bien aunque me muevo con normalidad.,0,1,1
"me duele el ojo izquierdo, por otro lado escucho todo muy apagadotambienno puedo estar sentado mucho tiempo.",0,0,2
puedo andar sin problemas,1,1,1
"uso gafas para leer ademas tengo hiperacusia, tengo hipermovilidad.",1,2,2
veo todo muy borrosoo seano escucho en absoluto. mi movilidad es normal.,0,0,1
"tengo hipersensibilidad a la luz, no oigo nada aunque tengo exceso de movimiento.",2,0,2
veo destellos constantementetambienme molestan mucho los ruidos. camino muy lento.,2,2,0
tengo un oido demasiado sensible,1,2,1
tengo hipersensibilidad visualtambiensin problemas de movilidad.,2,1,1
llevo lentillas y veo bien y uso lenguaje de señas. no me puedo mover.,1,0,0
super vision ademas escucho perfectamente y soy paralitico.,2,1,0
tengo exceso de movimiento,1,1,2
me molesta mucho la luz pero no puedo mover las piernas.,2,1,0
escucho los ruidos demasiado fuertes,1,2,1
tengo hipersensibilidad visual. voy en baston.,2,1,0
"siento dolor en los ojos ademas tengo sordera, por otro lado no me puedo mover.",0,0,0
"no tengo problemas oculares, escucho perfectamenteo seatengo dificultad para andar.",1,1,0
me muevo compulsivamente,1,1,2
"tengo hipersensibilidad visual, por otro lado soy sordoo seapuedo caminar y correr.",2,0,1
tengo sordera profunda,1,0,1
soy paraplejico,1,1,0
"veo muy mal, me molestan mucho los ruidos aunque tengo inquietud motora extrema.",0,2,2
mi vista es normal,1,1,1
soy paraplejico,1,1,0
uso gafas para leertambienno escucho en absoluto pero me cuesta mucho caminar.,1,0,0
llevo lentillas y veo bien,1,1,1
estoy ciego pero tengo hipermovilidad.,0,1,2
ceguera absoluta pero escucho perfectamente aunque no me puedo quedar quieto.,0,1,2
la luz me deslumbra demasiado - tengo audicion nula ademas me muevo con normalidad.,2,0,1
oigo lo normal,1,1,1
mi agudeza visual es promedio pero me muevo con normalidad.,1,1,1
tengo hiperactividad,1,1,2
no soporto las luces brillantes. soy muy lento caminando.,2,1,0
"tengo sensibilidad extrema a la luz ademas sin problemas de oido, soy paraplejico.",2,1,0
la luz me deslumbra demasiado pero soy paraplejico.,2,1,0
escucho perfectamente,1,1,1
veo bien ademas me muevo compulsivamente.,1,1,2
tengo dolor constante en los ojos. me molestan mucho los ruidos aunque tengo inquietud motora extrema.,0,2,2
estoy ciego pero puedo andar sin problemas.,0,1,1
mis ojos estan inflamados y duelen y escucho las conversaciones sin problema ademas demasiado veloz.,0,1,2
llevo lentillas y veo bien aunque escucho perfectamente - tengo inquietud motora extrema.,1,1,2
tengo dolor ocular,0,1,1
veo bien,1,1,1
veo lo necesario,1,1,1
veo lo necesarioo seatengo un oido demasiado sensible ademas tengo inquietud motora extrema.,1,2,2
"me duelen los ojos al mirar, soy sordo y mi movilidad es normal.",0,0,1
"no tengo problemas ocularestambientengo hiperacusia, por otro lado soy hiperactivo.",1,2,2
sin problemas de oido,1,1,1
tengo hiperactividad,1,1,2
"mi vista es normal. no escucho en absoluto, tengo problemas al caminar.",1,0,0
"me duelen los ojos, por otro lado puedo andar sin problemas.",0,1,1
la luz me deslumbra demasiado,2,1,1
la luz me deslumbra demasiado - tengo exceso de movimiento.,2,1,2
"tengo vision nula, por otro lado oigo bien, puedo caminar y correr.",0,1,1
soy ciego pero tengo muy poca audicion pero no puedo mover las piernas.,0,0,0
oigo lo normal,1,1,1
puedo caminar y correr,1,1,1
me molesta mucho la luz pero no puedo mover las piernas.,2,1,0
me muevo compulsivamente,1,1,2
tengo hipersensibilidad visual aunque oigo muy mal pero tengo movilidad muy reducida.,2,0,0
"he perdido el ojo izquierdo, por otro lado camino perfectamente.",0,1,1
"tengo sensibilidad extrema a la luzo sealos sonidos agudos me dan dolor de cabeza, me cuesta mucho caminar.",2,2,0
llevo lentillas y veo bien ademas no escucho en absoluto ademas demasiado veloz.,1,0,2
"estoy ciego, por otro lado los ruidos fuertes me aturden pero soy paralitico.",0,2,0
no tengo problemas oculares pero escucho las conversaciones sin problema y sin problemas de movilidad.,1,1,1
"me duelen los ojos permanentemente. oigo bien, puedo caminar y correr.",0,1,1
"hiper vision, oigo bien aunque demasiado veloz.",2,1,2
super vision. no escucho nada - sin problemas de movilidad.,2,0,1
tengo hiperactividad,1,1,2
soy hiperactivo,1,1,2
mi agudeza visual es promedio y soy muy lento caminando.,1,1,0
"uso gafas para leer, por otro lado tengo hiperacusia. tengo problemas al caminar.",1,2,0
veo todo muy borrosotambienescucho las conversaciones sin problema aunque demasiado veloz.,0,1,2
"los brillos me hacen daño en los ojos ademas tengo hipersensibilidad al ruido, no puedo estar sentado mucho tiempo.",2,2,2
no soporto las luces brillantes pero oido muy finotambiensoy paralitico.,2,2,0
tengo audicion normal,1,1,1
"veo destellos constantemente y soy sordo, tengo necesidad constante de moverme.",2,0,2
veo destellos constantemente,2,1,1
camino bien,1,1,1
sin problemas de oido,1,1,1
tengo hipersensibilidad a la luz pero puedo caminar y correr.,2,1,1
"super vision, escucho perfectamente. tengo exceso de movimiento.",2,1,2
soy paralitico,1,1,0
oigo muy mal,1,0,1
veo bien ademas escucho perfectamente aunque no puedo estar sentado mucho tiempo.,1,1,2
"tengo fotofobia, por otro lado no escucho nada. no puedo mover las piernas.",2,0,0
"veo lo necesariotambienuso lenguaje de señas, voy en baston.",1,0,0
mi agudeza visual es promedio ademas tengo audicion normal - no me puedo mover.,1,1,0
soy hiperactivo,1,1,2
veo lo necesario aunque camino bien.,1,1,1
me duelen los ojos,0,1,1
sin problemas de vista,1,1,1
soy paralitico,1,1,0
veo destellos constantemente pero tengo problemas al caminar.,2,1,0
tengo fotofobia y tengo hiperacusia pero me muevo con normalidad.,2,2,1
tengo hiperacusia,1,2,1
"veo lo necesario, por otro lado no me puedo quedar quieto.",1,1,2
llevo lentillas y veo bien pero no puedo estar sentado mucho tiempo.,1,1,2
me duelen los ojos permanentementetambientengo sordera. tengo necesidad constante de moverme.,0,0,2
camino muy lento,1,1,0
tengo fotofobiatambienmi movilidad es normal.,2,1,1
oido muy fino,1,2,1
me molesta mucho la luz ademas soy hiperactivo.,2,1,2
"veo bien ademas sin problemas de oido, ando con muletas.",1,1,0
siento dolor en los ojos. tengo audicion nulao seatengo hipermovilidad.,0,0,2
no me puedo quedar quieto,1,1,2
"veo perfectamente, por otro lado soy muy lento caminando.",1,1,0
uso lenguaje de señas,1,0,1
tengo vision nula,0,1,1
me duelen los ojos. me muevo con normalidad.,0,1,1
"hiper vision, por otro lado los sonidos agudos me dan dolor de cabeza, no puedo caminar.",2,2,0
oido muy fino,1,2,1
tengo sensibilidad extrema a la luz ademas escucho las conversaciones sin problemao seame muevo con normalidad.,2,1,1
escucho las conversaciones sin problema,1,1,1
"tengo hipersensibilidad visual, sin problemas de movilidad.",2,1,1
tengo sensibilidad extrema a la luztambientengo hipersensibilidad auditiva ademas sin problemas de movilidad.,2,2,1
mis ojos estan inflamados y duelen - puedo caminar y correr.,0,1,1
tengo movilidad muy reducida,1,1,0
"veo bien pero me molestan mucho los ruidos, mi movilidad es normal.",1,2,1
"veo destellos constantemente, tengo hipersensibilidad al ruido ademas mi movilidad es normal.",2,2,1
"he perdido el ojo derecho, no puedo estar sentado mucho tiempo.",0,1,2
no tengo problemas oculares aunque no puedo mover las piernas.,1,1,0
tengo hipersensibilidad visual,2,1,1
tengo fotofobia aunque soy paraplejico.,2,1,0
"super vision, por otro lado uso lenguaje de señas - soy muy lento caminando.",2,0,0
"veo muy mal, por otro lado escucho los ruidos demasiado fuertes. ando con muletas.",0,2,0
estoy inmovilizado,1,1,0
no tengo problemas oculares,1,1,1
me muevo con normalidad,1,1,1
me duelen los ojos al mirar - puedo caminar y correr.,0,1,1
no soporto las luces brillantes - oigo bientambiensin problemas de movilidad.,2,1,1
perdi los ojos pero oigo lo normalo seapuedo caminar y correr.,0,1,1
tengo hipersensibilidad visual - tengo hipersensibilidad al ruido aunque estoy inmovilizado.,2,2,0
uso gafas para leer ademas escucho los ruidos demasiado fuerteso seapuedo caminar y correr.,1,2,1
veo perfectamentetambientengo inquietud motora extrema.,1,1,2
"no veo nadatambienescucho perfectamente, tengo inquietud motora extrema.",0,1,2
tengo hipersensibilidad al ruido,1,2,1
no veo nada - tengo tics motores.,0,1,2
no puedo estar sentado mucho tiempo,1,1,2
soy sordo,1,0,1
camino bien,1,1,1
mi movilidad es normal,1,1,1
veo lo necesario,1,1,1
"mis ojos estan inflamados y duelen - me molestan mucho los ruidos, por otro lado estoy inmovilizado.",0,2,0
no escucho nada,1,0,1
perdi la vista pero me cuesta mucho caminar.,0,1,0
tengo muy poca audicion,1,0,1
tengo sensibilidad extrema a la luz ademas escucho los ruidos demasiado fuertes. me muevo con normalidad.,2,2,1
tengo sensibilidad extrema a la luz pero oigo lo normalo seatengo tics motores.,2,1,2
me molesta mucho la luz y tengo hipersensibilidad al ruidotambienno puedo estar sentado mucho tiempo.,2,2,2
tengo exceso de movimiento,1,1,2
he perdido el ojo derecho - sin problemas de oidotambientengo dificultad para andar.,0,1,0
escucho perfectamente,1,1,1
tengo sensibilidad extrema a la luz. tengo audicion normal aunque camino muy lento.,2,1,0
siento dolor en los ojos - soy muy lento caminando.,0,1,0
tengo hipermovilidad,1,1,2
no tengo problemas oculareso seaescucho perfectamente y soy muy lento caminando.,1,1,0
"me duelen los ojos al mirar, no escucho en absolutotambientengo tics motores.",0,0,2
"tengo hipersensibilidad a la luz, oido demasiado fino ademas mi movilidad es normal.",2,2,1
"no veo nada, por otro lado camino muy lento.",0,1,0
he perdido el ojo derechoo seasin problemas de movilidad.,0,1,1
no veo casi nada y no oigo nada y camino muy lento.,0,0,0
me duele el ojo izquierdo pero tengo sordera profunda - no puedo estar sentado mucho tiempo.,0,0,2
"me duelen los ojos, por otro lado mi oido es normal - no puedo caminar.",0,1,0
la luz me deslumbra demasiado - oido demasiado fino pero camino perfectamente.,2,2,1
hiper vision - super oido y puedo andar sin problemas.,2,2,1
no tengo problemas oculares pero los ruidos fuertes me aturden ademas me muevo compulsivamente.,1,2,2
mi vista es normal pero estoy inmovilizado.,1,1,0
veo destellos constantemente - oigo lo normal. camino bien.,2,1,1
tengo vision normalo seaoido muy fino pero estoy inmovilizado.,1,2,0
tengo necesidad constante de moverme,1,1,2
veo bien - tengo hiperacusia y soy paraplejico.,1,2,0
no tengo problemas oculares y demasiado veloz.,1,1,2
no soporto las luces brillantes aunque soy paralitico.,2,1,0
tengo un oido demasiado sensible,1,2,1
estoy ciegoo sealos ruidos fuertes me aturden pero mi movilidad es normal.,0,2,1
"tengo ceguera total - super oido, por otro lado tengo inquietud motora extrema.",0,2,2
"tengo vision normal aunque oigo lo normal, me muevo con normalidad.",1,1,1
no soporto abrir los ojos del dolortambienescucho todo muy apagado y tengo dificultad para andar.,0,0,0
super vision - tengo un tapontambiensoy muy lento caminando.,2,0,0
mi agudeza visual es promedioo seaoigo muy mal pero camino bien.,1,0,1
mis ojos estan inflamados y duelen,0,1,1
tengo inquietud motora extrema,1,1,2
estoy ciego - no soporto el volumen alto y soy paraplejico.,0,2,0
"hiper vision. no oigo nada, sin problemas de movilidad.",2,0,1
"uso gafas para leer, uso lenguaje de señas pero camino perfectamente.",1,0,1
perdi la vista,0,1,1
ando con muletas,1,1,0
los ruidos fuertes me aturden,1,2,1
"mi vista es normaltambienoigo muy mal, por otro lado me cuesta mucho caminar.",1,0,0
"sin problemas de vistatambiensin problemas de oido, camino bien.",1,1,1
los brillos me hacen daño en los ojos ademas oido demasiado fino y camino perfectamente.,2,2,1
tengo hipersensibilidad visual ademas oido demasiado fino aunque mi movilidad es normal.,2,2,1
me duelen los ojos ademas escucho perfectamentetambienme muevo con normalidad.,0,1,1
los brillos me hacen daño en los ojostambiensuper oido ademas camino perfectamente.,2,2,1
uso baston para ciegos ademas escucho perfectamenteo seano me puedo quedar quieto.,0,1,2
no soporto las luces brillantes aunque sin problemas de oido pero no me puedo quedar quieto.,2,1,2
me duele el ojo izquierdo y me molestan mucho los ruidoso seatengo tics motores.,0,2,2
veo destellos constantemente,2,1,1
"me duele el ojo derecho, por otro lado no me puedo quedar quieto.",0,1,2
no oigo nada,1,0,1
veo bien,1,1,1
puedo caminar y correr,1,1,1
veo lo necesario. soy paraplejico.,1,1,0
veo lo necesario aunque sin problemas de movilidad.,1,1,1
me duele el ojo derecho ademas tengo sordera aunque tengo tics motores.,0,0,2
"he perdido el ojo izquierdo, por otro lado tengo audicion normal, por otro lado camino perfectamente.",0,1,1
veo lo necesariotambienvoy en baston.,1,1,0
no tengo problemas ocularestambienescucho todo muy apagadotambienpuedo andar sin problemas.,1,0,1
camino perfectamente,1,1,1
no soporto abrir los ojos del doloro seaoigo lo normal - no puedo estar sentado mucho tiempo.,0,1,2
veo todo muy borroso - tengo un oido demasiado sensible aunque sin problemas de movilidad.,0,2,1
no soporto las luces brillantes ademas ando en silla de ruedas.,2,1,0
tengo vision normal pero tengo hipermovilidad.,1,1,2
perdi la vista,0,1,1
no tengo problemas oculareso seano soporto el volumen alto aunque soy paralitico.,1,2,0
tengo vision normal,1,1,1
soy paralitico,1,1,0
tengo fotofobia. me muevo con normalidad.,2,1,1
"veo destellos constantemente ademas escucho los ruidos demasiado fuertes, me muevo con normalidad.",2,2,1
la luz me deslumbra demasiadotambientengo hiperacusia. soy paralitico.,2,2,0
"no tengo problemas oculares, tengo sordera ademas camino bien.",1,0,1
tengo ceguera total,0,1,1
"veo destellos constantemente ademas no escucho en absoluto, mi movilidad es normal.",2,0,1
no puedo caminar,1,1,0
"veo muy mal, estoy inmovilizado.",0,1,0
tengo sensibilidad extrema a la luz - no soporto el volumen altoo seasin problemas de movilidad.,2,2,1
"no veo casi nada ademas escucho perfectamente, por otro lado puedo caminar y correr.",0,1,1
"me duelen los ojos, me molestan mucho los ruidoso seacamino bien.",0,2,1
me molesta mucho la luz - me muevo con normalidad.,2,1,1
tengo muy poca audicion,1,0,1
estoy ciego aunque no escucho nada aunque me cuesta mucho caminar.,0,0,0
no tengo problemas oculares pero no me puedo quedar quieto.,1,1,2
tengo hipersensibilidad a la luz. no escucho en absolutoo seatengo hiperactividad.,2,0,2
"hiper vision, por otro lado oigo bientambienno puedo mover las piernas.",2,1,0
me duele el ojo izquierdo y estoy inmovilizado.,0,1,0
me molesta mucho la luz ademas camino bien.,2,1,1
no puedo estar sentado mucho tiempo,1,1,2
he perdido el ojo derecho,0,1,1
llevo lentillas y veo bien. no escucho nada - ando con muletas.,1,0,0
sin problemas de vista. soy hiperactivo.,1,1,2
"tengo vision normal, super oido pero puedo caminar y correr.",1,2,1
"perdi los ojoso seatengo hiperacusia, por otro lado me muevo con normalidad.",0,2,1
me molesta mucho la luz,2,1,1
ando con muletas,1,1,0
ando con muletas,1,1,0
"he perdido el ojo derechoo seaoigo lo normal, camino muy lento.",0,1,0
llevo lentillas y veo bien aunque mi oido es normal - demasiado veloz.,1,1,2
tengo sordera,1,0,1
veo lo necesario - oido demasiado finoo seano puedo mover las piernas.,1,2,0
me duelen los ojos al mirar pero escucho todo muy apagado pero camino perfectamente.,0,0,1
veo bien pero escucho todo muy apagado. tengo hiperactividad.,1,0,2
no veo casi nada - puedo andar sin problemas.,0,1,1
veo bien,1,1,1
tengo hiperacusia,1,2,1
mi agudeza visual es promediotambientengo muy poca audicion y puedo caminar y correr.,1,0,1
"no soporto las luces brillantes. super oido, tengo necesidad constante de moverme.",2,2,2
"he perdido el ojo izquierdo y tengo sordera profunda, por otro lado no puedo estar sentado mucho tiempo.",0,0,2
tengo hipersensibilidad visual y me muevo compulsivamente.,2,1,2
no me puedo quedar quieto,1,1,2
veo perfectamente ademas tengo sordera profunda. no puedo estar sentado mucho tiempo.,1,0,2
llevo lentillas y veo bien,1,1,1
veo perfectamente,1,1,1
mi agudeza visual es promedio - ando en silla de ruedas.,1,1,0
"uso gafas para leer, no puedo estar sentado mucho tiempo.",1,1,2
me duelen los ojos al miraro seaescucho los ruidos demasiado fuertes. camino bien.,0,2,1
perdi los ojos,0,1,1
tengo vision normal y mi oido es normaltambiensoy hiperactivo.,1,1,2
tengo necesidad constante de moverme,1,1,2
tengo fotofobiatambiensoy hiperactivo.,2,1,2
tengo vision normal pero no me puedo quedar quieto.,1,1,2
tengo sensibilidad extrema a la luz pero tengo hipermovilidad.,2,1,2
no veo en absoluto,0,1,1
los brillos me hacen daño en los ojostambientengo hiperacusia - soy hiperactivo.,2,2,2
tengo sensibilidad extrema a la luz ademas puedo caminar y correr.,2,1,1
"no veo casi nada, por otro lado tengo inquietud motora extrema.",0,1,2
tengo exceso de movimiento,1,1,2
ando en silla de ruedas,1,1,0
tengo sensibilidad extrema a la luzo sealos sonidos agudos me dan dolor de cabeza pero me muevo con normalidad.,2,2,1
me molesta mucho la luz - escucho los ruidos demasiado fuertes. tengo tics motores.,2,2,2
mis ojos estan inflamados y duelen y me muevo con normalidad.,0,1,1
tengo dolor ocular,0,1,1
escucho los ruidos demasiado fuertes,1,2,1
soy muy lento caminando,1,1,0
tengo sensibilidad extrema a la luz. oido demasiado fino pero tengo inquietud motora extrema.,2,2,2
los brillos me hacen daño en los ojoso seatengo audicion normal y tengo hiperactividad.,2,1,2
tengo audicion normal,1,1,1
tengo sensibilidad extrema a la luz - tengo sordera pero tengo problemas al caminar.,2,0,0
veo bien. tengo exceso de movimiento.,1,1,2
veo bien aunque mi oido es normalo seano me puedo mover.,1,1,0
me muevo compulsivamente,1,1,2
siento dolor en los ojos,0,1,1
perdi la vista,0,1,1
"me duelen los ojos permanentemente, puedo andar sin problemas.",0,1,1
me molesta mucho la luz ademas oigo lo normal pero tengo movilidad muy reducida.,2,1,0
tengo muy poca audicion,1,0,1
mi vista es normal,1,1,1
veo perfectamente,1,1,1
demasiado veloz,1,1,2
ceguera absoluta,0,1,1
me molesta mucho la luz ademas tengo un tapon aunque soy hiperactivo.,2,0,2
me duelen los ojos al miraro seacamino bien.,0,1,1
los ruidos fuertes me aturden,1,2,1
estoy inmovilizado,1,1,0
no soporto las luces brillantestambienuso lenguaje de señas ademas no me puedo quedar quieto.,2,0,2
estoy inmovilizado,1,1,0
me duele el ojo izquierdo. tengo sordera aunque no me puedo mover.,0,0,0
tengo fotofobia,2,1,1
me duele el ojo izquierdo y no me puedo quedar quieto.,0,1,2
sin problemas de vistao seapuedo andar sin problemas.,1,1,1
tengo ceguera total pero tengo un tapon. no puedo mover las piernas.,0,0,0
tengo vision normal ademas puedo caminar y correr.,1,1,1
sin problemas de vista,1,1,1
tengo hipersensibilidad visual ademas tengo hipermovilidad.,2,1,2
camino muy lento,1,1,0
"super vision, puedo caminar y correr.",2,1,1
tengo fotofobia. oigo muy malo seaestoy inmovilizado.,2,0,0
"tengo ceguera totalo seasin problemas de oido, tengo hiperactividad.",0,1,2
"tengo vision normal. los ruidos fuertes me aturden, por otro lado tengo hiperactividad.",1,2,2
tengo audicion nula,1,0,1
hiper vision. tengo audicion nula ademas no me puedo quedar quieto.,2,0,2
no veo nada,0,1,1
sin problemas de vista,1,1,1
"tengo dolor oculartambienno oigo nada, mi movilidad es normal.",0,0,1
"los brillos me hacen daño en los ojos, no oigo nada y no puedo estar sentado mucho tiempo.",2,0,2
no soporto las luces brillantes ademas tengo hiperactividad.,2,1,2
"no soporto abrir los ojos del dolortambienescucho las conversaciones sin problema, por otro lado tengo inquietud motora extrema.",0,1,2
perdi la vista pero soy sordoo seame muevo con normalidad.,0,0,1
voy en baston,1,1,0
no veo casi nada pero me cuesta mucho caminar.,0,1,0
"sin problemas de vista aunque escucho los ruidos demasiado fuertes, por otro lado puedo andar sin problemas.",1,2,1
tengo muy poca vision aunque no escucho nadao seademasiado veloz.,0,0,2
"llevo lentillas y veo bien, tengo audicion nula - no me puedo mover.",1,0,0
tengo problemas en la vista aunque oido demasiado finoo seasin problemas de movilidad.,0,2,1
me duelen los ojos al mirar pero mi movilidad es normal.,0,1,1
"he perdido el ojo derecho, por otro lado puedo caminar y correr.",0,1,1
no me puedo mover,1,1,0
tengo dolor ocular y no escucho nada ademas mi movilidad es normal.,0,0,1
"veo lo necesario. oigo bien, por otro lado tengo exceso de movimiento.",1,1,2
veo lo necesario ademas puedo caminar y correr.,1,1,1
veo destellos constantemente ademas escucho todo muy apagado ademas tengo dificultad para andar.,2,0,0
camino bien,1,1,1
puedo andar sin problemas,1,1,1
los brillos me hacen daño en los ojos y mi oido es normal pero mi movilidad es normal.,2,1,1
la luz me deslumbra demasiadoo seatengo audicion normal - tengo necesidad constante de moverme.,2,1,2
tengo un tapon,1,0,1
perdi la vista y tengo hipermovilidad.,0,1,2
veo lo necesario y mi oido es normal pero no me puedo mover.,1,1,0
los brillos me hacen daño en los ojos. no puedo estar sentado mucho tiempo.,2,1,2
no puedo estar sentado mucho tiempo,1,1,2
uso baston para ciegos ademas demasiado veloz.,0,1,2
tengo fotofobia aunque mi movilidad es normal.,2,1,1
llevo lentillas y veo bieno seaescucho perfectamente ademas camino bien.,1,1,1
tengo fotofobia,2,1,1
tengo hipersensibilidad visual. no soporto el volumen alto y no puedo caminar.,2,2,0
mi oido es normal,1,1,1
"tengo muy poca vision - tengo hipersensibilidad al ruido, por otro lado me muevo compulsivamente.",0,2,2
puedo andar sin problemas,1,1,1
tengo sensibilidad extrema a la luz aunque ando con muletas.,2,1,0
tengo problemas en la vista aunque los sonidos agudos me dan dolor de cabeza pero mi movilidad es normal.,0,2,1
la luz me deslumbra demasiado y oido demasiado fino pero sin problemas de movilidad.,2,2,1
no veo en absoluto,0,1,1
camino bien,1,1,1
"llevo lentillas y veo bien, por otro lado mi oido es normalo seasin problemas de movilidad.",1,1,1
siento dolor en los ojos,0,1,1
"tengo problemas en la vista, soy paralitico.",0,1,0
soy sordo,1,0,1
tengo muy poca vision. tengo sordera profundatambiendemasiado veloz.,0,0,2
super vision ademas me molestan mucho los ruidos - voy en baston.,2,2,0
llevo lentillas y veo bien pero no oigo nada y tengo hipermovilidad.,1,0,2
"he perdido el ojo derecho pero tengo un tapon, por otro lado tengo exceso de movimiento.",0,0,2
puedo caminar y correr,1,1,1
tengo exceso de movimiento,1,1,2
sin problemas de movilidad,1,1,1
no soporto abrir los ojos del dolortambienlos sonidos agudos me dan dolor de cabeza aunque mi movilidad es normal.,0,2,1
mi oido es normal,1,1,1
me duele el ojo derecho,0,1,1
veo lo necesarioo seano escucho nada ademas no puedo estar sentado mucho tiempo.,1,0,2
"tengo vision normal aunque uso lenguaje de señas, tengo tics motores.",1,0,2
tengo hipersensibilidad visual,2,1,1
mi vista es normal ademas escucho todo muy apagado y tengo exceso de movimiento.,1,0,2
me duelen los ojos permanentemente. tengo hipersensibilidad al ruidoo seasoy muy lento caminando.,0,2,0
veo perfectamentetambientengo un tapon - tengo tics motores.,1,0,2
me molesta mucho la luz - sin problemas de oido - me muevo con normalidad.,2,1,1
tengo fotofobiao seaoigo muy mal. tengo inquietud motora extrema.,2,0,2
los brillos me hacen daño en los ojos ademas puedo caminar y correr.,2,1,1
tengo un tapon,1,0,1
no tengo problemas oculares - los ruidos fuertes me aturden - ando en silla de ruedas.,1,2,0
puedo caminar y correr,1,1,1
"tengo muy poca vision, uso lenguaje de señas - no puedo estar sentado mucho tiempo.",0,0,2
veo muy mal,0,1,1
ando con muletas,1,1,0
no escucho nada,1,0,1
tengo vision nula aunque escucho todo muy apagado aunque tengo movilidad muy reducida.,0,0,0
"veo destellos constantemente. oigo lo normal, por otro lado soy hiperactivo.",2,1,2
hiper vision ademas me molestan mucho los ruidoso seasoy paraplejico.,2,2,0
"he perdido el ojo derecho, oigo lo normal. tengo tics motores.",0,1,2
veo perfectamente ademas oigo muy malo seame cuesta mucho caminar.,1,0,0
no veo nadatambienmi movilidad es normal.,0,1,1
tengo hiperactividad,1,1,2
llevo lentillas y veo bien,1,1,1
soy muy lento caminando,1,1,0
tengo muy poca vision - no escucho en absoluto y camino muy lento.,0,0,0
sin problemas de movilidad,1,1,1
tengo fotofobia y tengo hiperacusiao seasin problemas de movilidad.,2,2,1
tengo hipersensibilidad a la luz,2,1,1
"la luz me deslumbra demasiado, por otro lado tengo hipermovilidad.",2,1,2
veo bien,1,1,1
he perdido el ojo derechoo seatengo tics motores.,0,1,2
tengo fotofobia,2,1,1
tengo muy poca vision y camino muy lento.,0,1,0
"veo bien, por otro lado tengo tics motores.",1,1,2
"veo bien, tengo sorderatambienvoy en baston.",1,0,0
veo muy mal. tengo hipersensibilidad al ruido. tengo hiperactividad.,0,2,2
"tengo hipersensibilidad a la luz ademas tengo un oido demasiado sensible, por otro lado tengo hipermovilidad.",2,2,2
uso gafas para leer pero camino bien.,1,1,1
la luz me deslumbra demasiado pero soy sordo y soy paraplejico.,2,0,0
tengo dolor constante en los ojos ademas puedo andar sin problemas.,0,1,1
escucho perfectamente,1,1,1
sin problemas de movilidad,1,1,1
mi vista es normal,1,1,1
"hiper vision, por otro lado me muevo con normalidad.",2,1,1
tengo hipersensibilidad a la luzo seacamino perfectamente.,2,1,1
mi agudeza visual es promedio,1,1,1
veo destellos constantemente y oigo lo normal - camino bien.,2,1,1
me duelen los ojos permanentemente pero escucho las conversaciones sin problemao seavoy en baston.,0,1,0
"tengo hipersensibilidad a la luz, escucho perfectamente pero ando con muletas.",2,1,0
"veo perfectamente, tengo muy poca audicion, por otro lado no puedo estar sentado mucho tiempo.",1,0,2
veo destellos constantemente. puedo caminar y correr.,2,1,1
llevo lentillas y veo bien y los sonidos agudos me dan dolor de cabezatambienme muevo con normalidad.,1,2,1
veo perfectamente,1,1,1
"uso gafas para leero seatengo un tapon, sin problemas de movilidad.",1,0,1
"uso gafas para leer, tengo necesidad constante de moverme.",1,1,2
me molesta mucho la luz aunque oido demasiado fino - tengo hiperactividad.,2,2,2
tengo sensibilidad extrema a la luztambienoigo bien - tengo inquietud motora extrema.,2,1,2
escucho todo muy apagado,1,0,1
"veo destellos constantementetambienoigo muy mal, no puedo mover las piernas.",2,0,0
mi vista es normal ademas super oido. no me puedo quedar quieto.,1,2,2
soy paralitico,1,1,0
tengo dolor constante en los ojos pero no soporto el volumen altoo seasin problemas de movilidad.,0,2,1
"mi vista es normal, tengo un tapon aunque camino perfectamente.",1,0,1
super oido,1,2,1
"me duelen los ojos al mirar, por otro lado tengo hipermovilidad.",0,1,2
hiper visiontambienmi oido es normaltambiensoy paralitico.,2,1,0
"mi vista es normal y tengo un tapon, no puedo caminar.",1,0,0
me muevo con normalidad,1,1,1
perdi los ojos. oigo lo normal ademas soy muy lento caminando.,0,1,0
me muevo con normalidad,1,1,1
no tengo problemas oculares aunque puedo andar sin problemas.,1,1,1
he perdido el ojo derecho - me molestan mucho los ruidos ademas me cuesta mucho caminar.,0,2,0
"no tengo problemas oculares, sin problemas de oidoo seatengo dificultad para andar.",1,1,0
"veo lo necesario, tengo audicion normal, por otro lado no me puedo quedar quieto.",1,1,2
"mi vista es normal, no escucho en absoluto. tengo tics motores.",1,0,2
tengo dolor ocular aunque los sonidos agudos me dan dolor de cabeza. voy en baston.,0,2,0
soy hiperactivo,1,1,2
siento dolor en los ojos pero super oido ademas tengo hiperactividad.,0,2,2
tengo hipersensibilidad a la luz y tengo audicion normal ademas camino perfectamente.,2,1,1
veo lo necesariotambienno puedo caminar.,1,1,0
me duelen los ojos permanentemente y escucho las conversaciones sin problema ademas mi movilidad es normal.,0,1,1
"uso gafas para leer - tengo audicion normal, tengo hiperactividad.",1,1,2
no veo nada - estoy inmovilizado.,0,1,0
me duele el ojo izquierdoo seame muevo compulsivamente.,0,1,2
me duele el ojo derecho. demasiado veloz.,0,1,2
la luz me deslumbra demasiadoo seaescucho las conversaciones sin problematambienme muevo compulsivamente.,2,1,2
tengo hipersensibilidad a la luz. tengo un oido demasiado sensible y camino perfectamente.,2,2,1
me muevo con normalidad,1,1,1
no veo nada - no soporto el volumen altoo seacamino bien.,0,2,1
veo bien aunque me cuesta mucho caminar.,1,1,0
mi vista es normal aunque no escucho nadatambiendemasiado veloz.,1,0,2
ando con muletas,1,1,0
tengo vision normal. sin problemas de movilidad.,1,1,1
no tengo problemas oculares aunque tengo muy poca audicion pero camino perfectamente.,1,0,1
mi agudeza visual es promediotambienlos sonidos agudos me dan dolor de cabeza pero mi movilidad es normal.,1,2,1
"veo lo necesario, por otro lado tengo un tapon ademas camino perfectamente.",1,0,1
tengo hipermovilidad,1,1,2
la luz me deslumbra demasiado y tengo un oido demasiado sensible ademas tengo dificultad para andar.,2,2,0
veo destellos constantemente. mi oido es normal y puedo caminar y correr.,2,1,1
"tengo dolor constante en los ojos, oigo lo normal ademas camino bien.",0,1,1
tengo audicion normal,1,1,1
sin problemas de vistatambienpuedo caminar y correr.,1,1,1
mi agudeza visual es promedio pero oigo muy maltambientengo tics motores.,1,0,2
veo bien pero tengo sordera profunda - tengo hipermovilidad.,1,0,2
veo perfectamente,1,1,1
"la luz me deslumbra demasiado pero tengo audicion nula, por otro lado mi movilidad es normal.",2,0,1
me duele el ojo derecho ademas los ruidos fuertes me aturden pero soy muy lento caminando.,0,2,0
tengo fotofobiao seatengo inquietud motora extrema.,2,1,2
camino perfectamente,1,1,1
tengo muy poca visiono seaescucho perfectamente aunque soy hiperactivo.,0,1,2
tengo sensibilidad extrema a la luz aunque sin problemas de oidoo seano me puedo quedar quieto.,2,1,2
me duelen los ojos al mirar,0,1,1
"tengo vision normal aunque oigo bien, por otro lado tengo inquietud motora extrema.",1,1,2
hiper visiono seatengo hiperacusia - tengo hipermovilidad.,2,2,2
demasiado veloz,1,1,2
veo destellos constantemente y soy paralitico.,2,1,0
super vision. tengo hipersensibilidad auditiva aunque puedo andar sin problemas.,2,2,1
veo lo necesario y oido muy fino pero tengo hipermovilidad.,1,2,2
"veo lo necesariotambienno escucho en absoluto, por otro lado camino perfectamente.",1,0,1
tengo fotofobia,2,1,1
mi movilidad es normal,1,1,1
no veo nada aunque oigo muy maltambienno puedo mover las piernas.,0,0,0
oigo bien,1,1,1
veo lo necesarioo seauso lenguaje de señas y soy paralitico.,1,0,0
me duelen los ojos permanentemente y tengo exceso de movimiento.,0,1,2
tengo hipersensibilidad a la luz aunque no me puedo quedar quieto.,2,1,2
no veo en absoluto - puedo andar sin problemas.,0,1,1
tengo hipersensibilidad visual,2,1,1
escucho todo muy apagado,1,0,1
mi agudeza visual es promedio - ando en silla de ruedas.,1,1,0
super vision. camino muy lento.,2,1,0
"me duelen los ojos permanentemente, oido demasiado finotambientengo tics motores.",0,2,2
soy hiperactivo,1,1,2
tengo hipersensibilidad a la luz y mi oido es normal pero me muevo con normalidad.,2,1,1
"veo bien, por otro lado mi movilidad es normal.",1,1,1
veo destellos constantemente,2,1,1
veo lo necesariotambienno puedo estar sentado mucho tiempo.,1,1,2
veo bien,1,1,1
escucho perfectamente,1,1,1
puedo andar sin problemas,1,1,1
tengo sensibilidad extrema a la luz aunque tengo problemas al caminar.,2,1,0
tengo problemas en la vista ademas tengo dificultad para andar.,0,1,0
mi agudeza visual es promediotambientengo hipermovilidad.,1,1,2
super oido,1,2,1
me duelen los ojos,0,1,1
veo perfectamentetambientengo sordera profunda - camino muy lento.,1,0,0
me duelen los ojoso seatengo un tapon y no puedo estar sentado mucho tiempo.,0,0,2
llevo lentillas y veo bieno seatengo inquietud motora extrema.,1,1,2
no tengo problemas ocularestambientengo problemas al caminar.,1,1,0
llevo lentillas y veo bien - tengo necesidad constante de moverme.,1,1,2
no soporto las luces brillantes pero sin problemas de movilidad.,2,1,1
no veo en absoluto,0,1,1
me muevo con normalidad,1,1,1
los brillos me hacen daño en los ojos ademas tengo sordera profunda y tengo hiperactividad.,2,0,2
tengo vision normal pero escucho las conversaciones sin problema - puedo andar sin problemas.,1,1,1
no tengo problemas oculares aunque tengo problemas al caminar.,1,1,0
"tengo dolor ocular, oido demasiado finotambienno me puedo mover.",0,2,0
puedo andar sin problemas,1,1,1
veo bien y tengo necesidad constante de moverme.,1,1,2
"soy ciego, mi oido es normalo seano puedo estar sentado mucho tiempo.",0,1,2
veo bien y mi oido es normal y no puedo estar sentado mucho tiempo.,1,1,2
camino perfectamente,1,1,1
"veo lo necesario. no escucho nada, por otro lado demasiado veloz.",1,0,2
"me duele el ojo derecho, puedo andar sin problemas.",0,1,1
"me duelen los ojos permanentemente, tengo exceso de movimiento.",0,1,2
"tengo fotofobia, mi movilidad es normal.",2,1,1
no me puedo quedar quieto,1,1,2
no veo casi nada ademas escucho todo muy apagadoo seasoy hiperactivo.,0,0,2
sin problemas de vista y oido demasiado fino ademas mi movilidad es normal.,1,2,1
no puedo caminar,1,1,0
los ruidos fuertes me aturden,1,2,1
veo bien pero sin problemas de oidoo seano puedo estar sentado mucho tiempo.,1,1,2
"uso gafas para leer, por otro lado tengo sordera profunda ademas voy en baston.",1,0,0
"no soporto las luces brillantes aunque oigo bien, por otro lado tengo hipermovilidad.",2,1,2
uso gafas para leer. no oigo nada y sin problemas de movilidad.,1,0,1
no soporto abrir los ojos del doloro seatengo tics motores.,0,1,2
soy ciego,0,1,1
escucho perfectamente,1,1,1
"veo bien, los ruidos fuertes me aturden, me muevo con normalidad.",1,2,1
me molesta mucho la luz pero puedo caminar y correr.,2,1,1
mi vista es normal y no puedo mover las piernas.,1,1,0
he perdido el ojo derecho ademas escucho todo muy apagado - camino bien.,0,0,1
super vision,2,1,1
tengo problemas en la vista pero demasiado veloz.,0,1,2
me duelen los ojos permanentemente,0,1,1
me duele el ojo izquierdo ademas oigo bien pero sin problemas de movilidad.,0,1,1
no puedo estar sentado mucho tiempo,1,1,2
"no tengo problemas oculareso seano escucho en absoluto, por otro lado camino muy lento.",1,0,0
tengo fotofobia y camino bien.,2,1,1
tengo vision normal aunque tengo sordera pero soy paralitico.,1,0,0
tengo dolor constante en los ojos aunque tengo muy poca audicion pero camino perfectamente.,0,0,1
"mi agudeza visual es promedioo seatengo sordera profunda, soy paraplejico.",1,0,0
tengo hipersensibilidad visualtambienno soporto el volumen alto y demasiado veloz.,2,2,2
perdi los ojos y soy sordo. tengo problemas al caminar.,0,0,0
mis ojos estan inflamados y duelen - tengo hiperacusia aunque puedo caminar y correr.,0,2,1
llevo lentillas y veo bien. tengo audicion nula - soy hiperactivo.,1,0,2
mis ojos estan inflamados y duelen pero puedo andar sin problemas.,0,1,1
llevo lentillas y veo bientambienno me puedo quedar quieto.,1,1,2
veo bien aunque oigo muy mal ademas no puedo mover las piernas.,1,0,0
"tengo fotofobia aunque tengo sordera, soy hiperactivo.",2,0,2
veo perfectamente aunque soy sordo. tengo inquietud motora extrema.,1,0,2
"veo bien, por otro lado oigo bien. camino perfectamente.",1,1,1
escucho las conversaciones sin problema,1,1,1
me duelen los ojos al miraro seaescucho los ruidos demasiado fuertes aunque estoy inmovilizado.,0,2,0
"uso baston para ciegos y tengo un oido demasiado sensible, puedo andar sin problemas.",0,2,1
uso gafas para leer ademas demasiado veloz.,1,1,2
veo lo necesario y oigo lo normal. me muevo con normalidad.,1,1,1
tengo fotofobia - oigo bien ademas puedo caminar y correr.,2,1,1
"veo bien, sin problemas de oido. soy paraplejico.",1,1,0
soy sordo,1,0,1
oigo muy mal,1,0,1
no veo nadao seaescucho las conversaciones sin problemao seatengo exceso de movimiento.,0,1,2
ando con muletas,1,1,0
tengo vision nulatambienpuedo andar sin problemas.,0,1,1
"me duele el ojo derechotambienmi oido es normal, por otro lado soy hiperactivo.",0,1,2
soy paralitico,1,1,0
camino perfectamente,1,1,1
me duelen los ojos al mirar aunque super oido. me muevo con normalidad.,0,2,1
tengo hipersensibilidad a la luz pero tengo hipersensibilidad auditiva y tengo necesidad constante de moverme.,2,2,2
mi vista es normal y ando en silla de ruedas.,1,1,0
sin problemas de vista y escucho los ruidos demasiado fuerteso seatengo exceso de movimiento.,1,2,2
"sin problemas de vista, tengo audicion normal pero camino perfectamente.",1,1,1
escucho perfectamente,1,1,1
no soporto las luces brillantes y no oigo nada. demasiado veloz.,2,0,2
hiper visiono seano puedo caminar.,2,1,0
no soporto las luces brillantestambienno oigo nadatambienmi movilidad es normal.,2,0,1
"tengo hipersensibilidad a la luz, escucho perfectamente, demasiado veloz.",2,1,2
"no tengo problemas oculares - oigo bien, por otro lado tengo exceso de movimiento.",1,1,2
tengo hiperacusia,1,2,1
veo lo necesario pero tengo necesidad constante de moverme.,1,1,2
tengo hipermovilidad,1,1,2
tengo vision nula ademas tengo hipersensibilidad auditiva y tengo hiperactividad.,0,2,2
"ceguera absoluta, por otro lado tengo tics motores.",0,1,2
tengo hipersensibilidad visual,2,1,1
me duelen los ojos al mirar. uso lenguaje de señas ademas no me puedo quedar quieto.,0,0,2
los ruidos fuertes me aturden,1,2,1
estoy ciego aunque me cuesta mucho caminar.,0,1,0
tengo hipersensibilidad visual pero oido demasiado finotambiencamino perfectamente.,2,2,1
"la luz me deslumbra demasiado, tengo sordera profunda - puedo andar sin problemas.",2,0,1
tengo vision normal aunque mi movilidad es normal.,1,1,1
la luz me deslumbra demasiado aunque sin problemas de oido - puedo andar sin problemas.,2,1,1
tengo ceguera totaltambiensoy hiperactivo.,0,1,2
he perdido el ojo izquierdoo seaoigo bien ademas camino perfectamente.,0,1,1
veo perfectamente - no oigo nada pero tengo tics motores.,1,0,2
"tengo ceguera total ademas mi oido es normal, me cuesta mucho caminar.",0,1,0
tengo hipersensibilidad visual ademas tengo un tapon - tengo necesidad constante de moverme.,2,0,2
tengo hipersensibilidad visual. me molestan mucho los ruidoso seasin problemas de movilidad.,2,2,1
veo bien - soy paraplejico.,1,1,0
sin problemas de vistao seami oido es normalo seasoy hiperactivo.,1,1,2
me molesta mucho la luz. mi movilidad es normal.,2,1,1
tengo hipersensibilidad a la luz,2,1,1
veo destellos constantemente pero voy en baston.,2,1,0
he perdido el ojo derecho. super oido - ando en silla de ruedas.,0,2,0
me duele el ojo izquierdo,0,1,1
me molesta mucho la luz pero escucho perfectamente pero tengo hipermovilidad.,2,1,2
oigo lo normal,1,1,1
siento dolor en los ojostambiencamino muy lento.,0,1,0
"siento dolor en los ojos aunque oido muy fino, camino bien.",0,2,1
mi movilidad es normal,1,1,1
tengo fotofobia - tengo inquietud motora extrema.,2,1,2
no soporto las luces brillantes,2,1,1
"me duelen los ojos al mirar aunque sin problemas de oido, por otro lado no me puedo mover.",0,1,0
mi vista es normal - camino muy lento.,1,1,0
no tengo problemas oculares ademas no soporto el volumen alto. tengo hipermovilidad.,1,2,2
tengo hipersensibilidad a la luz aunque soy paraplejico.,2,1,0
soy sordo,1,0,1
"llevo lentillas y veo bien, los sonidos agudos me dan dolor de cabeza y camino bien.",1,2,1
camino bien,1,1,1
uso baston para ciegos ademas me muevo con normalidad.,0,1,1
oigo bien,1,1,1
uso gafas para leertambienoigo lo normalo seatengo dificultad para andar.,1,1,0
"veo destellos constantemente, me molestan mucho los ruidos, por otro lado tengo necesidad constante de moverme.",2,2,2
me muevo con normalidad,1,1,1
"me molesta mucho la luz, me molestan mucho los ruidos, tengo exceso de movimiento.",2,2,2
escucho perfectamente,1,1,1
la luz me deslumbra demasiado. oigo muy mal. no me puedo quedar quieto.,2,0,2
tengo vision normal pero tengo hipermovilidad.,1,1,2
"perdi la vistao seatengo un oido demasiado sensible, por otro lado mi movilidad es normal.",0,2,1
tengo sordera,1,0,1
tengo movilidad muy reducida,1,1,0
no tengo problemas oculares - tengo sordera profunda - no me puedo mover.,1,0,0
mi agudeza visual es promedio ademas tengo tics motores.,1,1,2
me duelen los ojos al mirar,0,1,1
tengo problemas en la vista,0,1,1
"tengo fotofobia, por otro lado escucho perfectamente - mi movilidad es normal.",2,1,1
no puedo estar sentado mucho tiempo,1,1,2
hiper vision ademas tengo problemas al caminar.,2,1,0
"me duelen los ojos al mirar, por otro lado tengo muy poca audiciontambiensoy muy lento caminando.",0,0,0
tengo dolor constante en los ojos pero sin problemas de oido. tengo dificultad para andar.,0,1,0
tengo vision normal ademas me muevo compulsivamente.,1,1,2
me muevo con normalidad,1,1,1
veo destellos constantemente - no soporto el volumen alto y estoy inmovilizado.,2,2,0
tengo tics motores,1,1,2
demasiado veloz,1,1,2
tengo muy poca vision - puedo caminar y correr.,0,1,1
me cuesta mucho caminar,1,1,0
mis ojos estan inflamados y duelen ademas tengo necesidad constante de moverme.,0,1,2
"uso gafas para leer ademas tengo sordera profunda, soy hiperactivo.",1,0,2
"mi vista es normal, por otro lado tengo muy poca audiciono seatengo exceso de movimiento.",1,0,2
tengo sordera,1,0,1
veo lo necesario. no escucho en absoluto aunque soy paraplejico.,1,0,0
llevo lentillas y veo bien y no oigo nadatambienmi movilidad es normal.,1,0,1
veo bien y me molestan mucho los ruidos y camino perfectamente.,1,2,1
mi agudeza visual es promedio aunque sin problemas de oido. camino perfectamente.,1,1,1
tengo hipersensibilidad a la luz,2,1,1
veo lo necesario pero mi oido es normalo seatengo inquietud motora extrema.,1,1,2
demasiado veloz,1,1,2
"tengo problemas en la vista, tengo hipersensibilidad al ruido ademas me muevo con normalidad.",0,2,1
"tengo hipersensibilidad a la luz, no escucho en absoluto pero ando con muletas.",2,0,0
no veo casi nada - soy sordo pero me muevo compulsivamente.,0,0,2
no veo nada pero ando con muletas.,0,1,0
veo bien y soy paralitico.,1,1,0
tengo problemas en la vistatambiensin problemas de movilidad.,0,1,1
tengo fotofobiao sealos ruidos fuertes me aturden pero tengo inquietud motora extrema.,2,2,2
"los brillos me hacen daño en los ojos, soy hiperactivo.",2,1,2
ceguera absoluta y no puedo estar sentado mucho tiempo.,0,1,2
veo lo necesarioo seami movilidad es normal.,1,1,1
veo lo necesario ademas escucho perfectamenteo seacamino perfectamente.,1,1,1
ceguera absoluta,0,1,1
soy sordo,1,0,1
"mi vista es normal, por otro lado soy sordo y puedo andar sin problemas.",1,0,1
"mis ojos estan inflamados y duelen y no soporto el volumen alto, tengo dificultad para andar.",0,2,0
"tengo hipersensibilidad a la luztambienescucho todo muy apagado, demasiado veloz.",2,0,2
estoy ciego - oigo lo normal pero sin problemas de movilidad.,0,1,1
los brillos me hacen daño en los ojos,2,1,1
veo perfectamente,1,1,1
"me duelen los ojos permanentemente, por otro lado tengo problemas al caminar.",0,1,0
tengo hipersensibilidad a la luztambienme cuesta mucho caminar.,2,1,0
"veo todo muy borrosotambienoigo lo normal, por otro lado me muevo compulsivamente.",0,1,2
perdi los ojos pero tengo hipersensibilidad al ruido pero puedo andar sin problemas.,0,2,1
"tengo dolor constante en los ojos, tengo tics motores.",0,1,2
tengo vision normal ademas super oido y ando en silla de ruedas.,1,2,0
tengo fotofobiatambienpuedo caminar y correr.,2,1,1
veo destellos constantemente - tengo hipersensibilidad auditiva pero no puedo estar sentado mucho tiempo.,2,2,2
la luz me deslumbra demasiado - me molestan mucho los ruidos. no puedo mover las piernas.,2,2,0
soy hiperactivo,1,1,2
oigo lo normal,1,1,1
veo perfectamente y soy paraplejico.,1,1,0
sin problemas de vista - voy en baston.,1,1,0
tengo vision normalo seano puedo estar sentado mucho tiempo.,1,1,2
"los brillos me hacen daño en los ojos, oigo lo normal ademas ando en silla de ruedas.",2,1,0
tengo fotofobia ademas soy muy lento caminando.,2,1,0
veo bientambiensuper oido aunque tengo inquietud motora extrema.,1,2,2
he perdido el ojo derecho - oigo lo normal. sin problemas de movilidad.,0,1,1
tengo dolor constante en los ojos,0,1,1
no veo casi nadao seatengo inquietud motora extrema.,0,1,2
mi vista es normal - soy paraplejico.,1,1,0
escucho las conversaciones sin problema,1,1,1
"me duele el ojo izquierdo, no puedo caminar.",0,1,0
tengo un oido demasiado sensible,1,2,1
"tengo muy poca vision - tengo un oido demasiado sensible, mi movilidad es normal.",0,2,1
me molesta mucho la luz. no soporto el volumen alto pero tengo hipermovilidad.,2,2,2
tengo ceguera total pero tengo sordera profundatambienme cuesta mucho caminar.,0,0,0
siento dolor en los ojos aunque sin problemas de oido y camino muy lento.,0,1,0
llevo lentillas y veo bien ademas tengo hiperacusia. sin problemas de movilidad.,1,2,1
"ceguera absolutao seatengo hiperacusia, por otro lado tengo hiperactividad.",0,2,2
tengo sordera profunda,1,0,1
me molesta mucho la luz - no escucho en absoluto y me muevo con normalidad.,2,0,1
los brillos me hacen daño en los ojos,2,1,1
me molesta mucho la luz. tengo audicion normal ademas sin problemas de movilidad.,2,1,1
la luz me deslumbra demasiado - no puedo mover las piernas.,2,1,0
super vision - puedo andar sin problemas.,2,1,1
"veo perfectamente, no escucho nada y camino bien.",1,0,1
no tengo problemas oculares ademas me cuesta mucho caminar.,1,1,0
"veo muy mal. oido demasiado fino, tengo movilidad muy reducida.",0,2,0
sin problemas de movilidad,1,1,1
estoy ciego. me molestan mucho los ruidostambienmi movilidad es normal.,0,2,1
no puedo mover las piernas,1,1,0
veo destellos constantementeo seasoy sordo pero tengo hiperactividad.,2,0,2
veo lo necesario aunque tengo problemas al caminar.,1,1,0
"no veo en absolutotambienoigo bien, por otro lado soy paralitico.",0,1,0
tengo fotofobia - tengo un tapontambienno puedo estar sentado mucho tiempo.,2,0,2
perdi la vistao seatengo hipersensibilidad al ruidoo seasoy hiperactivo.,0,2,2
mi agudeza visual es promedioo seame muevo con normalidad.,1,1,1
"veo lo necesario, oigo lo normal, por otro lado no puedo estar sentado mucho tiempo.",1,1,2
veo destellos constantementeo seatengo un oido demasiado sensibleo seame cuesta mucho caminar.,2,2,0
"veo bientambienno escucho nada, no me puedo quedar quieto.",1,0,2
tengo sensibilidad extrema a la luz pero escucho perfectamente aunque soy paraplejico.,2,1,0
he perdido el ojo derecho. tengo un tapon pero estoy inmovilizado.,0,0,0
"la luz me deslumbra demasiado, me muevo con normalidad.",2,1,1
"uso baston para ciegoso seaescucho las conversaciones sin problema, por otro lado tengo tics motores.",0,1,2
he perdido el ojo derechotambientengo necesidad constante de moverme.,0,1,2
veo todo muy borroso,0,1,1
tengo muy poca visiontambientengo hipersensibilidad auditivatambienno me puedo quedar quieto.,0,2,2
tengo vision nula y tengo exceso de movimiento.,0,1,2
me duele el ojo izquierdo aunque no escucho en absoluto aunque camino perfectamente.,0,0,1
tengo sensibilidad extrema a la luz. escucho todo muy apagado ademas me muevo compulsivamente.,2,0,2
soy hiperactivo,1,1,2
tengo hipersensibilidad a la luz ademas tengo un tapon. puedo caminar y correr.,2,0,1
tengo hipersensibilidad visual ademas tengo dificultad para andar.,2,1,0
tengo hipersensibilidad a la luz ademas tengo muy poca audicion pero me cuesta mucho caminar.,2,0,0
he perdido el ojo izquierdo,0,1,1
tengo tics motores,1,1,2
super vision - no escucho en absoluto pero sin problemas de movilidad.,2,0,1
mi vista es normal pero escucho perfectamente aunque me muevo con normalidad.,1,1,1
no escucho en absoluto,1,0,1
camino perfectamente,1,1,1
demasiado veloz,1,1,2
tengo vision nula y mi oido es normalo seasoy paralitico.,0,1,0
"perdi los ojos pero no soporto el volumen alto, por otro lado no me puedo quedar quieto.",0,2,2
tengo hipersensibilidad visual. no puedo caminar.,2,1,0
veo perfectamenteo seatengo un tapon - sin problemas de movilidad.,1,0,1
voy en baston,1,1,0
veo lo necesario. tengo audicion nula y camino bien.,1,0,1
"no soporto abrir los ojos del dolor, mi oido es normal aunque camino bien.",0,1,1
la luz me deslumbra demasiado - no oigo nada y estoy inmovilizado.,2,0,0
veo perfectamente. sin problemas de movilidad.,1,1,1
no veo nadatambienoigo muy maltambienme muevo con normalidad.,0,0,1
"uso baston para ciegos, ando en silla de ruedas.",0,1,0
"tengo dolor ocular, estoy inmovilizado.",0,1,0
"sin problemas de vista, tengo hiperactividad.",1,1,2
veo muy mal y sin problemas de oido - camino muy lento.,0,1,0
"veo muy mal, por otro lado tengo muy poca audicion, por otro lado tengo hiperactividad.",0,0,2
tengo fotofobia,2,1,1
"veo perfectamente, no me puedo quedar quieto.",1,1,2
siento dolor en los ojos pero tengo muy poca audicion ademas no puedo caminar.,0,0,0
oigo bien,1,1,1
"mi vista es normal, por otro lado oido demasiado fino y camino perfectamente.",1,2,1
mi vista es normalo seatengo audicion nulao seatengo inquietud motora extrema.,1,0,2
"sin problemas de vista, uso lenguaje de señas, tengo hiperactividad.",1,0,2
veo destellos constantemente. sin problemas de oidotambiensoy hiperactivo.,2,1,2
tengo audicion normal,1,1,1
uso lenguaje de señas,1,0,1
no veo casi nada pero tengo sordera profunda - estoy inmovilizado.,0,0,0
"me duelen los ojos permanentemente, por otro lado tengo un tapon ademas me cuesta mucho caminar.",0,0,0
tengo dolor oculartambientengo muy poca audicion. me muevo con normalidad.,0,0,1
uso baston para ciegos,0,1,1
sin problemas de vista,1,1,1
tengo hipersensibilidad al ruido,1,2,1
"mis ojos estan inflamados y duelen, por otro lado tengo hipermovilidad.",0,1,2
me duelen los ojos pero tengo dificultad para andar.,0,1,0
"llevo lentillas y veo bien, por otro lado soy paralitico.",1,1,0
la luz me deslumbra demasiado,2,1,1
tengo problemas en la vista y sin problemas de oido pero camino perfectamente.,0,1,1
no soporto las luces brillantes aunque no escucho en absoluto ademas tengo hipermovilidad.,2,0,2
"hiper vision, oido muy finotambienno me puedo quedar quieto.",2,2,2
veo lo necesario aunque camino bien.,1,1,1
tengo hipersensibilidad visual y tengo sordera y camino bien.,2,0,1
veo perfectamente. no me puedo quedar quieto.,1,1,2
me molesta mucho la luztambientengo inquietud motora extrema.,2,1,2
me muevo con normalidad,1,1,1
sin problemas de vistatambienno escucho nada aunque tengo inquietud motora extrema.,1,0,2
escucho todo muy apagado,1,0,1
no me puedo mover,1,1,0
tengo dolor ocular - tengo audicion nula - puedo caminar y correr.,0,0,1
no soporto las luces brillantes y sin problemas de movilidad.,2,1,1
"me duele el ojo derecho, por otro lado tengo hipersensibilidad auditiva. soy muy lento caminando.",0,2,0
tengo problemas al caminar,1,1,0
no veo nada pero sin problemas de oido aunque ando con muletas.,0,1,0
tengo fotofobia,2,1,1
veo perfectamente aunque oigo lo normal - mi movilidad es normal.,1,1,1
mi oido es normal,1,1,1
no tengo problemas oculares aunque tengo sordera - tengo problemas al caminar.,1,0,0
no puedo mover las piernas,1,1,0
"me duelen los ojos al mirar, camino perfectamente.",0,1,1
"no tengo problemas ocularestambienmi oido es normal, me muevo con normalidad.",1,1,1
"veo destellos constantemente, ando en silla de ruedas.",2,1,0
no puedo caminar,1,1,0
veo perfectamente,1,1,1
"tengo fotofobia, por otro lado tengo sordera aunque mi movilidad es normal.",2,0,1
"no soporto las luces brillantes, por otro lado tengo audicion normaltambientengo exceso de movimiento.",2,1,2
veo perfectamente ademas uso lenguaje de señas - estoy inmovilizado.,1,0,0
uso gafas para leer y camino perfectamente.,1,1,1
uso lenguaje de señas,1,0,1
tengo dolor constante en los ojostambienescucho perfectamentetambienno me puedo quedar quieto.,0,1,2
tengo hipersensibilidad visual pero soy muy lento caminando.,2,1,0
los brillos me hacen daño en los ojos y no me puedo quedar quieto.,2,1,2
super vision,2,1,1
mi vista es normal ademas soy sordotambienpuedo caminar y correr.,1,0,1
llevo lentillas y veo bien ademas oigo bien aunque puedo caminar y correr.,1,1,1
llevo lentillas y veo bientambiencamino muy lento.,1,1,0
tengo dolor constante en los ojoso seami movilidad es normal.,0,1,1
me muevo con normalidad,1,1,1
"he perdido el ojo izquierdo, por otro lado camino bien.",0,1,1
la luz me deslumbra demasiado pero mi oido es normaltambiencamino perfectamente.,2,1,1
veo lo necesario pero no oigo nadao seatengo necesidad constante de moverme.,1,0,2
no soporto las luces brillantes aunque me cuesta mucho caminar.,2,1,0
siento dolor en los ojos pero no escucho en absoluto y ando con muletas.,0,0,0
"sin problemas de vista. escucho los ruidos demasiado fuertes, sin problemas de movilidad.",1,2,1
mis ojos estan inflamados y duelentambientengo un tapon y mi movilidad es normal.,0,0,1
tengo hiperactividad,1,1,2
he perdido el ojo izquierdo. tengo dificultad para andar.,0,1,0
no veo en absoluto - tengo tics motores.,0,1,2
"he perdido el ojo izquierdo, por otro lado camino muy lento.",0,1,0
llevo lentillas y veo bien - tengo un oido demasiado sensible y soy muy lento caminando.,1,2,0
uso gafas para leer,1,1,1
uso lenguaje de señas,1,0,1
tengo dolor ocularo seasin problemas de oido y soy muy lento caminando.,0,1,0
tengo hipersensibilidad a la luz,2,1,1
mi agudeza visual es promedio pero tengo sordera profunda y me muevo con normalidad.,1,0,1
estoy ciego - los ruidos fuertes me aturdentambiencamino perfectamente.,0,2,1
uso gafas para leero seatengo sorderatambiendemasiado veloz.,1,0,2
siento dolor en los ojos,0,1,1
tengo necesidad constante de moverme,1,1,2
"mi agudeza visual es promedio - tengo audicion normal, puedo andar sin problemas.",1,1,1
"me molesta mucho la luz, tengo hipersensibilidad auditiva y ando con muletas.",2,2,0
tengo vision normal y sin problemas de oidotambienpuedo andar sin problemas.,1,1,1
veo perfectamente,1,1,1
tengo vision normaltambienoigo bientambienando en silla de ruedas.,1,1,0
llevo lentillas y veo bientambientengo movilidad muy reducida.,1,1,0
veo destellos constantemente pero tengo hiperacusiatambientengo exceso de movimiento.,2,2,2
tengo hipersensibilidad visual - oido demasiado finoo seatengo exceso de movimiento.,2,2,2
"me duele el ojo derechoo seatengo sordera, camino perfectamente.",0,0,1
estoy ciego - no me puedo mover.,0,1,0
no tengo problemas oculareso seaoido muy fino pero me cuesta mucho caminar.,1,2,0
sin problemas de oido,1,1,1
tengo inquietud motora extrema,1,1,2
"uso baston para ciegos y tengo audicion normal, por otro lado puedo caminar y correr.",0,1,1
"me duele el ojo izquierdo, por otro lado no puedo mover las piernas.",0,1,0
tengo hipersensibilidad a la luz,2,1,1
puedo andar sin problemas,1,1,1
llevo lentillas y veo bien pero soy sordo. soy muy lento caminando.,1,0,0
veo bientambienoido muy fino y tengo necesidad constante de moverme.,1,2,2
"los brillos me hacen daño en los ojos, por otro lado tengo movilidad muy reducida.",2,1,0
uso gafas para leer pero soy paralitico.,1,1,0
no tengo problemas oculares - los ruidos fuertes me aturden pero estoy inmovilizado.,1,2,0
"uso gafas para leer, por otro lado no oigo nada y no me puedo quedar quieto.",1,0,2
"tengo vision normal, por otro lado no escucho en absoluto, por otro lado ando con muletas.",1,0,0
"perdi los ojos, tengo hipersensibilidad al ruido pero tengo problemas al caminar.",0,2,0
no veo en absolutoo seatengo dificultad para andar.,0,1,0
"siento dolor en los ojos, tengo muy poca audicion y sin problemas de movilidad.",0,0,1
he perdido el ojo derecho aunque estoy inmovilizado.,0,1,0
uso gafas para leer aunque escucho las conversaciones sin problema aunque tengo tics motores.,1,1,2
"no veo en absoluto ademas super oido, soy hiperactivo.",0,2,2
me molesta mucho la luz,2,1,1
me duelen los ojos permanentemente,0,1,1
mis ojos estan inflamados y duelen,0,1,1
tengo sordera,1,0,1
tengo dolor constante en los ojos y los sonidos agudos me dan dolor de cabeza y tengo dificultad para andar.,0,2,0
"los brillos me hacen daño en los ojos aunque tengo un tapon, camino perfectamente.",2,0,1
"estoy ciego, por otro lado me molestan mucho los ruidos - sin problemas de movilidad.",0,2,1
"me duele el ojo derecho aunque super oido, por otro lado demasiado veloz.",0,2,2
he perdido el ojo derecho. mi movilidad es normal.,0,1,1
mi vista es normal y tengo audicion nulatambienme muevo con normalidad.,1,0,1
los brillos me hacen daño en los ojos y camino bien.,2,1,1
"veo bientambienoigo bien, por otro lado no me puedo mover.",1,1,0
no soporto abrir los ojos del dolor,0,1,1
"sin problemas de vista, super oido ademas no me puedo mover.",1,2,0
tengo hipersensibilidad a la luz aunque uso lenguaje de señas - demasiado veloz.,2,0,2
mi agudeza visual es promediotambienoigo bien pero soy paralitico.,1,1,0
super vision,2,1,1
la luz me deslumbra demasiado,2,1,1
me muevo con normalidad,1,1,1
soy muy lento caminando,1,1,0
"uso gafas para leer, tengo audicion normal. me muevo con normalidad.",1,1,1
sin problemas de movilidad,1,1,1
llevo lentillas y veo bien aunque voy en baston.,1,1,0
tengo dificultad para andar,1,1,0
me muevo con normalidad,1,1,1
no veo nada y escucho los ruidos demasiado fuertes pero sin problemas de movilidad.,0,2,1
veo perfectamente - no oigo nada y tengo exceso de movimiento.,1,0,2
mi vista es normal. tengo sordera aunque soy muy lento caminando.,1,0,0
no veo en absoluto,0,1,1
"siento dolor en los ojos, tengo sordera ademas puedo andar sin problemas.",0,0,1
"tengo vision normal, tengo problemas al caminar.",1,1,0
tengo muy poca vision y no escucho nada pero camino muy lento.,0,0,0
no veo casi nada,0,1,1
no tengo problemas oculares aunque escucho perfectamente - no me puedo mover.,1,1,0
veo destellos constantemente y no puedo caminar.,2,1,0
tengo dolor constante en los ojos,0,1,1
"veo perfectamente ademas tengo hipersensibilidad auditiva, por otro lado camino bien.",1,2,1
los brillos me hacen daño en los ojos y tengo sordera pero me muevo con normalidad.,2,0,1
no tengo problemas oculares aunque uso lenguaje de señas aunque me muevo con normalidad.,1,0,1
me molesta mucho la luztambientengo hiperacusia ademas no puedo caminar.,2,2,0
me molesta mucho la luz ademas tengo inquietud motora extrema.,2,1,2
super visiono seasoy hiperactivo.,2,1,2
tengo sensibilidad extrema a la luztambienno escucho nada pero tengo movilidad muy reducida.,2,0,0
veo bieno seatengo audicion nula y tengo exceso de movimiento.,1,0,2
la luz me deslumbra demasiado,2,1,1
camino bien,1,1,1
uso lenguaje de señas,1,0,1
mi vista es normalo seatengo tics motores.,1,1,2
estoy ciego y escucho los ruidos demasiado fuertestambientengo hipermovilidad.,0,2,2
super visiontambienpuedo andar sin problemas.,2,1,1
los brillos me hacen daño en los ojos pero soy paralitico.,2,1,0
tengo hipersensibilidad visual - estoy inmovilizado.,2,1,0
"uso gafas para leer aunque oigo lo normal, por otro lado tengo necesidad constante de moverme.",1,1,2
no oigo nada,1,0,1
no soporto las luces brillantes pero tengo audicion normal aunque estoy inmovilizado.,2,1,0
escucho perfectamente,1,1,1
tengo hipersensibilidad a la luz,2,1,1
soy hiperactivo,1,1,2
llevo lentillas y veo bien. tengo hipermovilidad.,1,1,2
tengo hipersensibilidad visual y sin problemas de oido y tengo inquietud motora extrema.,2,1,2
llevo lentillas y veo bien ademas oigo bien - ando en silla de ruedas.,1,1,0
me duelen los ojos al mirar - tengo audicion nula y camino bien.,0,0,1
"no soporto las luces brillantes, por otro lado oido muy fino - ando en silla de ruedas.",2,2,0
siento dolor en los ojos - tengo un tapon - no puedo mover las piernas.,0,0,0
sin problemas de vistao seasin problemas de oido pero camino perfectamente.,1,1,1
mi agudeza visual es promedio aunque tengo un oido demasiado sensible y soy muy lento caminando.,1,2,0
camino perfectamente,1,1,1
tengo dolor ocular. demasiado veloz.,0,1,2
me molesta mucho la luz pero tengo audicion normal ademas tengo hiperactividad.,2,1,2
veo muy mal,0,1,1
"los brillos me hacen daño en los ojos, por otro lado no oigo nada - demasiado veloz.",2,0,2
llevo lentillas y veo bien. tengo sordera aunque puedo caminar y correr.,1,0,1
veo perfectamente,1,1,1
"no soporto las luces brillantes, por otro lado oigo lo normalo seatengo inquietud motora extrema.",2,1,2
veo bientambienando con muletas.,1,1,0
tengo inquietud motora extrema,1,1,2
tengo fotofobia,2,1,1
super vision,2,1,1
tengo ceguera total pero no puedo mover las piernas.,0,1,0
mi oido es normal,1,1,1
veo perfectamente - tengo muy poca audicion - soy hiperactivo.,1,0,2
oigo lo normal,1,1,1
he perdido el ojo izquierdoo seami oido es normal - tengo movilidad muy reducida.,0,1,0
tengo sensibilidad extrema a la luz aunque tengo hipersensibilidad auditiva y tengo inquietud motora extrema.,2,2,2
los brillos me hacen daño en los ojoso seaescucho los ruidos demasiado fuertes aunque camino bien.,2,2,1
"estoy ciego - no oigo nada, mi movilidad es normal.",0,0,1
no veo nada. escucho los ruidos demasiado fuertes. ando en silla de ruedas.,0,2,0
"tengo sensibilidad extrema a la luz, demasiado veloz.",2,1,2
veo lo necesarioo seaoigo lo normal ademas sin problemas de movilidad.,1,1,1
tengo sensibilidad extrema a la luz ademas tengo inquietud motora extrema.,2,1,2
"veo todo muy borroso, tengo audicion normal y mi movilidad es normal.",0,1,1
la luz me deslumbra demasiado ademas no escucho nada y soy paraplejico.,2,0,0
uso gafas para leero seatengo sordera profunda pero estoy inmovilizado.,1,0,0
tengo hipersensibilidad al ruido,1,2,1
mi vista es normal - oigo lo normal y mi movilidad es normal.,1,1,1
sin problemas de vista. tengo hipermovilidad.,1,1,2
tengo fotofobia,2,1,1
"tengo vision normal, escucho las conversaciones sin problema pero soy paraplejico.",1,1,0
veo lo necesario aunque tengo un tapono seame muevo con normalidad.,1,0,1
"uso gafas para leer, por otro lado tengo inquietud motora extrema.",1,1,2
veo muy mal ademas camino perfectamente.,0,1,1
"tengo hipersensibilidad visual, por otro lado puedo andar sin problemas.",2,1,1
"uso baston para ciegos, mi oido es normal ademas mi movilidad es normal.",0,1,1
super vision. tengo un tapon pero me muevo con normalidad.,2,0,1
tengo necesidad constante de moverme,1,1,2
super vision - oigo bieno seapuedo andar sin problemas.,2,1,1
tengo hipersensibilidad a la luz - tengo hipersensibilidad auditiva ademas ando en silla de ruedas.,2,2,0
"tengo dolor constante en los ojos, escucho las conversaciones sin problema. no me puedo mover.",0,1,0
no soporto abrir los ojos del dolor pero no soporto el volumen alto - mi movilidad es normal.,0,2,1
me molesta mucho la luz aunque sin problemas de movilidad.,2,1,1
los ruidos fuertes me aturden,1,2,1
tengo problemas en la vista pero tengo sordera profunda ademas demasiado veloz.,0,0,2
camino bien,1,1,1
camino bien,1,1,1
"siento dolor en los ojos - los ruidos fuertes me aturden, por otro lado voy en baston.",0,2,0
la luz me deslumbra demasiado,2,1,1
"tengo dolor constante en los ojos, no soporto el volumen alto. sin problemas de movilidad.",0,2,1
veo perfectamente,1,1,1
tengo problemas al caminar,1,1,0
escucho todo muy apagado,1,0,1
ceguera absoluta,0,1,1
camino perfectamente,1,1,1
veo muy mal ademas soy hiperactivo.,0,1,2
"veo perfectamente, uso lenguaje de señas y soy paraplejico.",1,0,0
perdi los ojoso seatengo audicion nula y no me puedo mover.,0,0,0
tengo necesidad constante de moverme,1,1,2
tengo muy poca vision,0,1,1
"la luz me deslumbra demasiado, por otro lado sin problemas de oido y sin problemas de movilidad.",2,1,1
hiper vision aunque soy paralitico.,2,1,0
"veo perfectamente, por otro lado tengo hipersensibilidad auditiva pero tengo necesidad constante de moverme.",1,2,2
oido demasiado fino,1,2,1
perdi la vista pero tengo audicion normal pero tengo dificultad para andar.,0,1,0
soy sordo,1,0,1
veo perfectamente y tengo muy poca audicion - tengo hiperactividad.,1,0,2
"veo lo necesario aunque escucho las conversaciones sin problema, por otro lado sin problemas de movilidad.",1,1,1
mi vista es normaltambientengo sordera profunda aunque tengo exceso de movimiento.,1,0,2
tengo fotofobia aunque soy sordotambienno me puedo quedar quieto.,2,0,2
llevo lentillas y veo bien pero tengo audicion nula aunque tengo exceso de movimiento.,1,0,2
mi vista es normal,1,1,1
tengo necesidad constante de moverme,1,1,2
no soporto las luces brillantes aunque oido muy fino ademas me muevo con normalidad.,2,2,1
no tengo problemas oculares,1,1,1
tengo movilidad muy reducida,1,1,0
los brillos me hacen daño en los ojos aunque camino perfectamente.,2,1,1
oido muy fino,1,2,1
"veo destellos constantemente. escucho perfectamente, tengo inquietud motora extrema.",2,1,2
uso gafas para leer y oido muy fino. demasiado veloz.,1,2,2
me muevo compulsivamente,1,1,2
mi oido es normal,1,1,1
tengo hipersensibilidad a la luzo seatengo sordera profundao seasin problemas de movilidad.,2,0,1
tengo sensibilidad extrema a la luz,2,1,1
los brillos me hacen daño en los ojos ademas camino perfectamente.,2,1,1
tengo vision normal,1,1,1
"veo todo muy borrosotambienescucho todo muy apagado, por otro lado puedo caminar y correr.",0,0,1
"no soporto abrir los ojos del dolor, por otro lado tengo un oido demasiado sensibletambienme muevo compulsivamente.",0,2,2
super vision ademas soy muy lento caminando.,2,1,0
tengo sensibilidad extrema a la luzo seatengo hipersensibilidad auditiva - puedo andar sin problemas.,2,2,1
tengo sensibilidad extrema a la luz pero mi oido es normal y soy paralitico.,2,1,0
"llevo lentillas y veo bien, oigo bien ademas tengo dificultad para andar.",1,1,0
estoy ciegotambienno soporto el volumen altoo seame muevo con normalidad.,0,2,1
no veo en absoluto,0,1,1
tengo vision nula,0,1,1
tengo sensibilidad extrema a la luzo seaoigo bien - no puedo estar sentado mucho tiempo.,2,1,2
perdi la vista aunque tengo tics motores.,0,1,2
"me duele el ojo derecho, super oido ademas camino bien.",0,2,1
tengo sensibilidad extrema a la luz pero tengo audicion nula - sin problemas de movilidad.,2,0,1
tengo problemas al caminar,1,1,0
ceguera absoluta,0,1,1
tengo sordera profunda,1,0,1
los ruidos fuertes me aturden,1,2,1
tengo problemas en la vista aunque sin problemas de movilidad.,0,1,1
los brillos me hacen daño en los ojoso seami oido es normal. no puedo caminar.,2,1,0
tengo vision nula ademas los ruidos fuertes me aturden ademas camino bien.,0,2,1
"uso gafas para leer, tengo hipersensibilidad auditiva. tengo inquietud motora extrema.",1,2,2
tengo sordera,1,0,1
veo destellos constantemente. estoy inmovilizado.,2,1,0
"tengo hipersensibilidad visual ademas soy sordo, sin problemas de movilidad.",2,0,1
puedo caminar y correr,1,1,1
veo destellos constantemente - tengo dificultad para andar.,2,1,0
perdi la vista aunque tengo un tapon - no me puedo quedar quieto.,0,0,2
tengo vision normal pero mi oido es normal pero tengo exceso de movimiento.,1,1,2
"estoy ciego, oido muy fino aunque camino perfectamente.",0,2,1
tengo problemas en la vista aunque tengo un tapon. ando en silla de ruedas.,0,0,0
super vision pero escucho todo muy apagado pero puedo caminar y correr.,2,0,1
me duelen los ojos permanentemente - tengo audicion normalo seasoy paraplejico.,0,1,0
uso gafas para leer aunque mi movilidad es normal.,1,1,1
no oigo nada,1,0,1
sin problemas de vista,1,1,1
super oido,1,2,1
mi agudeza visual es promedio,1,1,1
llevo lentillas y veo bien ademas no escucho en absoluto aunque me cuesta mucho caminar.,1,0,0
mi vista es normal y puedo caminar y correr.,1,1,1
estoy ciego y uso lenguaje de señastambienno puedo estar sentado mucho tiempo.,0,0,2
tengo muy poca vision pero sin problemas de movilidad.,0,1,1
me duelen los ojos al miraro sealos ruidos fuertes me aturdentambienmi movilidad es normal.,0,2,1
oigo muy mal,1,0,1
tengo hipersensibilidad visual y puedo caminar y correr.,2,1,1
"me duele el ojo derecho, oigo bien ademas ando con muletas.",0,1,0
tengo audicion nula,1,0,1
veo bien - oigo bien y camino bien.,1,1,1
mi agudeza visual es promedio aunque oigo bieno seasoy hiperactivo.,1,1,2
oido muy fino,1,2,1
me muevo compulsivamente,1,1,2
tengo dolor constante en los ojos. uso lenguaje de señas pero camino bien.,0,0,1
tengo muy poca vision,0,1,1
soy sordo,1,0,1
veo muy mal,0,1,1
veo perfectamente aunque me cuesta mucho caminar.,1,1,0
veo destellos constantemente. soy sordotambienestoy inmovilizado.,2,0,0
uso gafas para leertambienescucho las conversaciones sin problema aunque tengo inquietud motora extrema.,1,1,2
no soporto abrir los ojos del dolor aunque no escucho en absoluto y tengo hiperactividad.,0,0,2
hiper vision,2,1,1
tengo vision normalo sealos sonidos agudos me dan dolor de cabezatambienno me puedo mover.,1,2,0
tengo dolor ocular. tengo inquietud motora extrema.,0,1,2
me molesta mucho la luztambientengo exceso de movimiento.,2,1,2
llevo lentillas y veo bien ademas soy muy lento caminando.,1,1,0
tengo audicion normal,1,1,1
veo todo muy borrosotambienpuedo caminar y correr.,0,1,1
tengo fotofobia. tengo problemas al caminar.,2,1,0
tengo audicion nula,1,0,1
llevo lentillas y veo bientambienando con muletas.,1,1,0
veo muy malo seaoido muy fino. tengo hiperactividad.,0,2,2
"mi vista es normal, escucho las conversaciones sin problema pero soy hiperactivo.",1,1,2
siento dolor en los ojos aunque oido muy fino y tengo exceso de movimiento.,0,2,2
no veo en absoluto ademas puedo andar sin problemas.,0,1,1
veo bieno seano puedo estar sentado mucho tiempo.,1,1,2
me duele el ojo izquierdo - oigo lo normal. camino muy lento.,0,1,0
veo bien ademas camino perfectamente.,1,1,1
me duele el ojo izquierdo aunque puedo caminar y correr.,0,1,1
sin problemas de movilidad,1,1,1
siento dolor en los ojoso seasoy sordo y puedo andar sin problemas.,0,0,1
"tengo dolor ocularo seame molestan mucho los ruidos, camino perfectamente.",0,2,1
veo lo necesario aunque tengo hiperacusia. soy hiperactivo.,1,2,2
tengo vision nula ademas no puedo mover las piernas.,0,1,0
tengo inquietud motora extrema,1,1,2
tengo hipersensibilidad a la luzo seaescucho perfectamente pero puedo caminar y correr.,2,1,1
ceguera absoluta pero voy en baston.,0,1,0
sin problemas de movilidad,1,1,1
tengo movilidad muy reducida,1,1,0
"no soporto las luces brillantes, por otro lado los ruidos fuertes me aturden aunque camino muy lento.",2,2,0
veo perfectamente. tengo necesidad constante de moverme.,1,1,2
hiper vision y sin problemas de movilidad.,2,1,1
me duele el ojo izquierdo. escucho las conversaciones sin problema pero tengo tics motores.,0,1,2
uso gafas para leer y oigo bien - tengo exceso de movimiento.,1,1,2
estoy ciego,0,1,1
tengo hipersensibilidad visual y oigo bieno seano puedo mover las piernas.,2,1,0
tengo dolor ocular aunque voy en baston.,0,1,0
mi vista es normal,1,1,1
tengo ceguera total pero soy sordo y demasiado veloz.,0,0,2
ceguera absoluta pero tengo sordera - ando con muletas.,0,0,0
"mi agudeza visual es promedio, tengo un oido demasiado sensible ademas puedo caminar y correr.",1,2,1
no tengo problemas oculares,1,1,1
"veo destellos constantementetambientengo sordera, por otro lado camino perfectamente.",2,0,1
hiper vision,2,1,1
uso lenguaje de señas,1,0,1
mi agudeza visual es promedio,1,1,1
super vision ademas tengo exceso de movimiento.,2,1,2
mi agudeza visual es promedio y camino perfectamente.,1,1,1
escucho perfectamente,1,1,1
perdi los ojos - tengo sordera profunda y camino muy lento.,0,0,0
tengo problemas en la vista aunque escucho perfectamente. no puedo estar sentado mucho tiempo.,0,1,2
no soporto las luces brillantestambientengo audicion nula - sin problemas de movilidad.,2,0,1
tengo vision normal - escucho las conversaciones sin problema y soy paralitico.,1,1,0
tengo dolor ocular - puedo caminar y correr.,0,1,1
"sin problemas de vista, por otro lado tengo necesidad constante de moverme.",1,1,2
tengo hipersensibilidad al ruido,1,2,1
no tengo problemas oculares y tengo hiperacusiao seatengo exceso de movimiento.,1,2,2
"no veo en absoluto, no me puedo quedar quieto.",0,1,2
"tengo muy poca vision pero soy sordo, por otro lado sin problemas de movilidad.",0,0,1
he perdido el ojo izquierdo pero tengo exceso de movimiento.,0,1,2
llevo lentillas y veo bien aunque tengo hiperacusiao seacamino perfectamente.,1,2,1
"uso gafas para leer, por otro lado no puedo estar sentado mucho tiempo.",1,1,2
la luz me deslumbra demasiadotambientengo un oido demasiado sensible y me muevo con normalidad.,2,2,1
mis ojos estan inflamados y duelen,0,1,1
tengo hipersensibilidad a la luz ademas me muevo compulsivamente.,2,1,2
uso gafas para leer - soy sordo pero no me puedo quedar quieto.,1,0,2
los brillos me hacen daño en los ojos ademas no escucho en absolutotambiencamino muy lento.,2,0,0
sin problemas de vista aunque demasiado veloz.,1,1,2
veo lo necesariotambiensoy sordo aunque soy muy lento caminando.,1,0,0
veo perfectamenteo seaoigo lo normalo seano puedo mover las piernas.,1,1,0
me muevo con normalidad,1,1,1
veo lo necesariotambienmi movilidad es normal.,1,1,1
tengo hipersensibilidad a la luztambienmi oido es normal aunque voy en baston.,2,1,0
la luz me deslumbra demasiado pero tengo inquietud motora extrema.,2,1,2
tengo fotofobia y tengo sordera profunda ademas tengo hiperactividad.,2,0,2
tengo hipersensibilidad visual aunque escucho todo muy apagado - tengo hipermovilidad.,2,0,2
"tengo ceguera total pero uso lenguaje de señas, por otro lado ando con muletas.",0,0,0
super visiono seapuedo andar sin problemas.,2,1,1
tengo hipermovilidad,1,1,2
estoy ciego aunque me muevo con normalidad.,0,1,1
no veo casi nada pero tengo sordera profunda y me cuesta mucho caminar.,0,0,0
veo perfectamentetambientengo muy poca audicion y soy paralitico.,1,0,0
soy sordo,1,0,1
mis ojos estan inflamados y duelen - soy sordo. soy paralitico.,0,0,0
"he perdido el ojo derecho aunque oigo lo normal, por otro lado tengo problemas al caminar.",0,1,0
veo bieno seame muevo con normalidad.,1,1,1
perdi los ojos ademas oigo bientambienmi movilidad es normal.,0,1,1
la luz me deslumbra demasiado,2,1,1
veo perfectamente pero oigo bien y ando con muletas.,1,1,0
oigo muy mal,1,0,1
tengo dolor constante en los ojos ademas tengo exceso de movimiento.,0,1,2
"super vision, sin problemas de oido, me muevo con normalidad.",2,1,1
veo lo necesario aunque puedo caminar y correr.,1,1,1
hiper vision. oigo bien ademas camino bien.,2,1,1
ceguera absoluta,0,1,1
super vision ademas oido muy fino - soy muy lento caminando.,2,2,0
tengo inquietud motora extrema,1,1,2
"veo muy mal, por otro lado escucho perfectamente. tengo inquietud motora extrema.",0,1,2
no tengo problemas oculares pero sin problemas de movilidad.,1,1,1
uso gafas para leero seatengo sordera profunda - no me puedo quedar quieto.,1,0,2
no puedo estar sentado mucho tiempo,1,1,2
no tengo problemas oculareso seano escucho nadao seacamino perfectamente.,1,0,1
me molesta mucho la luz,2,1,1
"tengo fotofobia, sin problemas de movilidad.",2,1,1
soy muy lento caminando,1,1,0
tengo hipersensibilidad visual,2,1,1
los ruidos fuertes me aturden,1,2,1
"siento dolor en los ojos, me muevo compulsivamente.",0,1,2
tengo fotofobia. ando en silla de ruedas.,2,1,0
"sin problemas de vista aunque oido muy fino, no puedo estar sentado mucho tiempo.",1,2,2
me duelen los ojos y escucho los ruidos demasiado fuertestambiensoy hiperactivo.,0,2,2
veo destellos constantemente,2,1,1
"uso gafas para leer, tengo sordera profunda y ando en silla de ruedas.",1,0,0
soy ciego - mi movilidad es normal.,0,1,1
super vision,2,1,1
sin problemas de vista aunque oido muy finoo seasoy paralitico.,1,2,0
tengo hipersensibilidad visual aunque tengo audicion nula ademas puedo caminar y correr.,2,0,1
"siento dolor en los ojoso seano escucho nada, por otro lado ando con muletas.",0,0,0
me muevo con normalidad,1,1,1
llevo lentillas y veo bien,1,1,1
ceguera absoluta ademas oigo bien pero sin problemas de movilidad.,0,1,1
tengo fotofobia,2,1,1
mi vista es normal aunque tengo tics motores.,1,1,2
tengo vision normal - tengo hipermovilidad.,1,1,2
veo destellos constantemente y super oido ademas puedo caminar y correr.,2,2,1
me muevo con normalidad,1,1,1
mi oido es normal,1,1,1
uso gafas para leer pero tengo problemas al caminar.,1,1,0
"sin problemas de vista pero soy sordo, por otro lado soy hiperactivo.",1,0,2
"tengo hipersensibilidad visual, por otro lado tengo audicion normal ademas tengo inquietud motora extrema.",2,1,2
la luz me deslumbra demasiado y ando con muletas.,2,1,0
no soporto abrir los ojos del doloro seatengo dificultad para andar.,0,1,0
mi movilidad es normal,1,1,1
llevo lentillas y veo bien,1,1,1
"super vision. no oigo nada, por otro lado soy muy lento caminando.",2,0,0
veo lo necesariotambienmi oido es normal aunque tengo dificultad para andar.,1,1,0
tengo sensibilidad extrema a la luz aunque tengo un tapon - tengo hipermovilidad.,2,0,2
uso gafas para leer aunque tengo sordera aunque no puedo mover las piernas.,1,0,0
no soporto abrir los ojos del dolortambienno escucho nada - no me puedo quedar quieto.,0,0,2
tengo sensibilidad extrema a la luz - tengo problemas al caminar.,2,1,0
perdi los ojostambiencamino bien.,0,1,1
"estoy ciego y no soporto el volumen alto, por otro lado me muevo con normalidad.",0,2,1
sin problemas de oido,1,1,1
llevo lentillas y veo bien,1,1,1
no puedo estar sentado mucho tiempo,1,1,2
llevo lentillas y veo bieno seatengo hipersensibilidad auditiva aunque ando en silla de ruedas.,1,2,0
escucho perfectamente,1,1,1
tengo dificultad para andar,1,1,0
tengo dolor ocular y tengo hipersensibilidad auditiva y puedo caminar y correr.,0,2,1
mi agudeza visual es promediotambiensoy paralitico.,1,1,0
"llevo lentillas y veo bien, los sonidos agudos me dan dolor de cabeza, por otro lado voy en baston.",1,2,0
no soporto las luces brillanteso sealos ruidos fuertes me aturden y puedo caminar y correr.,2,2,1
"me duelen los ojos permanentementeo seasin problemas de oido, por otro lado camino perfectamente.",0,1,1
"tengo muy poca vision, tengo exceso de movimiento.",0,1,2
no puedo caminar,1,1,0
"hiper vision, soy hiperactivo.",2,1,2
camino muy lento,1,1,0
"tengo muy poca vision, por otro lado me cuesta mucho caminar.",0,1,0
mi agudeza visual es promediotambienme muevo con normalidad.,1,1,1
tengo dolor constante en los ojos. me molestan mucho los ruidos pero camino perfectamente.,0,2,1
tengo hipersensibilidad visual aunque super oido. tengo necesidad constante de moverme.,2,2,2
la luz me deslumbra demasiadoo seatengo hiperacusia. estoy inmovilizado.,2,2,0
"llevo lentillas y veo bien, por otro lado estoy inmovilizado.",1,1,0
super vision. me molestan mucho los ruidos ademas mi movilidad es normal.,2,2,1
"veo lo necesario, tengo hipersensibilidad al ruido. me muevo compulsivamente.",1,2,2
soy hiperactivo,1,1,2
mi vista es normal y tengo necesidad constante de moverme.,1,1,2
no puedo estar sentado mucho tiempo,1,1,2
tengo hipersensibilidad a la luz,2,1,1
no tengo problemas oculares,1,1,1
los brillos me hacen daño en los ojos - me molestan mucho los ruidoso seatengo necesidad constante de moverme.,2,2,2
demasiado veloz,1,1,2
la luz me deslumbra demasiado,2,1,1
perdi la vistatambienescucho las conversaciones sin problemao seacamino perfectamente.,0,1,1
"me duelen los ojos permanentemente y los sonidos agudos me dan dolor de cabeza, puedo andar sin problemas.",0,2,1
veo destellos constantemente pero tengo audicion nula aunque me muevo con normalidad.,2,0,1
uso baston para ciegos. tengo hipersensibilidad al ruido pero demasiado veloz.,0,2,2
los sonidos agudos me dan dolor de cabeza,1,2,1
me duelen los ojos permanentemente,0,1,1
"mi vista es normal pero tengo un oido demasiado sensible, soy muy lento caminando.",1,2,0
ceguera absoluta - soy sordo - tengo tics motores.,0,0,2
veo todo muy borroso - sin problemas de movilidad.,0,1,1
puedo caminar y correr,1,1,1
tengo ceguera total y ando con muletas.,0,1,0
veo lo necesariotambiensuper oido - no puedo caminar.,1,2,0
uso gafas para leer ademas me molestan mucho los ruidos pero camino bien.,1,2,1
hiper visiontambienno me puedo mover.,2,1,0
me duele el ojo izquierdo,0,1,1
siento dolor en los ojostambiensuper oido y tengo inquietud motora extrema.,0,2,2
oigo lo normal,1,1,1
los brillos me hacen daño en los ojos,2,1,1
no me puedo quedar quieto,1,1,2
"los brillos me hacen daño en los ojos ademas tengo un oido demasiado sensible, me muevo compulsivamente.",2,2,2
tengo dolor oculartambientengo exceso de movimiento.,0,1,2
me molesta mucho la luz aunque camino bien.,2,1,1
los brillos me hacen daño en los ojos aunque tengo sordera ademas tengo inquietud motora extrema.,2,0,2
hiper vision. escucho todo muy apagado aunque camino bien.,2,0,1
tengo fotofobiatambienme molestan mucho los ruidos ademas me muevo con normalidad.,2,2,1
perdi la vista pero escucho perfectamenteo seatengo tics motores.,0,1,2
hiper vision pero soy muy lento caminando.,2,1,0
he perdido el ojo derecho ademas no puedo mover las piernas.,0,1,0
mi agudeza visual es promedio - uso lenguaje de señas pero puedo andar sin problemas.,1,0,1
no veo en absoluto,0,1,1
tengo audicion nula,1,0,1
veo perfectamente,1,1,1
no soporto abrir los ojos del dolor ademas no escucho nadatambientengo exceso de movimiento.,0,0,2
"me duelen los ojos permanentemente ademas tengo audicion normal, no puedo estar sentado mucho tiempo.",0,1,2
la luz me deslumbra demasiadoo seatengo tics motores.,2,1,2
sin problemas de vista - tengo sordera profunda y puedo caminar y correr.,1,0,1
veo perfectamente aunque super oido ademas no puedo estar sentado mucho tiempo.,1,2,2
veo perfectamentetambienescucho las conversaciones sin problema y me muevo compulsivamente.,1,1,2
tengo ceguera totalo seatengo exceso de movimiento.,0,1,2
"no veo nada, por otro lado tengo hiperactividad.",0,1,2
mi agudeza visual es promedio. tengo hiperactividad.,1,1,2
"perdi los ojos y no soporto el volumen alto, por otro lado tengo inquietud motora extrema.",0,2,2
tengo problemas al caminar,1,1,0
tengo sensibilidad extrema a la luztambientengo problemas al caminar.,2,1,0
veo perfectamente aunque oigo lo normal. no me puedo mover.,1,1,0
no me puedo quedar quieto,1,1,2
perdi los ojostambientengo muy poca audicion aunque ando con muletas.,0,0,0
los brillos me hacen daño en los ojos,2,1,1
"veo bieno seami oido es normal, por otro lado no puedo mover las piernas.",1,1,0
demasiado veloz,1,1,2
uso gafas para leero seatengo audicion normal - tengo inquietud motora extrema.,1,1,2
tengo hipersensibilidad visualo seaescucho perfectamente ademas camino muy lento.,2,1,0
llevo lentillas y veo bien. tengo necesidad constante de moverme.,1,1,2
no soporto las luces brillantes ademas ando con muletas.,2,1,0
me duele el ojo derecho aunque tengo audicion normal pero tengo necesidad constante de moverme.,0,1,2
uso baston para ciegos,0,1,1
veo destellos constantemente ademas mi oido es normal. soy paralitico.,2,1,0
"no veo casi nada - oigo lo normal, por otro lado sin problemas de movilidad.",0,1,1
tengo hipersensibilidad a la luz aunque no oigo nada aunque soy paraplejico.,2,0,0
me duelen los ojos ademas tengo inquietud motora extrema.,0,1,2
uso gafas para leer,1,1,1
siento dolor en los ojos - uso lenguaje de señas y soy muy lento caminando.,0,0,0
no soporto abrir los ojos del dolor - no escucho en absoluto ademas tengo tics motores.,0,0,2
los brillos me hacen daño en los ojoso seatengo un tapon. tengo movilidad muy reducida.,2,0,0
tengo hipermovilidad,1,1,2
tengo hipersensibilidad a la luz. los ruidos fuertes me aturden y tengo problemas al caminar.,2,2,0
no soporto abrir los ojos del dolor. tengo exceso de movimiento.,0,1,2
"uso gafas para leer, tengo un tapon - puedo caminar y correr.",1,0,1
he perdido el ojo derechoo seaoido demasiado fino pero me muevo con normalidad.,0,2,1
he perdido el ojo izquierdo pero camino perfectamente.,0,1,1
tengo dolor constante en los ojos,0,1,1
me duele el ojo izquierdoo seaoigo bien. ando con muletas.,0,1,0
he perdido el ojo derecho aunque tengo tics motores.,0,1,2
no soporto abrir los ojos del dolor,0,1,1
tengo muy poca visiontambienno me puedo quedar quieto.,0,1,2
"tengo ceguera total, sin problemas de oidoo seasoy paraplejico.",0,1,0
mi agudeza visual es promediotambienpuedo andar sin problemas.,1,1,1
tengo vision normal y sin problemas de movilidad.,1,1,1
soy muy lento caminando,1,1,0
tengo movilidad muy reducida,1,1,0
veo todo muy borrosotambientengo sordera profunda. camino perfectamente.,0,0,1
"sin problemas de vista, tengo hipermovilidad.",1,1,2
me molesta mucho la luz,2,1,1
los ruidos fuertes me aturden,1,2,1
"los brillos me hacen daño en los ojos, mi oido es normal pero mi movilidad es normal.",2,1,1
puedo andar sin problemas,1,1,1
"hiper vision, por otro lado oigo lo normal, voy en baston.",2,1,0
"tengo fotofobiao seatengo un oido demasiado sensible, por otro lado tengo problemas al caminar.",2,2,0
mi agudeza visual es promedioo seatengo hipermovilidad.,1,1,2
veo bien. camino bien.,1,1,1
"super vision, puedo caminar y correr.",2,1,1
"tengo fotofobia, por otro lado oido muy finoo seaando en silla de ruedas.",2,2,0
me molesta mucho la luztambienuso lenguaje de señastambientengo tics motores.,2,0,2
tengo sensibilidad extrema a la luz aunque no me puedo quedar quieto.,2,1,2
tengo sordera,1,0,1
mi oido es normal,1,1,1
los sonidos agudos me dan dolor de cabeza,1,2,1
oido muy fino,1,2,1
veo lo necesario aunque mi movilidad es normal.,1,1,1
escucho las conversaciones sin problema,1,1,1
tengo hiperacusia,1,2,1
tengo hipersensibilidad visual aunque tengo sordera profunda - me muevo con normalidad.,2,0,1
sin problemas de oido,1,1,1
tengo vision normal,1,1,1
tengo hipersensibilidad visualtambienme cuesta mucho caminar.,2,1,0
tengo muy poca vision. tengo exceso de movimiento.,0,1,2
"tengo ceguera total, no escucho nada ademas camino perfectamente.",0,0,1
me molesta mucho la luz - los ruidos fuertes me aturdentambienno me puedo mover.,2,2,0
me muevo con normalidad,1,1,1
me molestan mucho los ruidos,1,2,1
no tengo problemas oculares,1,1,1
"veo destellos constantemente, oigo bieno seapuedo andar sin problemas.",2,1,1
"mis ojos estan inflamados y duelen, por otro lado tengo audicion normalo seademasiado veloz.",0,1,2
uso lenguaje de señas,1,0,1
"uso gafas para leer ademas oigo bien, puedo andar sin problemas.",1,1,1
me muevo compulsivamente,1,1,2
tengo hipersensibilidad al ruido,1,2,1
me duelen los ojos,0,1,1
no soporto las luces brillantes. sin problemas de movilidad.,2,1,1
"perdi la vista, por otro lado camino muy lento.",0,1,0
"llevo lentillas y veo bientambienuso lenguaje de señas, por otro lado me cuesta mucho caminar.",1,0,0
no escucho en absoluto,1,0,1
tengo hipersensibilidad visual ademas oido demasiado fino y tengo movilidad muy reducida.,2,2,0
la luz me deslumbra demasiado,2,1,1
soy ciego y tengo inquietud motora extrema.,0,1,2
sin problemas de movilidad,1,1,1
"veo destellos constantemente aunque los ruidos fuertes me aturden, por otro lado tengo hiperactividad.",2,2,2
"uso gafas para leer - oigo lo normal, ando en silla de ruedas.",1,1,0
no soporto las luces brillanteso seano puedo caminar.,2,1,0
mi agudeza visual es promedio. no soporto el volumen alto. sin problemas de movilidad.,1,2,1
"me duele el ojo derecho y tengo audicion normal, demasiado veloz.",0,1,2
veo destellos constantemente ademas soy paralitico.,2,1,0
"veo destellos constantemente - tengo hipersensibilidad auditiva, no me puedo mover.",2,2,0
tengo tics motores,1,1,2
soy sordo,1,0,1
"no soporto abrir los ojos del dolor. los sonidos agudos me dan dolor de cabeza, puedo caminar y correr.",0,2,1
la luz me deslumbra demasiadoo sealos ruidos fuertes me aturden. camino bien.,2,2,1
me muevo con normalidad,1,1,1
me duele el ojo izquierdo,0,1,1
tengo problemas en la vista,0,1,1
tengo hipersensibilidad visual - los ruidos fuertes me aturden aunque tengo inquietud motora extrema.,2,2,2
no puedo estar sentado mucho tiempo,1,1,2
veo todo muy borroso pero oigo lo normal. estoy inmovilizado.,0,1,0
veo muy mal y sin problemas de oido aunque sin problemas de movilidad.,0,1,1
"tengo dolor ocular, puedo andar sin problemas.",0,1,1
no soporto el volumen alto,1,2,1
"tengo vision normal ademas oido muy fino, no puedo estar sentado mucho tiempo.",1,2,2
no veo casi nada pero oido muy fino pero camino perfectamente.,0,2,1
no soporto abrir los ojos del dolortambienmi movilidad es normal.,0,1,1
me molestan mucho los ruidos,1,2,1
sin problemas de vista aunque escucho perfectamenteo seacamino muy lento.,1,1,0
mi vista es normaltambientengo movilidad muy reducida.,1,1,0
veo bien pero camino perfectamente.,1,1,1
sin problemas de vista y no escucho nada pero tengo tics motores.,1,0,2
super vision aunque demasiado veloz.,2,1,2
tengo sensibilidad extrema a la luztambienescucho los ruidos demasiado fuertes aunque sin problemas de movilidad.,2,2,1
super vision. no puedo estar sentado mucho tiempo.,2,1,2
tengo vision nula - tengo hipersensibilidad auditiva. camino bien.,0,2,1
"veo todo muy borroso, tengo audicion normalo seame muevo con normalidad.",0,1,1
tengo fotofobia - estoy inmovilizado.,2,1,0
tengo dificultad para andar,1,1,0
no oigo nada,1,0,1
"sin problemas de vista, por otro lado no escucho en absoluto ademas tengo movilidad muy reducida.",1,0,0
veo destellos constantemente pero camino perfectamente.,2,1,1
tengo sensibilidad extrema a la luz ademas tengo necesidad constante de moverme.,2,1,2
tengo vision nula. me muevo con normalidad.,0,1,1
"me molesta mucho la luz, los ruidos fuertes me aturden, me muevo compulsivamente.",2,2,2
no veo en absolutotambienescucho todo muy apagado - camino bien.,0,0,1
"tengo hipersensibilidad a la luz, me molestan mucho los ruidoso seasin problemas de movilidad.",2,2,1
veo destellos constantemente pero no soporto el volumen altotambienno puedo estar sentado mucho tiempo.,2,2,2
me duele el ojo derecho. tengo audicion normalo seacamino bien.,0,1,1
"no soporto abrir los ojos del dolor, por otro lado oido demasiado fino ademas puedo caminar y correr.",0,2,1
no veo casi nadao seaoigo lo normaltambiendemasiado veloz.,0,1,2
oigo bien,1,1,1
tengo fotofobia ademas oido muy finoo seavoy en baston.,2,2,0
tengo fotofobiatambiensoy paraplejico.,2,1,0
tengo muy poca vision,0,1,1
veo perfectamente y mi oido es normal ademas camino bien.,1,1,1
soy sordo,1,0,1
no puedo estar sentado mucho tiempo,1,1,2
tengo exceso de movimiento,1,1,2
no tengo problemas ocularestambiensin problemas de oido y puedo andar sin problemas.,1,1,1
mis ojos estan inflamados y duelen y super oido pero no me puedo quedar quieto.,0,2,2
mi vista es normal pero oigo lo normal pero me muevo compulsivamente.,1,1,2
tengo vision nula - tengo muy poca audicion pero camino bien.,0,0,1
tengo dolor constante en los ojos - tengo hiperactividad.,0,1,2
ceguera absolutatambiensoy hiperactivo.,0,1,2
"perdi la vista, camino bien.",0,1,1
me molesta mucho la luz pero tengo un tapontambiensoy muy lento caminando.,2,0,0
perdi los ojos,0,1,1
oigo lo normal,1,1,1
los brillos me hacen daño en los ojos,2,1,1
veo lo necesariotambienoigo lo normalo seano puedo caminar.,1,1,0
sin problemas de oido,1,1,1
no me puedo mover,1,1,0
veo destellos constantemente - mi oido es normal. camino bien.,2,1,1
me cuesta mucho caminar,1,1,0
me molesta mucho la luztambienlos sonidos agudos me dan dolor de cabeza pero tengo tics motores.,2,2,2
veo bieno seano oigo nada y me muevo compulsivamente.,1,0,2
tengo sensibilidad extrema a la luz ademas tengo sordera aunque no puedo estar sentado mucho tiempo.,2,0,2
escucho perfectamente,1,1,1
"veo perfectamente ademas no oigo nada, puedo andar sin problemas.",1,0,1
oigo muy mal,1,0,1
no soporto las luces brillantestambiensoy paralitico.,2,1,0
veo perfectamenteo seapuedo andar sin problemas.,1,1,1
me duele el ojo izquierdo,0,1,1
tengo fotofobia aunque tengo necesidad constante de moverme.,2,1,2
tengo sordera profunda,1,0,1
los sonidos agudos me dan dolor de cabeza,1,2,1
"tengo vision normal, por otro lado mi oido es normal, por otro lado sin problemas de movilidad.",1,1,1
me duelen los ojos al mirar - puedo caminar y correr.,0,1,1
no veo en absolutoo seatengo hipersensibilidad auditiva. soy paralitico.,0,2,0
"no soporto las luces brillantes, por otro lado no oigo nada pero tengo exceso de movimiento.",2,0,2
uso gafas para leero seasin problemas de movilidad.,1,1,1
no veo en absoluto,0,1,1
hiper visiontambientengo sordera profundao seano me puedo mover.,2,0,0
veo perfectamenteo seano escucho en absoluto - camino perfectamente.,1,0,1
perdi la vista - oigo muy maltambientengo movilidad muy reducida.,0,0,0
oigo bien,1,1,1
estoy ciegotambienlos sonidos agudos me dan dolor de cabeza ademas voy en baston.,0,2,0
me molesta mucho la luztambienoido muy fino. camino bien.,2,2,1
super vision,2,1,1
veo destellos constantemente pero no soporto el volumen alto ademas puedo andar sin problemas.,2,2,1
"llevo lentillas y veo bien aunque me molestan mucho los ruidos, por otro lado camino perfectamente.",1,2,1
tengo hipersensibilidad a la luz y me muevo con normalidad.,2,1,1
"no veo en absolutoo seatengo hipersensibilidad auditiva, por otro lado puedo andar sin problemas.",0,2,1
escucho perfectamente,1,1,1
"veo bien, por otro lado mi oido es normaltambienmi movilidad es normal.",1,1,1
"tengo fotofobia, soy hiperactivo.",2,1,2
"tengo muy poca vision, uso lenguaje de señas aunque no me puedo mover.",0,0,0
me molestan mucho los ruidos,1,2,1
veo bieno seatengo audicion nula aunque ando en silla de ruedas.,1,0,0
oido demasiado fino,1,2,1
no veo en absolutoo seatengo muy poca audicion aunque me muevo con normalidad.,0,0,1
veo muy mal,0,1,1
"tengo vision normal, tengo sordera profunda. mi movilidad es normal.",1,0,1
tengo fotofobia. oigo lo normal aunque camino bien.,2,1,1
llevo lentillas y veo bien,1,1,1
perdi los ojos y camino bien.,0,1,1
super vision. oigo bien aunque soy muy lento caminando.,2,1,0
mi vista es normal - no puedo estar sentado mucho tiempo.,1,1,2
tengo hiperacusia,1,2,1
mi agudeza visual es promedio ademas no escucho nadao seano puedo estar sentado mucho tiempo.,1,0,2
"uso gafas para leer, tengo movilidad muy reducida.",1,1,0
no soporto abrir los ojos del doloro seano me puedo quedar quieto.,0,1,2
me duelen los ojos al mirar - oigo bien pero tengo necesidad constante de moverme.,0,1,2
puedo caminar y correr,1,1,1
super oido,1,2,1
he perdido el ojo derecho y los sonidos agudos me dan dolor de cabeza pero demasiado veloz.,0,2,2
sin problemas de vista y tengo sordera profunda. tengo inquietud motora extrema.,1,0,2
no soporto el volumen alto,1,2,1
perdi los ojos,0,1,1
no soporto las luces brillantes,2,1,1
"no veo casi nadatambientengo hiperacusia, por otro lado puedo andar sin problemas.",0,2,1
tengo vision normalo seano soporto el volumen altotambienno puedo mover las piernas.,1,2,0
"super vision, por otro lado oigo lo normal, tengo movilidad muy reducida.",2,1,0
sin problemas de oido,1,1,1
la luz me deslumbra demasiadoo seano escucho en absolutoo seasoy muy lento caminando.,2,0,0
sin problemas de movilidad,1,1,1
"mi agudeza visual es promedio, me muevo compulsivamente.",1,1,2
"sin problemas de vista, por otro lado tengo problemas al caminar.",1,1,0
"veo perfectamente, por otro lado mi oido es normaltambienpuedo andar sin problemas.",1,1,1
"tengo hipersensibilidad visual, por otro lado tengo sordera profunda, puedo caminar y correr.",2,0,1
soy ciego pero tengo audicion nula aunque puedo caminar y correr.,0,0,1
"no tengo problemas oculares, sin problemas de oidotambiendemasiado veloz.",1,1,2
super vision aunque oigo muy mal. camino perfectamente.,2,0,1
super vision aunque oigo bien y ando con muletas.,2,1,0
"veo destellos constantemente. no soporto el volumen alto, no puedo caminar.",2,2,0
no me puedo mover,1,1,0
mi agudeza visual es promedio y tengo audicion normal - camino muy lento.,1,1,0
"uso gafas para leer, camino perfectamente.",1,1,1
tengo sensibilidad extrema a la luzo seademasiado veloz.,2,1,2
veo lo necesario ademas tengo sordera pero camino muy lento.,1,0,0
uso gafas para leer. tengo audicion normal - me cuesta mucho caminar.,1,1,0
ando en silla de ruedas,1,1,0
escucho perfectamente,1,1,1
"veo destellos constantemente, me molestan mucho los ruidos. soy paralitico.",2,2,0
tengo muy poca vision ademas puedo andar sin problemas.,0,1,1
tengo exceso de movimiento,1,1,2
tengo fotofobia,2,1,1
"tengo vision normal, camino muy lento.",1,1,0
"tengo hipersensibilidad a la luz, por otro lado no puedo caminar.",2,1,0
"ceguera absoluta, por otro lado puedo caminar y correr.",0,1,1
"tengo ceguera total, por otro lado me molestan mucho los ruidos, puedo andar sin problemas.",0,2,1
tengo ceguera totalo seame muevo con normalidad.,0,1,1
tengo audicion normal,1,1,1
veo destellos constantemente pero escucho todo muy apagado ademas me muevo compulsivamente.,2,0,2
super vision ademas tengo problemas al caminar.,2,1,0
llevo lentillas y veo bien ademas tengo hipersensibilidad al ruido ademas soy paraplejico.,1,2,0
no soporto el volumen alto,1,2,1
sin problemas de vista,1,1,1
tengo hiperactividad,1,1,2
me duele el ojo izquierdo,0,1,1
"veo todo muy borroso, tengo audicion normalo seame muevo con normalidad.",0,1,1
tengo audicion normal,1,1,1
mis ojos estan inflamados y duelen,0,1,1
mi agudeza visual es promedio aunque mi oido es normal aunque camino perfectamente.,1,1,1
super vision y oido demasiado fino aunque me muevo con normalidad.,2,2,1
mi vista es normal - tengo sordera. estoy inmovilizado.,1,0,0
he perdido el ojo derechotambiensin problemas de movilidad.,0,1,1
"veo perfectamente, tengo hipersensibilidad al ruido - sin problemas de movilidad.",1,2,1
no tengo problemas oculares,1,1,1
tengo exceso de movimiento,1,1,2
tengo tics motores,1,1,2
no me puedo mover,1,1,0
tengo hipersensibilidad a la luz,2,1,1
uso lenguaje de señas,1,0,1
tengo hipersensibilidad a la luz pero los ruidos fuertes me aturden - camino perfectamente.,2,2,1
veo bien y me cuesta mucho caminar.,1,1,0
"tengo sensibilidad extrema a la luz aunque tengo hipersensibilidad al ruido, por otro lado ando en silla de ruedas.",2,2,0
tengo hipermovilidad,1,1,2
no veo nada aunque mi oido es normal y voy en baston.,0,1,0
sin problemas de oido,1,1,1
me cuesta mucho caminar,1,1,0
los brillos me hacen daño en los ojostambiensoy sordo ademas camino perfectamente.,2,0,1
tengo hipersensibilidad a la luz y uso lenguaje de señas - camino perfectamente.,2,0,1
he perdido el ojo derecho ademas oigo lo normal y soy paraplejico.,0,1,0
tengo hiperacusia,1,2,1
mi vista es normal y me molestan mucho los ruidos y no me puedo quedar quieto.,1,2,2
veo destellos constantemente pero tengo hipersensibilidad auditivatambienpuedo andar sin problemas.,2,2,1
"veo destellos constantemente ademas oigo bien, camino perfectamente.",2,1,1
"veo lo necesario, por otro lado tengo sordera profunda - soy paraplejico.",1,0,0
tengo hipersensibilidad visualo seaescucho perfectamente aunque no puedo mover las piernas.,2,1,0
tengo hipersensibilidad a la luz,2,1,1
soy muy lento caminando,1,1,0
"me molesta mucho la luz, escucho las conversaciones sin problema, tengo hiperactividad.",2,1,2
hiper vision pero me molestan mucho los ruidos. ando con muletas.,2,2,0
"veo lo necesario, por otro lado sin problemas de movilidad.",1,1,1
super vision aunque me muevo compulsivamente.,2,1,2
uso gafas para leer ademas puedo andar sin problemas.,1,1,1
veo destellos constantemente aunque no puedo estar sentado mucho tiempo.,2,1,2
tengo sensibilidad extrema a la luztambienme cuesta mucho caminar.,2,1,0
tengo ceguera total pero ando con muletas.,0,1,0
"tengo dolor constante en los ojos, por otro lado escucho las conversaciones sin problema, por otro lado camino perfectamente.",0,1,1
he perdido el ojo izquierdo y no puedo estar sentado mucho tiempo.,0,1,2
siento dolor en los ojos - no escucho nada ademas ando con muletas.,0,0,0
estoy inmovilizado,1,1,0
"tengo hipersensibilidad visual, por otro lado sin problemas de movilidad.",2,1,1
uso lenguaje de señas,1,0,1
tengo hiperacusia,1,2,1
los brillos me hacen daño en los ojos,2,1,1
tengo ceguera total,0,1,1
tengo hipersensibilidad visual,2,1,1
mi agudeza visual es promedioo seatengo audicion normaltambientengo hipermovilidad.,1,1,2
uso gafas para leero seaoigo bien pero puedo andar sin problemas.,1,1,1
perdi los ojos - camino muy lento.,0,1,0
tengo hipersensibilidad a la luz,2,1,1
super vision,2,1,1
tengo hipersensibilidad a la luz,2,1,1
"me molesta mucho la luz, por otro lado tengo hiperacusia aunque camino perfectamente.",2,2,1
llevo lentillas y veo bien - tengo movilidad muy reducida.,1,1,0
mi vista es normal. camino perfectamente.,1,1,1
tengo movilidad muy reducida,1,1,0
tengo hipersensibilidad visual ademas tengo necesidad constante de moverme.,2,1,2
tengo muy poca visiontambienoigo bien ademas no puedo mover las piernas.,0,1,0
sin problemas de oido,1,1,1
"super vision, por otro lado oigo lo normal, tengo inquietud motora extrema.",2,1,2
"siento dolor en los ojoso seano soporto el volumen alto, soy paraplejico.",0,2,0
uso gafas para leer - soy sordo. soy paraplejico.,1,0,0
"no tengo problemas oculares, por otro lado sin problemas de oido pero me muevo con normalidad.",1,1,1
sin problemas de vista,1,1,1
puedo andar sin problemas,1,1,1
no soporto las luces brillantes,2,1,1
tengo hipersensibilidad visual aunque super oidoo seasin problemas de movilidad.,2,2,1
siento dolor en los ojos aunque oigo bien y tengo inquietud motora extrema.,0,1,2
tengo fotofobia,2,1,1
tengo vision nula,0,1,1
"tengo hipersensibilidad a la luz, oigo lo normal - tengo exceso de movimiento.",2,1,2
no soporto las luces brillantes,2,1,1
"tengo sensibilidad extrema a la luz pero tengo audicion normal, por otro lado mi movilidad es normal.",2,1,1
"veo todo muy borroso pero escucho perfectamente, por otro lado no me puedo quedar quieto.",0,1,2
los ruidos fuertes me aturden,1,2,1
tengo fotofobia. tengo audicion normal - puedo andar sin problemas.,2,1,1
demasiado veloz,1,1,2
he perdido el ojo derecho pero sin problemas de movilidad.,0,1,1
oigo bien,1,1,1
tengo hiperacusia,1,2,1
mi vista es normal,1,1,1
"tengo hipersensibilidad a la luzo sealos ruidos fuertes me aturden, me cuesta mucho caminar.",2,2,0
la luz me deslumbra demasiadoo seatengo sordera profundatambiencamino muy lento.,2,0,0
no veo en absoluto. tengo audicion normal y no me puedo quedar quieto.,0,1,2
mi vista es normal,1,1,1
veo perfectamentetambientengo audicion normal pero tengo hipermovilidad.,1,1,2
no soporto abrir los ojos del dolortambientengo inquietud motora extrema.,0,1,2
"estoy ciego, por otro lado escucho perfectamente - sin problemas de movilidad.",0,1,1
tengo hiperacusia,1,2,1
no veo en absolutoo seacamino perfectamente.,0,1,1
tengo sordera,1,0,1
"tengo sensibilidad extrema a la luztambientengo audicion normal, no puedo estar sentado mucho tiempo.",2,1,2
llevo lentillas y veo bieno seano escucho en absoluto pero ando con muletas.,1,0,0
veo todo muy borroso aunque los ruidos fuertes me aturden aunque soy paralitico.,0,2,0
tengo hipersensibilidad visual pero tengo sordera profunda y no me puedo mover.,2,0,0
"super vision, por otro lado tengo audicion nulatambientengo movilidad muy reducida.",2,0,0
veo perfectamente - tengo sordera aunque soy paralitico.,1,0,0
mi agudeza visual es promediotambientengo hiperactividad.,1,1,2
veo bientambientengo muy poca audicion. no puedo mover las piernas.,1,0,0
mi vista es normal y uso lenguaje de señas y tengo hiperactividad.,1,0,2
veo destellos constantemente aunque tengo sordera profunda - no puedo caminar.,2,0,0
tengo ceguera total - escucho perfectamente pero sin problemas de movilidad.,0,1,1
"no tengo problemas oculareso seami oido es normal, por otro lado tengo necesidad constante de moverme.",1,1,2
"veo lo necesario, no escucho en absoluto - mi movilidad es normal.",1,0,1
ceguera absoluta. no soporto el volumen altotambienno puedo caminar.,0,2,0
estoy inmovilizado,1,1,0
tengo fotofobia. uso lenguaje de señas ademas camino bien.,2,0,1
no puedo estar sentado mucho tiempo,1,1,2
uso gafas para leer pero soy muy lento caminando.,1,1,0
tengo problemas en la vista ademas no oigo nada aunque no puedo estar sentado mucho tiempo.,0,0,2
tengo muy poca vision - mi oido es normal aunque tengo hipermovilidad.,0,1,2
me molesta mucho la luz aunque tengo hipermovilidad.,2,1,2
soy ciego ademas tengo tics motores.,0,1,2
"ceguera absoluta, camino perfectamente.",0,1,1
la luz me deslumbra demasiado ademas tengo un tapon - camino bien.,2,0,1
oigo bien,1,1,1
me molesta mucho la luz pero sin problemas de movilidad.,2,1,1
veo bien y tengo hipersensibilidad auditivatambiencamino bien.,1,2,1
"tengo sensibilidad extrema a la luz, por otro lado escucho las conversaciones sin problema ademas tengo exceso de movimiento.",2,1,2
"tengo dolor constante en los ojos, sin problemas de oido aunque me muevo con normalidad.",0,1,1
"me duelen los ojos al mirar, por otro lado mi oido es normaltambienme muevo con normalidad.",0,1,1
"tengo dolor constante en los ojos y oigo muy mal, soy muy lento caminando.",0,0,0
"uso gafas para leer, camino perfectamente.",1,1,1
veo lo necesario. soy muy lento caminando.,1,1,0
me cuesta mucho caminar,1,1,0
tengo hipersensibilidad a la luz,2,1,1
tengo dolor constante en los ojos pero soy sordotambiensoy paraplejico.,0,0,0
me molesta mucho la luz y mi movilidad es normal.,2,1,1
llevo lentillas y veo bien ademas escucho las conversaciones sin problema - camino perfectamente.,1,1,1
los brillos me hacen daño en los ojos y no puedo mover las piernas.,2,1,0
"no tengo problemas oculares, mi oido es normalo seasoy hiperactivo.",1,1,2
tengo ceguera totaltambientengo sordera y puedo caminar y correr.,0,0,1
veo todo muy borroso y super oido - demasiado veloz.,0,2,2
tengo necesidad constante de moverme,1,1,2
mi oido es normal,1,1,1
me muevo con normalidad,1,1,1
veo perfectamente aunque voy en baston.,1,1,0
no soporto las luces brillantes pero uso lenguaje de señas - mi movilidad es normal.,2,0,1
"tengo hipersensibilidad a la luz, por otro lado puedo caminar y correr.",2,1,1
tengo fotofobia pero mi oido es normaltambiencamino bien.,2,1,1
tengo vision normal aunque no escucho nada pero mi movilidad es normal.,1,0,1
siento dolor en los ojos pero oigo muy malo seapuedo caminar y correr.,0,0,1
voy en baston,1,1,0
"veo destellos constantementetambientengo sordera profunda, por otro lado estoy inmovilizado.",2,0,0
"hiper vision y sin problemas de oido, soy paraplejico.",2,1,0
soy paralitico,1,1,0
tengo problemas en la vistao seami oido es normal - tengo problemas al caminar.,0,1,0
tengo vision nula. puedo andar sin problemas.,0,1,1
hiper visiono seasoy hiperactivo.,2,1,2
tengo exceso de movimiento,1,1,2
mi agudeza visual es promedio aunque sin problemas de oidotambientengo hiperactividad.,1,1,2
hiper visiontambiensuper oidotambiensoy hiperactivo.,2,2,2
llevo lentillas y veo bien - escucho perfectamente pero camino perfectamente.,1,1,1
los brillos me hacen daño en los ojos y tengo audicion nula y tengo hipermovilidad.,2,0,2
veo bien pero me muevo compulsivamente.,1,1,2
tengo hipersensibilidad a la luz aunque camino perfectamente.,2,1,1
"me duelen los ojos al mirar, sin problemas de movilidad.",0,1,1
oido demasiado fino,1,2,1
me duele el ojo derecho. tengo hiperacusia - tengo exceso de movimiento.,0,2,2
me molesta mucho la luz ademas camino bien.,2,1,1
tengo problemas al caminar,1,1,0
no me puedo mover,1,1,0
me duelen los ojos. no soporto el volumen altotambienno puedo mover las piernas.,0,2,0
sin problemas de movilidad,1,1,1
tengo hipersensibilidad a la luz,2,1,1
no tengo problemas oculares aunque uso lenguaje de señas - no puedo mover las piernas.,1,0,0
tengo hipersensibilidad a la luz y camino perfectamente.,2,1,1
soy muy lento caminando,1,1,0
uso gafas para leertambientengo hiperactividad.,1,1,2
me duelen los ojos permanentemente,0,1,1
soy hiperactivo,1,1,2
no oigo nada,1,0,1
llevo lentillas y veo bientambiensoy sordotambiencamino bien.,1,0,1
me molesta mucho la luz ademas mi oido es normal. puedo caminar y correr.,2,1,1
"tengo vision normal aunque tengo sordera, tengo tics motores.",1,0,2
hiper vision pero uso lenguaje de señas aunque me muevo con normalidad.,2,0,1
tengo problemas al caminar,1,1,0
"no veo casi nada, tengo un oido demasiado sensible pero soy hiperactivo.",0,2,2
"veo destellos constantemente, por otro lado mi movilidad es normal.",2,1,1
he perdido el ojo izquierdo,0,1,1
me duelen los ojos permanentemente - no me puedo mover.,0,1,0
me muevo compulsivamente,1,1,2
puedo caminar y correr,1,1,1
veo todo muy borroso pero camino perfectamente.,0,1,1
uso baston para ciegostambientengo hipermovilidad.,0,1,2
sin problemas de vista. me muevo con normalidad.,1,1,1
me molesta mucho la luz. no puedo estar sentado mucho tiempo.,2,1,2
"perdi los ojos, escucho perfectamente pero tengo hipermovilidad.",0,1,2
veo bieno sealos ruidos fuertes me aturdentambienno puedo estar sentado mucho tiempo.,1,2,2
tengo necesidad constante de moverme,1,1,2
"he perdido el ojo derecho ademas oigo lo normal, por otro lado me muevo con normalidad.",0,1,1
veo bien aunque tengo audicion normal y me cuesta mucho caminar.,1,1,0
soy ciego ademas tengo muy poca audicion y puedo caminar y correr.,0,0,1
mi vista es normalo seatengo un oido demasiado sensible ademas camino muy lento.,1,2,0
super visiono seatengo audicion normal aunque mi movilidad es normal.,2,1,1
llevo lentillas y veo bien,1,1,1
no oigo nada,1,0,1
la luz me deslumbra demasiado ademas oigo muy mal. camino bien.,2,0,1
estoy ciego,0,1,1
he perdido el ojo derecho - soy paraplejico.,0,1,0
me duele el ojo izquierdotambienuso lenguaje de señas aunque tengo necesidad constante de moverme.,0,0,2
no soporto las luces brillantes,2,1,1
no tengo problemas oculares,1,1,1
mi agudeza visual es promedio pero tengo exceso de movimiento.,1,1,2
tengo sordera profunda,1,0,1
veo todo muy borroso,0,1,1
he perdido el ojo izquierdo y no oigo nadatambienando en silla de ruedas.,0,0,0
no veo nada ademas tengo un tapon. soy paralitico.,0,0,0
veo bien y camino bien.,1,1,1
los brillos me hacen daño en los ojos,2,1,1
no veo nada. escucho todo muy apagado - soy paralitico.,0,0,0
tengo vision normal pero ando en silla de ruedas.,1,1,0
sin problemas de vista,1,1,1
oido demasiado fino,1,2,1
no escucho en absoluto,1,0,1
uso lenguaje de señas,1,0,1
tengo hipersensibilidad a la luzo seaescucho los ruidos demasiado fuertes ademas camino perfectamente.,2,2,1
tengo muy poca visiono seaescucho las conversaciones sin problema aunque tengo tics motores.,0,1,2
"ceguera absolutao seano escucho en absoluto, por otro lado tengo necesidad constante de moverme.",0,0,2
sin problemas de vista y camino muy lento.,1,1,0
"la luz me deslumbra demasiado, por otro lado tengo un tapon aunque soy muy lento caminando.",2,0,0
los brillos me hacen daño en los ojos ademas oido demasiado fino ademas tengo exceso de movimiento.,2,2,2
camino perfectamente,1,1,1
tengo muy poca audicion,1,0,1
los brillos me hacen daño en los ojos,2,1,1
me molesta mucho la luz ademas super oido aunque camino bien.,2,2,1
tengo sordera,1,0,1
veo lo necesario y voy en baston.,1,1,0
no escucho nada,1,0,1
"estoy ciego, por otro lado tengo sordera profunda ademas soy paralitico.",0,0,0
veo muy mal. camino bien.,0,1,1
tengo hipersensibilidad a la luz y puedo andar sin problemas.,2,1,1
tengo fotofobia pero tengo un tapon. tengo tics motores.,2,0,2
"tengo muy poca vision, me muevo compulsivamente.",0,1,2
"uso baston para ciegos, tengo muy poca audicion, por otro lado puedo andar sin problemas.",0,0,1
tengo fotofobia. sin problemas de oido - ando en silla de ruedas.,2,1,0
tengo vision normal. oigo lo normal ademas sin problemas de movilidad.,1,1,1
"tengo vision normal. no oigo nada, mi movilidad es normal.",1,0,1
oigo muy mal,1,0,1
"tengo dolor ocular ademas tengo muy poca audicion, no puedo estar sentado mucho tiempo.",0,0,2
"siento dolor en los ojos - oigo bien, por otro lado me muevo compulsivamente.",0,1,2
veo perfectamenteo seatengo sordera profunda ademas tengo hipermovilidad.,1,0,2
"hiper vision, los sonidos agudos me dan dolor de cabeza pero no puedo mover las piernas.",2,2,0
soy muy lento caminando,1,1,0
"veo bien, por otro lado camino perfectamente.",1,1,1
sin problemas de vista aunque los ruidos fuertes me aturdentambienme muevo con normalidad.,1,2,1
llevo lentillas y veo bien,1,1,1
me molesta mucho la luz - no escucho en absoluto - demasiado veloz.,2,0,2
me molestan mucho los ruidos,1,2,1
no soporto abrir los ojos del dolor,0,1,1
hiper visiontambientengo muy poca audicion ademas camino perfectamente.,2,0,1
me duelen los ojos al mirar. no me puedo quedar quieto.,0,1,2
"mis ojos estan inflamados y duelen pero tengo un oido demasiado sensible, por otro lado camino bien.",0,2,1
sin problemas de vistatambientengo un tapon - tengo inquietud motora extrema.,1,0,2
"tengo hipersensibilidad a la luz ademas tengo sordera profunda, camino muy lento.",2,0,0
uso gafas para leer ademas tengo exceso de movimiento.,1,1,2
"no soporto las luces brillantes, por otro lado tengo hipermovilidad.",2,1,2
mi vista es normaltambienmi movilidad es normal.,1,1,1
tengo hipersensibilidad visual ademas sin problemas de movilidad.,2,1,1
mi vista es normal,1,1,1
oido demasiado fino,1,2,1
uso gafas para leer,1,1,1
perdi la vistao seaescucho los ruidos demasiado fuertes ademas soy paraplejico.,0,2,0
tengo un oido demasiado sensible,1,2,1
siento dolor en los ojos ademas mi movilidad es normal.,0,1,1
no me puedo mover,1,1,0
tengo hiperactividad,1,1,2
veo perfectamente,1,1,1
no veo en absoluto aunque puedo andar sin problemas.,0,1,1
no veo nadao seano escucho en absoluto - mi movilidad es normal.,0,0,1
me molesta mucho la luz. tengo problemas al caminar.,2,1,0
veo bien aunque oigo bien ademas mi movilidad es normal.,1,1,1
"los brillos me hacen daño en los ojos, camino muy lento.",2,1,0
sin problemas de oido,1,1,1
mi agudeza visual es promedio. escucho las conversaciones sin problema ademas ando en silla de ruedas.,1,1,0
"uso gafas para leertambienoigo lo normal, tengo problemas al caminar.",1,1,0
veo bien,1,1,1
"me molesta mucho la luz, por otro lado tengo un tapontambientengo tics motores.",2,0,2
me duelen los ojos permanentemente - no me puedo mover.,0,1,0
no veo nadao seame molestan mucho los ruidostambienno me puedo mover.,0,2,0
veo destellos constantemente ademas tengo sordera ademas soy hiperactivo.,2,0,2
"no veo casi nadao seatengo un oido demasiado sensible, me muevo compulsivamente.",0,2,2
no tengo problemas oculares ademas tengo problemas al caminar.,1,1,0
no puedo estar sentado mucho tiempo,1,1,2
no me puedo quedar quieto,1,1,2
veo bien - no escucho nada - tengo hipermovilidad.,1,0,2
soy sordo,1,0,1
sin problemas de vistatambienme cuesta mucho caminar.,1,1,0
"super vision, puedo andar sin problemas.",2,1,1
perdi los ojos. tengo hipermovilidad.,0,1,2
sin problemas de movilidad,1,1,1
he perdido el ojo derechoo seatengo muy poca audicion - sin problemas de movilidad.,0,0,1
veo destellos constantemente,2,1,1
uso gafas para leer - escucho perfectamenteo seaestoy inmovilizado.,1,1,0
no oigo nada,1,0,1
veo todo muy borroso,0,1,1
llevo lentillas y veo bien - oigo lo normaltambientengo hipermovilidad.,1,1,2
no soporto las luces brillantes,2,1,1
sin problemas de vista aunque tengo tics motores.,1,1,2
mi vista es normal. me muevo con normalidad.,1,1,1
"llevo lentillas y veo bien ademas escucho los ruidos demasiado fuertes, por otro lado ando en silla de ruedas.",1,2,0
"no soporto las luces brillantes ademas tengo un oido demasiado sensible, por otro lado sin problemas de movilidad.",2,2,1
sin problemas de vistao seatengo audicion nulao seano me puedo quedar quieto.,1,0,2
mi vista es normal. voy en baston.,1,1,0
puedo andar sin problemas,1,1,1
"tengo fotofobia, tengo hiperacusia y camino bien.",2,2,1
soy ciego - camino bien.,0,1,1
tengo hipersensibilidad visual. oigo bien y soy paraplejico.,2,1,0
"veo perfectamente, oigo muy mal. mi movilidad es normal.",1,0,1
tengo hipersensibilidad a la luzo seame muevo compulsivamente.,2,1,2
puedo caminar y correr,1,1,1
tengo problemas en la vista. escucho perfectamenteo seatengo inquietud motora extrema.,0,1,2
no escucho nada,1,0,1
"hiper vision, no puedo caminar.",2,1,0
"veo bien, por otro lado oigo lo normal - mi movilidad es normal.",1,1,1
tengo vision normaltambientengo audicion normal. mi movilidad es normal.,1,1,1
me duele el ojo derecho,0,1,1
"hiper visiono seatengo hipersensibilidad al ruido, por otro lado ando con muletas.",2,2,0
perdi los ojos - no escucho nada pero no puedo caminar.,0,0,0
veo destellos constantemente aunque tengo hiperactividad.,2,1,2
tengo hipersensibilidad visual. tengo tics motores.,2,1,2
"tengo hipersensibilidad a la luz pero escucho perfectamente, estoy inmovilizado.",2,1,0
sin problemas de vista y soy sordo - tengo hiperactividad.,1,0,2
super vision pero soy hiperactivo.,2,1,2
"soy ciegotambientengo audicion nula, por otro lado tengo problemas al caminar.",0,0,0
no soporto las luces brillantes,2,1,1
veo bien - soy sordo ademas tengo hiperactividad.,1,0,2
tengo fotofobia,2,1,1
tengo sensibilidad extrema a la luz aunque escucho perfectamente ademas tengo necesidad constante de moverme.,2,1,2
puedo caminar y correr,1,1,1
camino perfectamente,1,1,1
veo muy mal,0,1,1
mi agudeza visual es promedio aunque tengo hipersensibilidad auditiva pero voy en baston.,1,2,0
no soporto las luces brillanteso seasin problemas de oido. voy en baston.,2,1,0
tengo fotofobia,2,1,1
mi vista es normal aunque tengo dificultad para andar.,1,1,0
"tengo hipersensibilidad visual, uso lenguaje de señaso seatengo exceso de movimiento.",2,0,2
veo destellos constantemente. oigo bieno seacamino perfectamente.,2,1,1
he perdido el ojo izquierdotambienpuedo andar sin problemas.,0,1,1
"perdi la vista pero tengo sordera profunda, por otro lado me cuesta mucho caminar.",0,0,0
soy hiperactivo,1,1,2
oigo muy mal,1,0,1
"no tengo problemas ocularestambienoido demasiado fino, ando en silla de ruedas.",1,2,0
uso baston para ciegos aunque no soporto el volumen alto y tengo movilidad muy reducida.,0,2,0
veo destellos constantemente pero puedo andar sin problemas.,2,1,1
escucho perfectamente,1,1,1
uso lenguaje de señas,1,0,1
tengo sensibilidad extrema a la luz pero tengo tics motores.,2,1,2
tengo hipersensibilidad al ruido,1,2,1
"perdi los ojos, por otro lado escucho todo muy apagado, me muevo con normalidad.",0,0,1
soy muy lento caminando,1,1,0
"tengo hipersensibilidad a la luz, escucho perfectamente y soy paralitico.",2,1,0
tengo fotofobiao seasoy hiperactivo.,2,1,2
"mi vista es normal, tengo inquietud motora extrema.",1,1,2
la luz me deslumbra demasiado,2,1,1
no soporto las luces brillantes ademas tengo hiperacusia pero ando en silla de ruedas.,2,2,0
soy paraplejico,1,1,0
sin problemas de vista,1,1,1
tengo vision normal pero no puedo mover las piernas.,1,1,0
la luz me deslumbra demasiado aunque no puedo estar sentado mucho tiempo.,2,1,2
"veo todo muy borroso - tengo hipersensibilidad auditiva, por otro lado camino muy lento.",0,2,0
perdi los ojostambienno soporto el volumen alto aunque puedo caminar y correr.,0,2,1
veo destellos constantemente aunque mi movilidad es normal.,2,1,1
la luz me deslumbra demasiadotambientengo un tapon y me muevo con normalidad.,2,0,1
"veo destellos constantemente - tengo hipersensibilidad auditiva, soy paralitico.",2,2,0
tengo vision normaltambienmi movilidad es normal.,1,1,1
tengo dolor ocular pero no puedo estar sentado mucho tiempo.,0,1,2
tengo hipersensibilidad visual y no puedo caminar.,2,1,0
uso baston para ciegos aunque no oigo nada - camino perfectamente.,0,0,1
no soporto las luces brillantes,2,1,1
no soporto las luces brillantes,2,1,1
no tengo problemas oculares aunque mi oido es normal - no me puedo quedar quieto.,1,1,2
"no veo en absoluto - los ruidos fuertes me aturden, por otro lado ando en silla de ruedas.",0,2,0
"super vision, escucho todo muy apagado aunque tengo necesidad constante de moverme.",2,0,2
tengo ceguera totalo seame muevo con normalidad.,0,1,1
no oigo nada,1,0,1
oido muy fino,1,2,1
veo perfectamente,1,1,1
sin problemas de oido,1,1,1
tengo problemas al caminar,1,1,0
"tengo vision nula, escucho las conversaciones sin problematambiencamino muy lento.",0,1,0
hiper vision - mi movilidad es normal.,2,1,1
sin problemas de vista y soy paraplejico.,1,1,0
me molesta mucho la luzo seaoigo muy mal. puedo caminar y correr.,2,0,1
tengo hipersensibilidad a la luzo seapuedo caminar y correr.,2,1,1
"veo bien, tengo inquietud motora extrema.",1,1,2
perdi la vista aunque no escucho en absoluto - puedo andar sin problemas.,0,0,1
"no veo casi nada aunque escucho las conversaciones sin problema, camino bien.",0,1,1
veo lo necesario ademas tengo sordera profunda pero tengo movilidad muy reducida.,1,0,0
veo destellos constantemente - me muevo compulsivamente.,2,1,2
me duelen los ojos al mirar pero escucho perfectamente - me cuesta mucho caminar.,0,1,0
uso gafas para leer,1,1,1
"hiper vision, por otro lado no puedo mover las piernas.",2,1,0
llevo lentillas y veo bientambienescucho las conversaciones sin problema y soy hiperactivo.,1,1,2
"tengo fotofobia ademas tengo audicion normal, por otro lado tengo inquietud motora extrema.",2,1,2
llevo lentillas y veo bien,1,1,1
oigo muy mal,1,0,1
"tengo vision normal, puedo caminar y correr.",1,1,1
veo bien pero ando con muletas.,1,1,0
ceguera absoluta - escucho las conversaciones sin problema ademas demasiado veloz.,0,1,2
soy paralitico,1,1,0
"tengo problemas en la vista, super oido, no me puedo quedar quieto.",0,2,2
no tengo problemas ocularestambientengo hipersensibilidad al ruido pero puedo andar sin problemas.,1,2,1
tengo sensibilidad extrema a la luz. sin problemas de oidoo seapuedo caminar y correr.,2,1,1
tengo vision normal y me molestan mucho los ruidos aunque no puedo estar sentado mucho tiempo.,1,2,2
"soy ciego, por otro lado escucho las conversaciones sin problemao seano puedo mover las piernas.",0,1,0
veo muy maltambienlos sonidos agudos me dan dolor de cabeza ademas mi movilidad es normal.,0,2,1
hiper vision,2,1,1
"llevo lentillas y veo bien y tengo un tapon, por otro lado me cuesta mucho caminar.",1,0,0
super vision,2,1,1
mi agudeza visual es promedio ademas escucho todo muy apagado aunque puedo caminar y correr.,1,0,1
tengo hipersensibilidad a la luz aunque los sonidos agudos me dan dolor de cabeza ademas camino bien.,2,2,1
me molesta mucho la luz ademas super oido y mi movilidad es normal.,2,2,1
tengo hipersensibilidad a la luz. oigo lo normal. mi movilidad es normal.,2,1,1
mi agudeza visual es promediotambienoigo muy mal - tengo necesidad constante de moverme.,1,0,2
veo lo necesario pero sin problemas de oido - tengo exceso de movimiento.,1,1,2
sin problemas de vista aunque tengo sorderatambiensin problemas de movilidad.,1,0,1
"soy ciego - tengo audicion normal, por otro lado mi movilidad es normal.",0,1,1
veo bien y no escucho nada y tengo hiperactividad.,1,0,2
"veo lo necesario, por otro lado ando en silla de ruedas.",1,1,0
estoy inmovilizado,1,1,0
tengo hipersensibilidad a la luz,2,1,1
sin problemas de vistatambientengo inquietud motora extrema.,1,1,2
mi agudeza visual es promedio aunque camino perfectamente.,1,1,1
me muevo con normalidad,1,1,1
mi agudeza visual es promedio. oigo lo normaltambiencamino perfectamente.,1,1,1
"veo muy mal, por otro lado camino perfectamente.",0,1,1
he perdido el ojo izquierdo - no puedo caminar.,0,1,0
camino bien,1,1,1
sin problemas de oido,1,1,1
tengo vision normal,1,1,1
siento dolor en los ojostambienmi oido es normal - camino bien.,0,1,1
"mi agudeza visual es promedio. escucho perfectamente, por otro lado me muevo con normalidad.",1,1,1
veo bien pero oigo muy malo seacamino perfectamente.,1,0,1
mi vista es normal - tengo un tapontambiensin problemas de movilidad.,1,0,1
escucho perfectamente,1,1,1
puedo caminar y correr,1,1,1
"la luz me deslumbra demasiadotambienoigo lo normal, mi movilidad es normal.",2,1,1
"tengo hipersensibilidad visual ademas tengo hipersensibilidad al ruido, tengo hipermovilidad.",2,2,2
"hiper visiontambientengo sordera, camino bien.",2,0,1
tengo hipersensibilidad visual ademas no oigo nada aunque soy muy lento caminando.,2,0,0
la luz me deslumbra demasiado. tengo sordera ademas ando con muletas.,2,0,0
"tengo sensibilidad extrema a la luz, no escucho en absoluto y camino perfectamente.",2,0,1
tengo muy poca vision ademas oigo lo normal - ando en silla de ruedas.,0,1,0
tengo audicion nula,1,0,1
tengo un tapon,1,0,1
la luz me deslumbra demasiado,2,1,1
tengo movilidad muy reducida,1,1,0
mi oido es normal,1,1,1
tengo hipermovilidad,1,1,2
mi movilidad es normal,1,1,1
tengo hiperacusia,1,2,1
"tengo hipersensibilidad visual aunque tengo un oido demasiado sensible, ando en silla de ruedas.",2,2,0
tengo vision normal ademas tengo tics motores.,1,1,2
mi vista es normal - tengo audicion nulao seacamino muy lento.,1,0,0
veo perfectamente,1,1,1
"sin problemas de vista, escucho perfectamente ademas camino bien.",1,1,1
super vision. no puedo mover las piernas.,2,1,0
me duele el ojo derecho. escucho perfectamente pero tengo problemas al caminar.,0,1,0
hiper vision y los ruidos fuertes me aturden. me muevo con normalidad.,2,2,1
"sin problemas de vista, oigo lo normal, por otro lado demasiado veloz.",1,1,2
estoy ciego - me cuesta mucho caminar.,0,1,0
sin problemas de oido,1,1,1
me cuesta mucho caminar,1,1,0
tengo fotofobiao seatengo un oido demasiado sensible ademas soy paraplejico.,2,2,0
veo lo necesario y sin problemas de oido. me muevo con normalidad.,1,1,1
camino muy lento,1,1,0
no veo casi nadao seasoy muy lento caminando.,0,1,0
sin problemas de movilidad,1,1,1
veo destellos constantemente y mi oido es normal. tengo inquietud motora extrema.,2,1,2
me muevo compulsivamente,1,1,2
sin problemas de vista ademas tengo problemas al caminar.,1,1,0
tengo fotofobia - super oidotambienme muevo con normalidad.,2,2,1
ando en silla de ruedas,1,1,0
"veo bien, por otro lado escucho perfectamente, me muevo con normalidad.",1,1,1
veo lo necesario,1,1,1
voy en baston,1,1,0
los sonidos agudos me dan dolor de cabeza,1,2,1
no puedo estar sentado mucho tiempo,1,1,2
no oigo nada,1,0,1
"me molesta mucho la luz aunque no escucho nada, por otro lado puedo caminar y correr.",2,0,1
tengo sensibilidad extrema a la luzo seaoigo bien - no puedo caminar.,2,1,0
sin problemas de vistao seami movilidad es normal.,1,1,1
escucho perfectamente,1,1,1
veo perfectamente,1,1,1
no escucho nada,1,0,1
"tengo sensibilidad extrema a la luz, me molestan mucho los ruidos. camino perfectamente.",2,2,1
no tengo problemas oculares. ando con muletas.,1,1,0
veo bien y ando con muletas.,1,1,0
camino perfectamente,1,1,1
llevo lentillas y veo bien pero no escucho nada - tengo tics motores.,1,0,2
tengo vision normaltambientengo muy poca audicion. soy paralitico.,1,0,0
los brillos me hacen daño en los ojoso seatengo necesidad constante de moverme.,2,1,2
he perdido el ojo izquierdoo sealos ruidos fuertes me aturden pero tengo movilidad muy reducida.,0,2,0
no tengo problemas oculares pero tengo hipersensibilidad auditiva y camino muy lento.,1,2,0
sin problemas de vista,1,1,1
tengo sensibilidad extrema a la luz aunque no puedo estar sentado mucho tiempo.,2,1,2
hiper vision. tengo audicion nula ademas no me puedo quedar quieto.,2,0,2
no veo nada,0,1,1
oigo bien,1,1,1
me duelen los ojos permanentemente. tengo hiperacusia aunque tengo hiperactividad.,0,2,2
"veo bien, puedo andar sin problemas.",1,1,1
tengo vision normal,1,1,1
"me duelen los ojos al mirar, por otro lado oigo lo normal, camino bien.",0,1,1
tengo vision normal,1,1,1
los sonidos agudos me dan dolor de cabeza,1,2,1
sin problemas de vista,1,1,1
tengo vision nula y tengo exceso de movimiento.,0,1,2
me duelen los ojos pero mi oido es normal y camino bien.,0,1,1
hiper vision pero tengo audicion nula - tengo problemas al caminar.,2,0,0
"tengo sensibilidad extrema a la luz. escucho perfectamente, por otro lado camino bien.",2,1,1
veo muy mal,0,1,1
veo lo necesario,1,1,1
veo destellos constantemente. me muevo con normalidad.,2,1,1
"llevo lentillas y veo bien, por otro lado escucho los ruidos demasiado fuertes. ando en silla de ruedas.",1,2,0
sin problemas de vista. tengo problemas al caminar.,1,1,0
oigo lo normal,1,1,1
la luz me deslumbra demasiado ademas soy sordotambienando en silla de ruedas.,2,0,0
no tengo problemas oculares aunque no me puedo quedar quieto.,1,1,2
"me duelen los ojos, escucho las conversaciones sin problema aunque sin problemas de movilidad.",0,1,1
sin problemas de movilidad,1,1,1
"no tengo problemas oculares. oigo muy mal, tengo exceso de movimiento.",1,0,2
tengo sensibilidad extrema a la luz - soy hiperactivo.,2,1,2
"veo destellos constantemente, por otro lado tengo tics motores.",2,1,2
"uso gafas para leer y tengo hipersensibilidad auditiva, por otro lado puedo caminar y correr.",1,2,1
me duelen los ojos. no escucho nadao seapuedo andar sin problemas.,0,0,1
mi vista es normaltambienme muevo con normalidad.,1,1,1
"tengo fotofobia, por otro lado tengo necesidad constante de moverme.",2,1,2
"tengo hipersensibilidad a la luz ademas tengo sordera, no me puedo quedar quieto.",2,0,2
me molesta mucho la luz aunque tengo un oido demasiado sensibleo seademasiado veloz.,2,2,2
me muevo con normalidad,1,1,1
super oido,1,2,1
super vision y soy sordo aunque tengo hipermovilidad.,2,0,2
"ceguera absoluta y super oido, por otro lado no puedo estar sentado mucho tiempo.",0,2,2
puedo caminar y correr,1,1,1
tengo muy poca visiono seaoigo muy mal ademas voy en baston.,0,0,0
"me duele el ojo izquierdo, camino bien.",0,1,1
la luz me deslumbra demasiado ademas oigo muy mal aunque tengo dificultad para andar.,2,0,0
tengo muy poca vision aunque tengo hiperactividad.,0,1,2
no soporto las luces brillantes ademas me molestan mucho los ruidos. me muevo con normalidad.,2,2,1
los brillos me hacen daño en los ojos - tengo necesidad constante de moverme.,2,1,2
he perdido el ojo izquierdo aunque puedo andar sin problemas.,0,1,1
"veo destellos constantemente, no escucho en absoluto - tengo exceso de movimiento.",2,0,2
tengo fotofobia,2,1,1
tengo vision nula - estoy inmovilizado.,0,1,0
"tengo muy poca vision, no me puedo quedar quieto.",0,1,2
he perdido el ojo izquierdotambiendemasiado veloz.,0,1,2
sin problemas de vista,1,1,1
veo lo necesario,1,1,1
"tengo hipersensibilidad a la luz, por otro lado los sonidos agudos me dan dolor de cabeza. me muevo compulsivamente.",2,2,2
la luz me deslumbra demasiado aunque puedo andar sin problemas.,2,1,1
tengo sensibilidad extrema a la luz. soy sordotambiensoy paraplejico.,2,0,0
me molesta mucho la luz,2,1,1
veo perfectamente aunque tengo audicion normalo seatengo movilidad muy reducida.,1,1,0
"los brillos me hacen daño en los ojos, tengo audicion nula - tengo necesidad constante de moverme.",2,0,2
tengo audicion normal,1,1,1
"veo todo muy borroso, por otro lado puedo caminar y correr.",0,1,1
tengo hiperacusia,1,2,1
super vision,2,1,1
perdi la vistatambienoigo bien - tengo hipermovilidad.,0,1,2
hiper vision - escucho los ruidos demasiado fuerteso seami movilidad es normal.,2,2,1
mi movilidad es normal,1,1,1
"veo bieno seatengo hipersensibilidad al ruido, por otro lado me muevo con normalidad.",1,2,1
"veo perfectamentetambienescucho perfectamente, me muevo con normalidad.",1,1,1
llevo lentillas y veo bien. escucho las conversaciones sin problema aunque no puedo mover las piernas.,1,1,0
veo todo muy borroso,0,1,1
escucho todo muy apagado,1,0,1
veo bieno seatengo tics motores.,1,1,2
"super vision y tengo un oido demasiado sensible, por otro lado mi movilidad es normal.",2,2,1
"tengo vision normal pero tengo un tapon, me cuesta mucho caminar.",1,0,0
"no soporto las luces brillantes, tengo muy poca audicion. tengo exceso de movimiento.",2,0,2
tengo vision nula,0,1,1
ando con muletas,1,1,0
sin problemas de vistao seasoy hiperactivo.,1,1,2
"no tengo problemas oculares y no soporto el volumen alto, por otro lado camino bien.",1,2,1
tengo fotofobia,2,1,1
me duele el ojo derecho aunque tengo sordera y camino muy lento.,0,0,0
"tengo fotofobia, por otro lado no me puedo quedar quieto.",2,1,2
"no veo nada, tengo sordera profunda. puedo andar sin problemas.",0,0,1
la luz me deslumbra demasiado ademas mi oido es normal aunque tengo tics motores.,2,1,2
uso lenguaje de señas,1,0,1
soy ciego y oido demasiado fino aunque camino bien.,0,2,1
"no veo casi nada aunque sin problemas de oido, camino bien.",0,1,1
veo todo muy borroso - sin problemas de oidoo seasoy paraplejico.,0,1,0
"ceguera absoluta, por otro lado camino perfectamente.",0,1,1
he perdido el ojo izquierdo. mi oido es normal. camino bien.,0,1,1
tengo inquietud motora extrema,1,1,2
soy sordo,1,0,1
super vision. no puedo mover las piernas.,2,1,0
llevo lentillas y veo bien aunque oigo bien y me muevo con normalidad.,1,1,1
me duele el ojo derecho - oido muy fino. estoy inmovilizado.,0,2,0
tengo vision normalo seatengo muy poca audicion. tengo inquietud motora extrema.,1,0,2
me duelen los ojoso seatengo hipermovilidad.,0,1,2
"me duelen los ojos, soy paraplejico.",0,1,0
ando con muletas,1,1,0
puedo andar sin problemas,1,1,1
camino bien,1,1,1
veo lo necesario ademas camino bien.,1,1,1
tengo hiperactividad,1,1,2
"me molesta mucho la luz, por otro lado no escucho en absoluto ademas puedo andar sin problemas.",2,0,1
mi agudeza visual es promedioo seaescucho las conversaciones sin problematambiencamino perfectamente.,1,1,1
me duele el ojo derecho,0,1,1
"veo perfectamente, mi movilidad es normal.",1,1,1
tengo hipersensibilidad a la luz y camino perfectamente.,2,1,1
me muevo compulsivamente,1,1,2
"hiper vision, por otro lado tengo sordera profunda pero camino muy lento.",2,0,0
oido demasiado fino,1,2,1
tengo sensibilidad extrema a la luz ademas tengo hiperacusia pero camino perfectamente.,2,2,1
mi vista es normal pero tengo muy poca audicion. camino bien.,1,0,1
tengo vision normal y tengo sordera profunda pero no puedo mover las piernas.,1,0,0
escucho perfectamente,1,1,1
no veo casi nada - soy sordoo seademasiado veloz.,0,0,2
me duelen los ojoso seaando con muletas.,0,1,0
mi vista es normal ademas escucho las conversaciones sin problema y tengo necesidad constante de moverme.,1,1,2
super visiono seasoy sordo pero puedo andar sin problemas.,2,0,1
no me puedo mover,1,1,0
"veo destellos constantemente, por otro lado tengo audicion nulatambientengo tics motores.",2,0,2
tengo vision nula. camino perfectamente.,0,1,1
uso gafas para leer pero escucho perfectamentetambienme muevo compulsivamente.,1,1,2
"los brillos me hacen daño en los ojos, por otro lado escucho las conversaciones sin problema ademas no puedo estar sentado mucho tiempo.",2,1,2
camino perfectamente,1,1,1
me duelen los ojos al miraro seaescucho perfectamente. tengo hipermovilidad.,0,1,2
tengo ceguera total pero tengo necesidad constante de moverme.,0,1,2
soy hiperactivo,1,1,2
me duele el ojo derecho. tengo inquietud motora extrema.,0,1,2
"tengo vision normal, por otro lado escucho las conversaciones sin problematambienno me puedo quedar quieto.",1,1,2
sin problemas de vista y no me puedo mover.,1,1,0
uso gafas para leertambienoido demasiado fino pero ando en silla de ruedas.,1,2,0
veo todo muy borrosoo seatengo un tapontambienestoy inmovilizado.,0,0,0
super visiontambienme muevo compulsivamente.,2,1,2
"tengo hipersensibilidad a la luz, soy paraplejico.",2,1,0
he perdido el ojo derecho. tengo problemas al caminar.,0,1,0
"uso gafas para leer, por otro lado tengo hiperactividad.",1,1,2
"estoy ciego, tengo un tapon - puedo caminar y correr.",0,0,1
veo lo necesario,1,1,1
"los brillos me hacen daño en los ojos y escucho perfectamente, puedo caminar y correr.",2,1,1
no tengo problemas oculares,1,1,1
hiper vision y oigo bien - puedo andar sin problemas.,2,1,1
puedo caminar y correr,1,1,1
uso gafas para leer y no escucho nada. no puedo caminar.,1,0,0
"me duele el ojo derecho, por otro lado escucho perfectamente - ando en silla de ruedas.",0,1,0
"uso gafas para leer aunque no escucho en absoluto, tengo necesidad constante de moverme.",1,0,2
la luz me deslumbra demasiado ademas voy en baston.,2,1,0
"no soporto abrir los ojos del dolor, camino muy lento.",0,1,0
tengo sensibilidad extrema a la luz y los sonidos agudos me dan dolor de cabezatambientengo necesidad constante de moverme.,2,2,2
veo perfectamente,1,1,1
"mis ojos estan inflamados y duelen, por otro lado escucho las conversaciones sin problema pero tengo tics motores.",0,1,2
veo bien aunque no puedo mover las piernas.,1,1,0
demasiado veloz,1,1,2
tengo vision normal ademas oido demasiado fino. puedo caminar y correr.,1,2,1
tengo sordera profunda,1,0,1
me muevo compulsivamente,1,1,2
veo bieno sealos sonidos agudos me dan dolor de cabezatambienmi movilidad es normal.,1,2,1
tengo sensibilidad extrema a la luz aunque mi movilidad es normal.,2,1,1
"mi vista es normal, sin problemas de movilidad.",1,1,1
tengo vision normalo seaoido muy fino ademas tengo hipermovilidad.,1,2,2
llevo lentillas y veo bien aunque escucho perfectamente pero tengo inquietud motora extrema.,1,1,2
puedo andar sin problemas,1,1,1
uso gafas para leer - puedo andar sin problemas.,1,1,1
no puedo estar sentado mucho tiempo,1,1,2
tengo problemas en la vista,0,1,1
tengo muy poca vision aunque me molestan mucho los ruidos. tengo hiperactividad.,0,2,2
"tengo ceguera total y tengo audicion normal, por otro lado no puedo estar sentado mucho tiempo.",0,1,2
siento dolor en los ojos ademas no oigo nada pero mi movilidad es normal.,0,0,1
perdi la vistatambiencamino perfectamente.,0,1,1
tengo vision normal aunque voy en baston.,1,1,0
"no soporto abrir los ojos del dolor, por otro lado escucho todo muy apagado pero tengo exceso de movimiento.",0,0,2
tengo muy poca vision. me muevo con normalidad.,0,1,1
super vision - estoy inmovilizado.,2,1,0
"estoy ciego - tengo sordera profunda, por otro lado puedo andar sin problemas.",0,0,1
no veo casi nada. mi movilidad es normal.,0,1,1
"siento dolor en los ojos, por otro lado tengo hipersensibilidad auditiva ademas no me puedo quedar quieto.",0,2,2
he perdido el ojo izquierdo pero escucho las conversaciones sin problema ademas camino perfectamente.,0,1,1
he perdido el ojo derecho y no oigo nada pero puedo andar sin problemas.,0,0,1
escucho los ruidos demasiado fuertes,1,2,1
tengo hiperactividad,1,1,2
mi agudeza visual es promedio y tengo exceso de movimiento.,1,1,2
soy ciego aunque oido muy finotambienmi movilidad es normal.,0,2,1
mi vista es normal - sin problemas de oido ademas me muevo con normalidad.,1,1,1
"soy ciego, por otro lado oigo lo normal. no puedo caminar.",0,1,0
me duele el ojo derecho ademas soy hiperactivo.,0,1,2
no tengo problemas oculares aunque oigo muy mal ademas voy en baston.,1,0,0
tengo hipersensibilidad a la luz aunque no oigo nadatambiencamino perfectamente.,2,0,1
tengo fotofobia ademas no escucho en absoluto ademas camino perfectamente.,2,0,1
soy ciego - mi movilidad es normal.,0,1,1
veo destellos constantemente y soy sordo aunque soy paraplejico.,2,0,0
no oigo nada,1,0,1
tengo dificultad para andar,1,1,0
tengo hipersensibilidad a la luz pero me muevo con normalidad.,2,1,1
"mi agudeza visual es promedio, oigo bien pero tengo movilidad muy reducida.",1,1,0
me muevo con normalidad,1,1,1
tengo dolor constante en los ojos aunque mi movilidad es normal.,0,1,1
soy paralitico,1,1,0
"tengo ceguera total pero soy sordo, sin problemas de movilidad.",0,0,1
me duele el ojo derecho. tengo hiperacusiatambiencamino perfectamente.,0,2,1
no veo casi nada. tengo hipersensibilidad auditiva ademas me muevo con normalidad.,0,2,1
"mi agudeza visual es promedio, puedo caminar y correr.",1,1,1
"no soporto las luces brillantes pero tengo hipersensibilidad auditiva, por otro lado tengo problemas al caminar.",2,2,0
super vision,2,1,1
uso gafas para leer,1,1,1
me duele el ojo izquierdoo seano soporto el volumen altoo seacamino perfectamente.,0,2,1
hiper vision. tengo hiperacusia - voy en baston.,2,2,0
demasiado veloz,1,1,2
"tengo hipersensibilidad visual, por otro lado camino bien.",2,1,1
soy ciego aunque sin problemas de movilidad.,0,1,1
tengo problemas al caminar,1,1,0
mi vista es normal,1,1,1
me duele el ojo izquierdo. soy sordo aunque me cuesta mucho caminar.,0,0,0
tengo movilidad muy reducida,1,1,0
tengo sensibilidad extrema a la luz pero soy paralitico.,2,1,0
tengo problemas en la vista y tengo audicion normal pero voy en baston.,0,1,0
me molesta mucho la luz. no puedo estar sentado mucho tiempo.,2,1,2
tengo hipersensibilidad al ruido,1,2,1
veo bientambienoigo muy maltambiencamino bien.,1,0,1
"me molesta mucho la luz, por otro lado no escucho nada. mi movilidad es normal.",2,0,1
tengo muy poca vision,0,1,1
no tengo problemas oculares ademas soy muy lento caminando.,1,1,0
uso gafas para leer,1,1,1
veo lo necesariotambiencamino bien.,1,1,1
escucho perfectamente,1,1,1
tengo sensibilidad extrema a la luz ademas soy muy lento caminando.,2,1,0
me duelen los ojos permanentemente,0,1,1
tengo sordera,1,0,1
tengo dolor ocular y ando con muletas.,0,1,0
soy hiperactivo,1,1,2
"mi agudeza visual es promedio, por otro lado me muevo con normalidad.",1,1,1
"tengo sensibilidad extrema a la luztambiensuper oido, me cuesta mucho caminar.",2,2,0
me duele el ojo izquierdo - sin problemas de oido aunque soy paraplejico.,0,1,0
hiper vision pero tengo audicion normalo seame muevo con normalidad.,2,1,1
mi agudeza visual es promedio. oigo lo normal y soy paralitico.,1,1,0
tengo problemas en la vista y mi movilidad es normal.,0,1,1
"mi agudeza visual es promedio, por otro lado mi oido es normal - tengo inquietud motora extrema.",1,1,2
veo bien,1,1,1
tengo hipersensibilidad a la luz y oigo bien y no puedo mover las piernas.,2,1,0
tengo sensibilidad extrema a la luztambientengo un tapon pero demasiado veloz.,2,0,2
estoy ciego,0,1,1
no veo casi nadao seami movilidad es normal.,0,1,1
mis ojos estan inflamados y duelen,0,1,1
"tengo vision normal, puedo caminar y correr.",1,1,1
no puedo caminar,1,1,0
mi movilidad es normal,1,1,1
tengo vision normalo seasuper oidotambientengo problemas al caminar.,1,2,0
sin problemas de vistatambienno me puedo mover.,1,1,0
tengo problemas en la vista aunque oigo bien aunque ando en silla de ruedas.,0,1,0
tengo problemas en la vista aunque ando en silla de ruedas.,0,1,0
camino bien,1,1,1
oigo bien,1,1,1
super vision. escucho las conversaciones sin problema - tengo hipermovilidad.,2,1,2
no escucho nada,1,0,1
ceguera absolutatambienno soporto el volumen alto. soy hiperactivo.,0,2,2
mi vista es normal. no soporto el volumen alto ademas no me puedo mover.,1,2,0
me molesta mucho la luz pero los ruidos fuertes me aturdentambienno puedo mover las piernas.,2,2,0
veo lo necesario. me muevo compulsivamente.,1,1,2
"sin problemas de vista, no me puedo mover.",1,1,0
los brillos me hacen daño en los ojostambienescucho todo muy apagado. me muevo compulsivamente.,2,0,2
soy ciegoo seaoigo bientambiencamino perfectamente.,0,1,1
me duele el ojo derechotambienoigo bien pero tengo exceso de movimiento.,0,1,2
"tengo hipersensibilidad a la luzo seano oigo nada, por otro lado tengo hiperactividad.",2,0,2
veo perfectamente. tengo hiperacusiatambientengo necesidad constante de moverme.,1,2,2
no tengo problemas oculareso seasin problemas de movilidad.,1,1,1
no veo casi nada - sin problemas de movilidad.,0,1,1
tengo sordera profunda,1,0,1
he perdido el ojo derechotambientengo hipermovilidad.,0,1,2
no soporto las luces brillantestambientengo sordera profunda ademas no me puedo quedar quieto.,2,0,2
no soporto abrir los ojos del dolortambienescucho las conversaciones sin problematambienno me puedo mover.,0,1,0
sin problemas de vista - tengo tics motores.,1,1,2
camino perfectamente,1,1,1
siento dolor en los ojos. tengo audicion nula. no me puedo mover.,0,0,0
"tengo vision normal, por otro lado oigo bien y soy muy lento caminando.",1,1,0
tengo sensibilidad extrema a la luz aunque tengo hipermovilidad.,2,1,2
tengo necesidad constante de moverme,1,1,2
"la luz me deslumbra demasiado, por otro lado soy sordo. tengo exceso de movimiento.",2,0,2
me muevo con normalidad,1,1,1
"hiper vision aunque tengo un oido demasiado sensible, por otro lado tengo inquietud motora extrema.",2,2,2
"he perdido el ojo izquierdo - mi oido es normal, no puedo caminar.",0,1,0
"tengo sensibilidad extrema a la luz y los ruidos fuertes me aturden, por otro lado no puedo caminar.",2,2,0
"mi agudeza visual es promedio pero escucho perfectamente, sin problemas de movilidad.",1,1,1
oigo lo normal,1,1,1
me molesta mucho la luz y tengo sordera profunda ademas me muevo con normalidad.,2,0,1
no veo en absoluto,0,1,1
"no tengo problemas oculares y tengo un tapon, puedo andar sin problemas.",1,0,1
super vision. sin problemas de oido ademas no me puedo quedar quieto.,2,1,2
tengo dolor ocular pero tengo audicion normal aunque demasiado veloz.,0,1,2
"uso baston para ciegos, me molestan mucho los ruidos - no me puedo quedar quieto.",0,2,2
"mi agudeza visual es promedio, por otro lado escucho las conversaciones sin problemao seatengo hiperactividad.",1,1,2
perdi los ojos - super oidotambienpuedo andar sin problemas.,0,2,1
ceguera absoluta. camino bien.,0,1,1
los brillos me hacen daño en los ojos,2,1,1
no veo en absolutoo seaescucho los ruidos demasiado fuertestambienestoy inmovilizado.,0,2,0
uso gafas para leer,1,1,1
tengo un oido demasiado sensible,1,2,1
los sonidos agudos me dan dolor de cabeza,1,2,1
sin problemas de movilidad,1,1,1
"veo lo necesario, mi movilidad es normal.",1,1,1
perdi la vista,0,1,1
me duelen los ojos,0,1,1
escucho perfectamente,1,1,1
no puedo caminar,1,1,0
uso gafas para leer ademas camino perfectamente.,1,1,1
mi agudeza visual es promedio ademas tengo hiperactividad.,1,1,2
me molesta mucho la luz ademas no oigo nada - tengo hiperactividad.,2,0,2
sin problemas de vista ademas me muevo con normalidad.,1,1,1
"uso baston para ciegos, oigo bien, por otro lado no puedo mover las piernas.",0,1,0
tengo hipersensibilidad visualo seatengo audicion normal - tengo problemas al caminar.,2,1,0
mi agudeza visual es promedio pero no oigo nada aunque tengo hiperactividad.,1,0,2
super vision pero oigo lo normaltambienvoy en baston.,2,1,0
"tengo muy poca vision, escucho las conversaciones sin problematambientengo inquietud motora extrema.",0,1,2
me muevo con normalidad,1,1,1
mi agudeza visual es promedio aunque ando en silla de ruedas.,1,1,0
sin problemas de vistao seami oido es normaltambienpuedo andar sin problemas.,1,1,1
no escucho en absoluto,1,0,1
veo lo necesario - no soporto el volumen alto ademas ando con muletas.,1,2,0
tengo vision nula ademas tengo un oido demasiado sensible pero ando en silla de ruedas.,0,2,0
voy en baston,1,1,0
me muevo con normalidad,1,1,1
tengo fotofobiatambienme muevo con normalidad.,2,1,1
camino muy lento,1,1,0
puedo caminar y correr,1,1,1
ceguera absoluta pero demasiado veloz.,0,1,2
escucho las conversaciones sin problema,1,1,1
tengo sensibilidad extrema a la luz - sin problemas de movilidad.,2,1,1
escucho los ruidos demasiado fuertes,1,2,1
los brillos me hacen daño en los ojos y sin problemas de oido aunque ando en silla de ruedas.,2,1,0
me duelen los ojos al mirar. mi oido es normal ademas soy paraplejico.,0,1,0
me duele el ojo derecho. escucho los ruidos demasiado fuertes aunque me cuesta mucho caminar.,0,2,0
no puedo mover las piernas,1,1,0
me muevo con normalidad,1,1,1
no me puedo mover,1,1,0
los sonidos agudos me dan dolor de cabeza,1,2,1
tengo muy poca vision y tengo hiperactividad.,0,1,2
"sin problemas de vista, por otro lado los sonidos agudos me dan dolor de cabezatambienme cuesta mucho caminar.",1,2,0
"siento dolor en los ojos, tengo un tapon, por otro lado me muevo compulsivamente.",0,0,2
super visiontambienvoy en baston.,2,1,0
tengo fotofobiatambienmi oido es normaltambienno puedo mover las piernas.,2,1,0
"los brillos me hacen daño en los ojos ademas los sonidos agudos me dan dolor de cabeza, soy paralitico.",2,2,0
"los brillos me hacen daño en los ojos, por otro lado mi movilidad es normal.",2,1,1
no veo nada pero tengo exceso de movimiento.,0,1,2
soy ciegoo seame molestan mucho los ruidos - me muevo con normalidad.,0,2,1
tengo hipersensibilidad a la luz aunque tengo un tapontambientengo tics motores.,2,0,2
la luz me deslumbra demasiado pero los sonidos agudos me dan dolor de cabeza - soy paralitico.,2,2,0
camino perfectamente,1,1,1
escucho todo muy apagado,1,0,1
me molestan mucho los ruidos,1,2,1
veo bien,1,1,1
me duele el ojo izquierdo aunque los sonidos agudos me dan dolor de cabeza y puedo andar sin problemas.,0,2,1
no soporto las luces brillantes ademas voy en baston.,2,1,0
"hiper vision, por otro lado estoy inmovilizado.",2,1,0
me duelen los ojostambiensuper oido pero puedo andar sin problemas.,0,2,1
oigo lo normal,1,1,1
"tengo vision normal, por otro lado no puedo caminar.",1,1,0
"no veo en absoluto. tengo audicion normal, tengo tics motores.",0,1,2
he perdido el ojo izquierdo y oigo muy malo seame muevo con normalidad.,0,0,1
mi agudeza visual es promedio aunque tengo hiperactividad.,1,1,2
uso lenguaje de señas,1,0,1
"los brillos me hacen daño en los ojos, por otro lado tengo hiperactividad.",2,1,2
tengo necesidad constante de moverme,1,1,2
uso baston para ciegos pero escucho los ruidos demasiado fuertes. sin problemas de movilidad.,0,2,1
puedo andar sin problemas,1,1,1
veo perfectamente aunque sin problemas de oido aunque sin problemas de movilidad.,1,1,1
tengo vision normal y oigo lo normaltambientengo inquietud motora extrema.,1,1,2
mi movilidad es normal,1,1,1
veo perfectamente,1,1,1
camino perfectamente,1,1,1
veo bientambienmi oido es normalo seasoy paralitico.,1,1,0
perdi los ojos. sin problemas de movilidad.,0,1,1
veo destellos constantemente. soy sordotambienpuedo andar sin problemas.,2,0,1
perdi los ojos y no escucho nada - me cuesta mucho caminar.,0,0,0
"uso baston para ciegos, escucho los ruidos demasiado fuertes aunque ando en silla de ruedas.",0,2,0
"uso gafas para leer, por otro lado tengo hipersensibilidad al ruido - camino bien.",1,2,1
siento dolor en los ojos - tengo sordera ademas puedo caminar y correr.,0,0,1
"me duelen los ojos permanentemente, por otro lado sin problemas de oido, por otro lado me muevo compulsivamente.",0,1,2
puedo andar sin problemas,1,1,1
no veo en absoluto - escucho las conversaciones sin problema y puedo andar sin problemas.,0,1,1
"la luz me deslumbra demasiado, por otro lado tengo hipersensibilidad auditivatambiensoy hiperactivo.",2,2,2
no puedo estar sentado mucho tiempo,1,1,2
sin problemas de vista y tengo necesidad constante de moverme.,1,1,2
tengo sensibilidad extrema a la luz y super oido aunque no me puedo mover.,2,2,0
"uso gafas para leer pero oigo lo normal, por otro lado voy en baston.",1,1,0
hiper vision pero mi oido es normal - camino bien.,2,1,1
demasiado veloz,1,1,2
"llevo lentillas y veo bien, no escucho nada. tengo hipermovilidad.",1,0,2
la luz me deslumbra demasiado ademas soy muy lento caminando.,2,1,0
veo destellos constantemente,2,1,1
mi vista es normal y tengo audicion normal ademas demasiado veloz.,1,1,2
mi movilidad es normal,1,1,1
oido muy fino,1,2,1
me molesta mucho la luz ademas mi movilidad es normal.,2,1,1
la luz me deslumbra demasiado aunque escucho todo muy apagado pero no me puedo quedar quieto.,2,0,2
super vision ademas no escucho nada pero me muevo compulsivamente.,2,0,2
"tengo problemas en la vista, soy sordo. soy muy lento caminando.",0,0,0
"perdi los ojos aunque tengo audicion nula, soy paralitico.",0,0,0
mi vista es normal. camino bien.,1,1,1
la luz me deslumbra demasiado,2,1,1
no tengo problemas oculareso seasoy paralitico.,1,1,0
tengo sensibilidad extrema a la luz,2,1,1
no puedo mover las piernas,1,1,0
"tengo sensibilidad extrema a la luz, por otro lado puedo andar sin problemas.",2,1,1
super vision aunque tengo hiperactividad.,2,1,2
he perdido el ojo izquierdotambienmi movilidad es normal.,0,1,1
veo destellos constantemente y los sonidos agudos me dan dolor de cabeza pero tengo exceso de movimiento.,2,2,2
"hiper vision, no soporto el volumen alto - camino perfectamente.",2,2,1
"tengo fotofobia - tengo sordera profunda, demasiado veloz.",2,0,2
mi vista es normal aunque tengo un oido demasiado sensible - tengo tics motores.,1,2,2
mis ojos estan inflamados y duelen,0,1,1
me duelen los ojos,0,1,1
"uso baston para ciegos aunque oido muy fino, por otro lado soy muy lento caminando.",0,2,0
la luz me deslumbra demasiado pero tengo inquietud motora extrema.,2,1,2
"veo perfectamente, escucho los ruidos demasiado fuertes ademas no me puedo quedar quieto.",1,2,2
tengo sensibilidad extrema a la luz,2,1,1
mi agudeza visual es promedio. tengo hiperactividad.,1,1,2
tengo tics motores,1,1,2
tengo vision normal aunque tengo tics motores.,1,1,2
veo perfectamente y super oido ademas soy hiperactivo.,1,2,2
veo lo necesario pero tengo audicion normal ademas no me puedo mover.,1,1,0
los ruidos fuertes me aturden,1,2,1
"he perdido el ojo izquierdo, tengo muy poca audicion pero sin problemas de movilidad.",0,0,1
llevo lentillas y veo bien pero soy paraplejico.,1,1,0
"tengo fotofobia, no me puedo mover.",2,1,0
"veo bien, me molestan mucho los ruidos pero tengo inquietud motora extrema.",1,2,2
"tengo vision normal, los ruidos fuertes me aturden aunque no puedo mover las piernas.",1,2,0
sin problemas de movilidad,1,1,1
"tengo problemas en la vista, me molestan mucho los ruidos, no me puedo quedar quieto.",0,2,2
"me duelen los ojos al mirar ademas los sonidos agudos me dan dolor de cabeza, tengo inquietud motora extrema.",0,2,2
no tengo problemas oculareso seacamino muy lento.,1,1,0
uso gafas para leer ademas tengo un oido demasiado sensible ademas ando en silla de ruedas.,1,2,0
tengo muy poca vision ademas tengo hiperactividad.,0,1,2
"veo bien ademas escucho perfectamente, tengo inquietud motora extrema.",1,1,2
hiper vision y puedo andar sin problemas.,2,1,1
"tengo vision normalo sealos sonidos agudos me dan dolor de cabeza, demasiado veloz.",1,2,2
"tengo hipersensibilidad visual. escucho perfectamente, por otro lado me muevo con normalidad.",2,1,1
me muevo compulsivamente,1,1,2
sin problemas de vista - oigo lo normal - demasiado veloz.,1,1,2
no tengo problemas oculares - sin problemas de oido ademas no puedo estar sentado mucho tiempo.,1,1,2
sin problemas de oido,1,1,1
camino bien,1,1,1
uso gafas para leer aunque oigo lo normaltambiensoy paralitico.,1,1,0
super visiontambienoigo bientambiensin problemas de movilidad.,2,1,1
los sonidos agudos me dan dolor de cabeza,1,2,1
sin problemas de movilidad,1,1,1
he perdido el ojo derechotambiensuper oido y tengo hipermovilidad.,0,2,2
"uso baston para ciegos, por otro lado tengo sordera. tengo tics motores.",0,0,2
no me puedo mover,1,1,0
"sin problemas de vista, escucho perfectamente ademas no me puedo quedar quieto.",1,1,2
"tengo fotofobia, por otro lado sin problemas de oido. puedo andar sin problemas.",2,1,1
veo todo muy borrosoo seatengo problemas al caminar.,0,1,0
tengo hiperactividad,1,1,2
veo perfectamente,1,1,1
me molesta mucho la luz ademas tengo movilidad muy reducida.,2,1,0
me duele el ojo derechotambientengo un tapon. tengo movilidad muy reducida.,0,0,0
"no soporto abrir los ojos del dolor, por otro lado escucho los ruidos demasiado fuertes, sin problemas de movilidad.",0,2,1
no veo casi nada pero tengo sordera profunda y puedo andar sin problemas.,0,0,1
"me molesta mucho la luz, por otro lado sin problemas de oido, por otro lado demasiado veloz.",2,1,2
tengo vision normal aunque camino bien.,1,1,1
demasiado veloz,1,1,2
"tengo hipersensibilidad a la luz, por otro lado sin problemas de oidotambienme cuesta mucho caminar.",2,1,0
veo perfectamente y tengo un oido demasiado sensible - sin problemas de movilidad.,1,2,1
escucho los ruidos demasiado fuertes,1,2,1
me molesta mucho la luz aunque los ruidos fuertes me aturden aunque tengo necesidad constante de moverme.,2,2,2
"no tengo problemas oculares - mi oido es normal, ando con muletas.",1,1,0
"no soporto abrir los ojos del dolor, sin problemas de oido. me muevo con normalidad.",0,1,1
"tengo hipersensibilidad a la luz, escucho todo muy apagado aunque tengo hipermovilidad.",2,0,2
tengo hipersensibilidad a la luz - camino perfectamente.,2,1,1
tengo sensibilidad extrema a la luz. los ruidos fuertes me aturden y puedo caminar y correr.,2,2,1
no soporto las luces brillanteso seapuedo andar sin problemas.,2,1,1
"no tengo problemas oculares, por otro lado escucho perfectamente aunque no puedo estar sentado mucho tiempo.",1,1,2
tengo dolor ocular ademas escucho las conversaciones sin problematambientengo inquietud motora extrema.,0,1,2
llevo lentillas y veo bien ademas super oidoo seacamino bien.,1,2,1
tengo vision normal,1,1,1
mi agudeza visual es promedio pero me molestan mucho los ruidos y me muevo con normalidad.,1,2,1
no tengo problemas oculares ademas escucho perfectamente - tengo dificultad para andar.,1,1,0
veo lo necesario y me muevo compulsivamente.,1,1,2
tengo problemas al caminar,1,1,0
tengo sensibilidad extrema a la luz. puedo caminar y correr.,2,1,1
hiper vision pero estoy inmovilizado.,2,1,0
perdi los ojoso seame muevo con normalidad.,0,1,1
perdi los ojoso seano me puedo mover.,0,1,0
"no tengo problemas oculares, tengo hiperacusia y camino bien.",1,2,1
tengo sensibilidad extrema a la luz,2,1,1
"he perdido el ojo izquierdo, por otro lado me muevo con normalidad.",0,1,1
tengo tics motores,1,1,2
no tengo problemas oculares,1,1,1
no soporto las luces brillantes ademas camino perfectamente.,2,1,1
me muevo con normalidad,1,1,1
no me puedo quedar quieto,1,1,2
tengo necesidad constante de moverme,1,1,2
no escucho en absoluto,1,0,1
me molesta mucho la luz,2,1,1
los ruidos fuertes me aturden,1,2,1
"tengo hipersensibilidad a la luz ademas tengo sordera profunda, camino perfectamente.",2,0,1
tengo hipersensibilidad visual y soy hiperactivo.,2,1,2
mi oido es normal,1,1,1
tengo dolor constante en los ojostambienuso lenguaje de señas - tengo hiperactividad.,0,0,2
no soporto las luces brillantes aunque tengo un oido demasiado sensible - camino perfectamente.,2,2,1
tengo ceguera total ademas no escucho en absoluto. tengo movilidad muy reducida.,0,0,0
los brillos me hacen daño en los ojos,2,1,1
siento dolor en los ojos,0,1,1
veo lo necesario ademas ando con muletas.,1,1,0
tengo vision normal aunque mi oido es normal aunque estoy inmovilizado.,1,1,0
oido muy fino,1,2,1
oido demasiado fino,1,2,1
"mi vista es normal, por otro lado tengo audicion nula - no me puedo quedar quieto.",1,0,2
no soporto las luces brillanteso seatengo un tapono seapuedo caminar y correr.,2,0,1
"no veo en absoluto ademas no escucho en absoluto, demasiado veloz.",0,0,2
"me duele el ojo derecho, escucho todo muy apagado, puedo andar sin problemas.",0,0,1
tengo sensibilidad extrema a la luz. tengo hipersensibilidad auditiva aunque tengo inquietud motora extrema.,2,2,2
mi vista es normal - tengo audicion normal - no puedo estar sentado mucho tiempo.,1,1,2
tengo hipersensibilidad visual y camino perfectamente.,2,1,1
no veo nada,0,1,1
"tengo hipersensibilidad a la luz, por otro lado tengo muy poca audicion - me muevo compulsivamente.",2,0,2
tengo muy poca audicion,1,0,1
los brillos me hacen daño en los ojos aunque puedo caminar y correr.,2,1,1
veo lo necesariotambienmi oido es normal ademas tengo tics motores.,1,1,2
veo lo necesarioo seatengo audicion normal. camino bien.,1,1,1
me duelen los ojoso seami movilidad es normal.,0,1,1
tengo sensibilidad extrema a la luz ademas soy hiperactivo.,2,1,2
sin problemas de oido,1,1,1
veo destellos constantemente - tengo hiperacusia ademas tengo hipermovilidad.,2,2,2
"me molesta mucho la luz, ando con muletas.",2,1,0
hiper vision. tengo sordera profunda - tengo inquietud motora extrema.,2,0,2
tengo fotofobia y sin problemas de movilidad.,2,1,1
no soporto abrir los ojos del dolor,0,1,1
no oigo nada,1,0,1
tengo sensibilidad extrema a la luzo seami oido es normal pero me muevo con normalidad.,2,1,1
uso lenguaje de señas,1,0,1
super vision pero tengo hipersensibilidad auditiva ademas tengo exceso de movimiento.,2,2,2
veo destellos constantemente,2,1,1
me molestan mucho los ruidos,1,2,1
soy paralitico,1,1,0
veo perfectamente ademas los sonidos agudos me dan dolor de cabeza - tengo problemas al caminar.,1,2,0
"no soporto las luces brillantes aunque oido muy fino, por otro lado camino muy lento.",2,2,0
"tengo dolor constante en los ojos, ando con muletas.",0,1,0
no veo en absolutoo seaestoy inmovilizado.,0,1,0
me molesta mucho la luz - super oido. ando con muletas.,2,2,0
super vision ademas soy muy lento caminando.,2,1,0
"uso gafas para leer, por otro lado oigo lo normal y puedo andar sin problemas.",1,1,1
no oigo nada,1,0,1
no soporto las luces brillantes,2,1,1
sin problemas de oido,1,1,1
escucho las conversaciones sin problema,1,1,1
soy hiperactivo,1,1,2
perdi los ojos. mi oido es normal - no puedo estar sentado mucho tiempo.,0,1,2
mi agudeza visual es promedio - tengo sordera profundao seavoy en baston.,1,0,0
"no soporto las luces brillantes ademas me molestan mucho los ruidos, por otro lado camino perfectamente.",2,2,1
no oigo nada,1,0,1
mi agudeza visual es promedio. me muevo con normalidad.,1,1,1
veo bientambientengo inquietud motora extrema.,1,1,2
veo bieno seaando en silla de ruedas.,1,1,0
"mi vista es normal, por otro lado oigo bien pero voy en baston.",1,1,0
no me puedo quedar quieto,1,1,2
"sin problemas de vista, tengo audicion normal. me muevo compulsivamente.",1,1,2
no veo nadatambienme muevo con normalidad.,0,1,1
hiper visiontambienoigo lo normal pero tengo necesidad constante de moverme.,2,1,2
tengo hipersensibilidad visual pero me molestan mucho los ruidos pero tengo necesidad constante de moverme.,2,2,2
"no soporto las luces brillantes, por otro lado soy sordotambientengo hipermovilidad.",2,0,2
veo destellos constantemente y me molestan mucho los ruidos y voy en baston.,2,2,0
"no veo casi nada, soy hiperactivo.",0,1,2
"veo bien, tengo un tapon aunque sin problemas de movilidad.",1,0,1
tengo dolor constante en los ojos - no escucho en absoluto ademas tengo hiperactividad.,0,0,2
me duelen los ojos aunque los ruidos fuertes me aturden ademas camino perfectamente.,0,2,1
voy en baston,1,1,0
camino bien,1,1,1
llevo lentillas y veo bien ademas no oigo nada - tengo tics motores.,1,0,2
tengo dolor ocular. sin problemas de movilidad.,0,1,1
tengo hipersensibilidad visual aunque tengo audicion normaltambiencamino bien.,2,1,1
"tengo hipersensibilidad a la luz, por otro lado no oigo nadatambienno me puedo mover.",2,0,0
sin problemas de vista ademas tengo inquietud motora extrema.,1,1,2
"tengo problemas en la vista, por otro lado mi movilidad es normal.",0,1,1
me duelen los ojos al mirar. soy paraplejico.,0,1,0
llevo lentillas y veo bien,1,1,1
tengo inquietud motora extrema,1,1,2
no escucho nada,1,0,1
super vision - puedo caminar y correr.,2,1,1
"mi agudeza visual es promedio aunque oigo muy mal, por otro lado no puedo estar sentado mucho tiempo.",1,0,2
"no veo en absolutotambienmi oido es normal, por otro lado camino perfectamente.",0,1,1
tengo audicion normal,1,1,1
sin problemas de vistatambiencamino bien.,1,1,1
"mi vista es normal ademas super oido, por otro lado puedo andar sin problemas.",1,2,1
"veo perfectamente - no oigo nada, soy paraplejico.",1,0,0
no soporto el volumen alto,1,2,1
tengo hipersensibilidad auditiva,1,2,1
veo muy mal,0,1,1
tengo fotofobiao seami movilidad es normal.,2,1,1
tengo exceso de movimiento,1,1,2
no soporto las luces brillantes aunque tengo necesidad constante de moverme.,2,1,2
me duelen los ojos permanentemente,0,1,1
mi oido es normal,1,1,1
tengo hipersensibilidad al ruido,1,2,1
veo bien pero me molestan mucho los ruidos - ando con muletas.,1,2,0
tengo audicion normal,1,1,1
voy en baston,1,1,0
uso baston para ciegos. oido demasiado fino. no puedo estar sentado mucho tiempo.,0,2,2
perdi la vista. no puedo mover las piernas.,0,1,0
me molesta mucho la luztambientengo tics motores.,2,1,2
tengo hipersensibilidad visual aunque escucho las conversaciones sin problema - estoy inmovilizado.,2,1,0
no veo casi nada,0,1,1
los brillos me hacen daño en los ojos y oigo muy mal pero estoy inmovilizado.,2,0,0
la luz me deslumbra demasiado aunque no me puedo quedar quieto.,2,1,2
"hiper vision ademas escucho las conversaciones sin problema, tengo inquietud motora extrema.",2,1,2
mi movilidad es normal,1,1,1
uso gafas para leer,1,1,1
escucho los ruidos demasiado fuertes,1,2,1
estoy inmovilizado,1,1,0
"tengo fotofobia, por otro lado no me puedo mover.",2,1,0
veo muy mal. puedo caminar y correr.,0,1,1
no soporto las luces brillantes ademas oigo muy mal y no me puedo mover.,2,0,0
estoy ciego pero no escucho en absoluto ademas soy paraplejico.,0,0,0
oido demasiado fino,1,2,1
sin problemas de vistao seaescucho todo muy apagadotambienpuedo andar sin problemas.,1,0,1
siento dolor en los ojoso seami oido es normal y camino bien.,0,1,1
"me duelen los ojos permanentemente pero escucho todo muy apagado, camino bien.",0,0,1
tengo vision normal pero oigo bien. tengo hipermovilidad.,1,1,2
tengo fotofobia,2,1,1
tengo fotofobia,2,1,1
me molestan mucho los ruidos,1,2,1
veo todo muy borroso pero oigo bientambienvoy en baston.,0,1,0
"no tengo problemas oculares, escucho los ruidos demasiado fuertes y no puedo caminar.",1,2,0
uso gafas para leertambienoido demasiado fino - tengo dificultad para andar.,1,2,0
tengo muy poca vision pero puedo andar sin problemas.,0,1,1
me duelen los ojos permanentementetambiencamino perfectamente.,0,1,1
me duelen los ojos permanentemente aunque me muevo compulsivamente.,0,1,2
no soporto el volumen alto,1,2,1
"llevo lentillas y veo bientambienescucho todo muy apagado, por otro lado demasiado veloz.",1,0,2
tengo vision normaltambiensuper oido y tengo inquietud motora extrema.,1,2,2
puedo andar sin problemas,1,1,1
oido muy fino,1,2,1
veo perfectamente - tengo movilidad muy reducida.,1,1,0
"me duele el ojo izquierdo, por otro lado puedo caminar y correr.",0,1,1
me duele el ojo izquierdo. tengo sordera - voy en baston.,0,0,0
no me puedo quedar quieto,1,1,2
tengo dolor ocular aunque me muevo con normalidad.,0,1,1
mis ojos estan inflamados y duelen aunque sin problemas de movilidad.,0,1,1
veo destellos constantemente - oido muy fino pero estoy inmovilizado.,2,2,0
"mis ojos estan inflamados y duelen, por otro lado escucho los ruidos demasiado fuertes - tengo hipermovilidad.",0,2,2
no puedo estar sentado mucho tiempo,1,1,2
"he perdido el ojo izquierdo, los sonidos agudos me dan dolor de cabeza. camino bien.",0,2,1
me duelen los ojos,0,1,1
tengo hipersensibilidad visualo seaoido muy fino. tengo necesidad constante de moverme.,2,2,2
mi vista es normal pero tengo hipersensibilidad al ruido aunque me cuesta mucho caminar.,1,2,0
llevo lentillas y veo bien ademas me cuesta mucho caminar.,1,1,0
los ruidos fuertes me aturden,1,2,1
tengo sensibilidad extrema a la luz,2,1,1
"me duele el ojo izquierdo. escucho perfectamente, por otro lado tengo movilidad muy reducida.",0,1,0
me molesta mucho la luz. no oigo nada aunque voy en baston.,2,0,0
no soporto las luces brillantes,2,1,1
"no veo casi nada, camino perfectamente.",0,1,1
llevo lentillas y veo bien y tengo hipersensibilidad auditiva aunque camino perfectamente.,1,2,1
voy en baston,1,1,0
"me duele el ojo izquierdo, por otro lado escucho los ruidos demasiado fuertes aunque puedo caminar y correr.",0,2,1
uso baston para ciegos. demasiado veloz.,0,1,2
mi vista es normal ademas voy en baston.,1,1,0
sin problemas de vista aunque tengo dificultad para andar.,1,1,0
"llevo lentillas y veo bien, oigo muy mal. mi movilidad es normal.",1,0,1
hiper vision aunque oigo muy mal y no me puedo quedar quieto.,2,0,2
"siento dolor en los ojos, por otro lado demasiado veloz.",0,1,2
uso baston para ciegoso seasin problemas de oido aunque sin problemas de movilidad.,0,1,1
me duelen los ojos permanentemente,0,1,1
camino perfectamente,1,1,1
no veo casi nada aunque escucho las conversaciones sin problema. tengo inquietud motora extrema.,0,1,2
me molesta mucho la luz ademas tengo necesidad constante de moverme.,2,1,2
la luz me deslumbra demasiadoo seaoigo bien ademas puedo caminar y correr.,2,1,1
"veo lo necesario, por otro lado tengo hipersensibilidad al ruidoo seasoy hiperactivo.",1,2,2
veo bien,1,1,1
tengo audicion nula,1,0,1
no veo nada. me muevo con normalidad.,0,1,1
hiper visiontambientengo hipersensibilidad al ruido ademas estoy inmovilizado.,2,2,0
demasiado veloz,1,1,2
veo lo necesario y tengo movilidad muy reducida.,1,1,0
no puedo caminar,1,1,0
mi agudeza visual es promedioo seano puedo mover las piernas.,1,1,0
mi agudeza visual es promediotambienando en silla de ruedas.,1,1,0
tengo sensibilidad extrema a la luz aunque escucho las conversaciones sin problema y puedo caminar y correr.,2,1,1
me duele el ojo izquierdotambientengo hipersensibilidad auditiva. tengo problemas al caminar.,0,2,0
hiper vision - no escucho en absoluto ademas sin problemas de movilidad.,2,0,1
"mi vista es normal - tengo muy poca audicion, sin problemas de movilidad.",1,0,1
no tengo problemas ocularestambientengo hiperactividad.,1,1,2
"tengo vision nula ademas oigo bien, estoy inmovilizado.",0,1,0
ando con muletas,1,1,0
tengo hipersensibilidad visual pero tengo movilidad muy reducida.,2,1,0
puedo andar sin problemas,1,1,1
me duele el ojo izquierdo pero camino perfectamente.,0,1,1
no soporto abrir los ojos del dolor. puedo caminar y correr.,0,1,1
tengo sensibilidad extrema a la luz. me muevo compulsivamente.,2,1,2
sin problemas de vista,1,1,1
tengo inquietud motora extrema,1,1,2
me muevo con normalidad,1,1,1
"veo muy mal, camino bien.",0,1,1
tengo audicion normal,1,1,1
"tengo dolor ocular, por otro lado soy sordo, por otro lado ando en silla de ruedas.",0,0,0
no soporto las luces brillantes ademas oigo lo normal ademas demasiado veloz.,2,1,2
sin problemas de vistatambientengo sordera aunque me muevo compulsivamente.,1,0,2
tengo hipersensibilidad visual pero tengo problemas al caminar.,2,1,0
oigo bien,1,1,1
"sin problemas de vista, uso lenguaje de señas, tengo exceso de movimiento.",1,0,2
"mi agudeza visual es promedio aunque oigo muy mal, por otro lado me muevo compulsivamente.",1,0,2
tengo muy poca vision aunque soy sordo aunque soy paraplejico.,0,0,0
oigo lo normal,1,1,1
tengo sensibilidad extrema a la luz y escucho las conversaciones sin problematambiencamino bien.,2,1,1
demasiado veloz,1,1,2
oigo muy mal,1,0,1
"me duelen los ojos, por otro lado mi movilidad es normal.",0,1,1
mi movilidad es normal,1,1,1
uso gafas para leer y mi oido es normal aunque no puedo estar sentado mucho tiempo.,1,1,2
me cuesta mucho caminar,1,1,0
no soporto el volumen alto,1,2,1
veo lo necesarioo seano soporto el volumen alto y tengo hiperactividad.,1,2,2
"veo destellos constantemente, oigo lo normal, por otro lado camino bien.",2,1,1
veo lo necesario - sin problemas de oido - ando en silla de ruedas.,1,1,0
camino muy lento,1,1,0
"la luz me deslumbra demasiado, por otro lado tengo tics motores.",2,1,2
tengo dolor constante en los ojos - escucho las conversaciones sin problema - tengo exceso de movimiento.,0,1,2
veo lo necesariotambientengo dificultad para andar.,1,1,0
me molesta mucho la luz,2,1,1
sin problemas de vistatambientengo un tapon ademas puedo caminar y correr.,1,0,1
veo lo necesario pero tengo exceso de movimiento.,1,1,2
veo bien pero mi movilidad es normal.,1,1,1
"ceguera absoluta ademas los ruidos fuertes me aturden, tengo hipermovilidad.",0,2,2
"veo lo necesario. soy sordo, tengo inquietud motora extrema.",1,0,2
tengo dolor ocular - mi oido es normal. no me puedo quedar quieto.,0,1,2
tengo sensibilidad extrema a la luztambienoigo bien y tengo hipermovilidad.,2,1,2
veo todo muy borrosoo seaescucho las conversaciones sin problema pero soy paraplejico.,0,1,0
tengo hipersensibilidad visualtambienoigo lo normaltambienno puedo caminar.,2,1,0
"tengo hipersensibilidad visual ademas tengo hipersensibilidad al ruido, tengo dificultad para andar.",2,2,0
llevo lentillas y veo bien aunque tengo hiperactividad.,1,1,2
hiper vision,2,1,1
tengo dolor ocular aunque sin problemas de oido pero sin problemas de movilidad.,0,1,1
oigo bien,1,1,1
"mi agudeza visual es promedio ademas no escucho nada, tengo dificultad para andar.",1,0,0
me molesta mucho la luz. puedo caminar y correr.,2,1,1
"tengo vision normal, por otro lado no escucho en absolutoo seacamino bien.",1,0,1
tengo hipersensibilidad a la luztambientengo sordera - no puedo caminar.,2,0,0
veo lo necesarioo sealos sonidos agudos me dan dolor de cabeza - mi movilidad es normal.,1,2,1
tengo inquietud motora extrema,1,1,2
"la luz me deslumbra demasiado y tengo audicion normal, tengo tics motores.",2,1,2
hiper vision. escucho perfectamente pero camino muy lento.,2,1,0
sin problemas de vista pero puedo andar sin problemas.,1,1,1
"llevo lentillas y veo bien, por otro lado no escucho en absoluto, por otro lado no puedo mover las piernas.",1,0,0
"sin problemas de vista, no oigo nada ademas sin problemas de movilidad.",1,0,1
uso gafas para leertambienescucho las conversaciones sin problematambienno puedo estar sentado mucho tiempo.,1,1,2
la luz me deslumbra demasiadoo seapuedo caminar y correr.,2,1,1
"llevo lentillas y veo bien, tengo hipermovilidad.",1,1,2
tengo vision normal aunque tengo audicion nulatambienmi movilidad es normal.,1,0,1
"tengo hipersensibilidad a la luz, voy en baston.",2,1,0
estoy ciego pero oido demasiado finotambientengo hipermovilidad.,0,2,2
super visiontambientengo hiperacusia pero puedo andar sin problemas.,2,2,1
me molestan mucho los ruidos,1,2,1
tengo muy poca vision - me molestan mucho los ruidos ademas sin problemas de movilidad.,0,2,1
"tengo dolor constante en los ojos ademas uso lenguaje de señas, por otro lado demasiado veloz.",0,0,2
"veo destellos constantemente, oigo bien aunque ando en silla de ruedas.",2,1,0
tengo tics motores,1,1,2
"me duelen los ojos al mirar ademas no escucho en absoluto, por otro lado tengo hipermovilidad.",0,0,2
"tengo vision normal, por otro lado tengo un tapon y me muevo compulsivamente.",1,0,2
tengo fotofobiatambienescucho todo muy apagado y mi movilidad es normal.,2,0,1
ceguera absoluta pero escucho todo muy apagadoo seatengo necesidad constante de moverme.,0,0,2
ceguera absoluta y ando con muletas.,0,1,0
"los brillos me hacen daño en los ojos pero oigo lo normal, camino muy lento.",2,1,0
tengo problemas en la vistatambienoigo muy maltambienme muevo con normalidad.,0,0,1
siento dolor en los ojos,0,1,1
mi agudeza visual es promedio - oido muy fino aunque puedo andar sin problemas.,1,2,1
"veo lo necesario, camino perfectamente.",1,1,1
sin problemas de vista ademas tengo movilidad muy reducida.,1,1,0
"la luz me deslumbra demasiado ademas tengo hipersensibilidad auditiva, por otro lado no me puedo quedar quieto.",2,2,2
"me molesta mucho la luz, por otro lado tengo hipersensibilidad al ruido, por otro lado camino bien.",2,2,1
llevo lentillas y veo bien aunque escucho las conversaciones sin problema pero puedo andar sin problemas.,1,1,1
tengo problemas en la vista ademas no puedo mover las piernas.,0,1,0
estoy ciegotambientengo hipermovilidad.,0,1,2
tengo sensibilidad extrema a la luz pero tengo un oido demasiado sensible - me muevo compulsivamente.,2,2,2
tengo hipersensibilidad a la luz y mi oido es normal. me muevo con normalidad.,2,1,1
no veo nada ademas sin problemas de oido ademas soy muy lento caminando.,0,1,0
me molesta mucho la luz pero tengo hipersensibilidad al ruido ademas soy muy lento caminando.,2,2,0
mis ojos estan inflamados y duelen y no me puedo quedar quieto.,0,1,2
sin problemas de vista ademas tengo hipersensibilidad auditivao seaando en silla de ruedas.,1,2,0
siento dolor en los ojos,0,1,1
tengo hipersensibilidad al ruido,1,2,1
soy paraplejico,1,1,0
"veo bien, por otro lado tengo sordera pero soy hiperactivo.",1,0,2
mi vista es normal y tengo exceso de movimiento.,1,1,2
no escucho en absoluto,1,0,1
no tengo problemas oculares aunque oigo lo normal ademas puedo andar sin problemas.,1,1,1
tengo problemas en la vista,0,1,1
mi movilidad es normal,1,1,1
no veo casi nada aunque oigo lo normalo seano puedo mover las piernas.,0,1,0
tengo problemas en la vista. tengo audicion nula pero no me puedo quedar quieto.,0,0,2
veo lo necesario. no soporto el volumen alto y camino bien.,1,2,1
tengo dolor ocular. escucho todo muy apagadotambienando con muletas.,0,0,0
he perdido el ojo derecho ademas tengo un oido demasiado sensible. tengo hipermovilidad.,0,2,2
tengo dolor constante en los ojos aunque soy sordo ademas camino muy lento.,0,0,0
veo perfectamente y tengo un oido demasiado sensible. tengo tics motores.,1,2,2
oigo muy mal,1,0,1
"no veo casi nada, mi oido es normalo seasoy hiperactivo.",0,1,2
"perdi la vista, por otro lado no escucho nada pero camino muy lento.",0,0,0
hiper vision,2,1,1
veo lo necesario,1,1,1
me molesta mucho la luz - los sonidos agudos me dan dolor de cabeza - camino perfectamente.,2,2,1
tengo vision nula pero me muevo con normalidad.,0,1,1
no veo nada - tengo audicion nula aunque tengo tics motores.,0,0,2
uso gafas para leer,1,1,1
"he perdido el ojo derecho, no puedo caminar.",0,1,0
tengo hiperactividad,1,1,2
estoy ciego,0,1,1
veo bien. tengo hiperactividad.,1,1,2
llevo lentillas y veo bien pero no me puedo mover.,1,1,0
tengo vision normal aunque oido muy fino y camino perfectamente.,1,2,1
la luz me deslumbra demasiado - tengo audicion normal y tengo inquietud motora extrema.,2,1,2
"super vision pero escucho perfectamente, estoy inmovilizado.",2,1,0
tengo dolor constante en los ojos y no puedo estar sentado mucho tiempo.,0,1,2
tengo sensibilidad extrema a la luz. soy hiperactivo.,2,1,2
super vision. tengo audicion normal aunque no puedo mover las piernas.,2,1,0
"tengo fotofobia - tengo un oido demasiado sensible, por otro lado tengo hiperactividad.",2,2,2
mis ojos estan inflamados y duelentambienando en silla de ruedas.,0,1,0
oido demasiado fino,1,2,1
tengo vision nula aunque tengo audicion normal ademas demasiado veloz.,0,1,2
"no soporto las luces brillantes, camino bien.",2,1,1
veo todo muy borrosotambientengo sordera profunda - camino perfectamente.,0,0,1
"mi agudeza visual es promedio, escucho los ruidos demasiado fuertes, por otro lado tengo movilidad muy reducida.",1,2,0
"mi vista es normal, por otro lado tengo un oido demasiado sensible ademas no me puedo mover.",1,2,0
uso gafas para leer ademas tengo sordera profunda y soy paraplejico.,1,0,0
me duelen los ojos permanentemente - soy paraplejico.,0,1,0
mi oido es normal,1,1,1
perdi la vista,0,1,1
"no veo en absoluto, tengo audicion nulao seano puedo mover las piernas.",0,0,0
tengo fotofobia,2,1,1
soy muy lento caminando,1,1,0
veo destellos constantemente - soy paralitico.,2,1,0
hiper visiono seatengo hiperactividad.,2,1,2
"no soporto las luces brillantes, tengo hiperactividad.",2,1,2
sin problemas de vista y oigo bieno seacamino muy lento.,1,1,0
oido muy fino,1,2,1
tengo vision normalo seacamino bien.,1,1,1
tengo ceguera total pero soy muy lento caminando.,0,1,0
tengo dolor ocular. escucho perfectamente aunque tengo hiperactividad.,0,1,2
no soporto abrir los ojos del dolor,0,1,1
la luz me deslumbra demasiado aunque camino bien.,2,1,1
siento dolor en los ojos aunque los sonidos agudos me dan dolor de cabezao seacamino bien.,0,2,1
veo lo necesario y ando con muletas.,1,1,0
"veo muy mal, soy sordo - tengo tics motores.",0,0,2
tengo un oido demasiado sensible,1,2,1
sin problemas de vista,1,1,1
no puedo caminar,1,1,0
sin problemas de vistao seatengo hipermovilidad.,1,1,2
sin problemas de vista,1,1,1
siento dolor en los ojoso seatengo audicion normalo seavoy en baston.,0,1,0
tengo hipersensibilidad a la luz y tengo un oido demasiado sensibletambientengo necesidad constante de moverme.,2,2,2
he perdido el ojo derecho y no puedo caminar.,0,1,0
tengo fotofobia. sin problemas de oido - no me puedo quedar quieto.,2,1,2
"me duele el ojo derecho, por otro lado no puedo estar sentado mucho tiempo.",0,1,2
tengo exceso de movimiento,1,1,2
no puedo mover las piernas,1,1,0
los sonidos agudos me dan dolor de cabeza,1,2,1
he perdido el ojo derecho,0,1,1
camino bien,1,1,1
veo muy mal. escucho perfectamente ademas tengo exceso de movimiento.,0,1,2
tengo hipersensibilidad a la luz ademas oigo lo normal aunque ando con muletas.,2,1,0
"he perdido el ojo izquierdo. escucho perfectamente, por otro lado puedo andar sin problemas.",0,1,1
me molesta mucho la luz pero tengo exceso de movimiento.,2,1,2
"uso baston para ciegos, mi movilidad es normal.",0,1,1
perdi los ojos - sin problemas de oidoo seasoy paralitico.,0,1,0
llevo lentillas y veo bientambienno escucho nadao seacamino perfectamente.,1,0,1
llevo lentillas y veo bien ademas oigo muy maltambienvoy en baston.,1,0,0
llevo lentillas y veo bien ademas puedo caminar y correr.,1,1,1
tengo problemas al caminar,1,1,0
"tengo fotofobia - uso lenguaje de señas, voy en baston.",2,0,0
tengo hipersensibilidad visual y tengo sordera y tengo problemas al caminar.,2,0,0
llevo lentillas y veo bien - no escucho en absoluto - puedo caminar y correr.,1,0,1
tengo problemas al caminar,1,1,0
"tengo vision normal, soy paraplejico.",1,1,0
no tengo problemas oculares y tengo exceso de movimiento.,1,1,2
camino bien,1,1,1
"mi vista es normal, oigo bieno seasin problemas de movilidad.",1,1,1
tengo hipersensibilidad a la luz pero tengo tics motores.,2,1,2
veo perfectamentetambienvoy en baston.,1,1,0
tengo vision normal pero me cuesta mucho caminar.,1,1,0
"mi agudeza visual es promediotambienescucho las conversaciones sin problema, por otro lado tengo exceso de movimiento.",1,1,2
"perdi los ojos pero sin problemas de oido, por otro lado no me puedo quedar quieto.",0,1,2
no soporto las luces brillantes aunque no me puedo quedar quieto.,2,1,2
tengo hiperactividad,1,1,2
tengo vision normal,1,1,1
"sin problemas de vista, oigo muy mal ademas no puedo estar sentado mucho tiempo.",1,0,2
no soporto abrir los ojos del dolortambienando con muletas.,0,1,0
oigo lo normal,1,1,1
"he perdido el ojo izquierdo y los ruidos fuertes me aturden, por otro lado camino perfectamente.",0,2,1
tengo hipersensibilidad a la luz,2,1,1
tengo ceguera total ademas me cuesta mucho caminar.,0,1,0
tengo muy poca vision y mi oido es normal y ando en silla de ruedas.,0,1,0
tengo fotofobia pero camino bien.,2,1,1
no puedo caminar,1,1,0
tengo hipersensibilidad a la luz pero estoy inmovilizado.,2,1,0
siento dolor en los ojoso seano puedo caminar.,0,1,0
super vision. super oido ademas me muevo con normalidad.,2,2,1
veo muy mal. sin problemas de movilidad.,0,1,1
tengo fotofobia. mi oido es normal pero soy paraplejico.,2,1,0
los brillos me hacen daño en los ojostambienlos sonidos agudos me dan dolor de cabeza - puedo caminar y correr.,2,2,1
tengo hipersensibilidad a la luz ademas mi movilidad es normal.,2,1,1
"veo lo necesariotambienoigo lo normal, por otro lado me cuesta mucho caminar.",1,1,0
siento dolor en los ojos. no escucho nada y puedo caminar y correr.,0,0,1
"no tengo problemas ocularestambienescucho los ruidos demasiado fuertes, no puedo caminar.",1,2,0
me muevo con normalidad,1,1,1
tengo hipersensibilidad visual,2,1,1
sin problemas de vista,1,1,1
super oido,1,2,1
mis ojos estan inflamados y duelen,0,1,1
tengo muy poca vision aunque ando con muletas.,0,1,0
veo destellos constantementeo seaescucho los ruidos demasiado fuertes pero voy en baston.,2,2,0
"tengo muy poca vision, sin problemas de oido pero no me puedo quedar quieto.",0,1,2
no escucho nada,1,0,1
"mis ojos estan inflamados y duelen, por otro lado no escucho nada ademas tengo movilidad muy reducida.",0,0,0
veo bientambiensin problemas de oido. puedo andar sin problemas.,1,1,1
mi agudeza visual es promedioo seano soporto el volumen alto. tengo problemas al caminar.,1,2,0
hiper vision,2,1,1
llevo lentillas y veo bien y super oido. tengo problemas al caminar.,1,2,0
siento dolor en los ojos aunque no escucho nada y sin problemas de movilidad.,0,0,1
veo todo muy borroso,0,1,1
"no veo casi nada, por otro lado no escucho nada - tengo inquietud motora extrema.",0,0,2
mi agudeza visual es promedio ademas super oido - me muevo compulsivamente.,1,2,2
hiper visiontambientengo sordera aunque puedo caminar y correr.,2,0,1
ceguera absolutatambiencamino bien.,0,1,1
"uso baston para ciegos, no oigo nada, camino muy lento.",0,0,0
camino perfectamente,1,1,1
oigo lo normal,1,1,1
perdi los ojos. mi oido es normal aunque me muevo con normalidad.,0,1,1
hiper vision,2,1,1
veo muy mal pero tengo exceso de movimiento.,0,1,2
tengo vision nulatambiensuper oidoo seatengo hipermovilidad.,0,2,2
tengo ceguera total - uso lenguaje de señas aunque camino perfectamente.,0,0,1
"me duelen los ojos permanentemente, tengo tics motores.",0,1,2
la luz me deslumbra demasiado,2,1,1
"mis ojos estan inflamados y duelen y escucho las conversaciones sin problema, ando en silla de ruedas.",0,1,0
camino muy lento,1,1,0
me duele el ojo izquierdo,0,1,1
mi vista es normaltambienno me puedo quedar quieto.,1,1,2
"uso baston para ciegos, por otro lado super oido. ando en silla de ruedas.",0,2,0
"veo lo necesario, por otro lado demasiado veloz.",1,1,2
estoy ciegoo seame molestan mucho los ruidos. demasiado veloz.,0,2,2
soy sordo,1,0,1
veo perfectamentetambienno me puedo quedar quieto.,1,1,2
veo destellos constantemente ademas no puedo estar sentado mucho tiempo.,2,1,2
me duele el ojo derecho. tengo dificultad para andar.,0,1,0
veo bien,1,1,1
escucho todo muy apagado,1,0,1
no soporto abrir los ojos del dolor ademas tengo un tapon - mi movilidad es normal.,0,0,1
mi vista es normal y tengo muy poca audicion pero voy en baston.,1,0,0
"tengo sensibilidad extrema a la luz, por otro lado tengo hipersensibilidad al ruido pero soy paraplejico.",2,2,0
llevo lentillas y veo bien pero oigo muy mal aunque soy paraplejico.,1,0,0
tengo fotofobiao seapuedo caminar y correr.,2,1,1
los brillos me hacen daño en los ojos. mi oido es normal - no puedo caminar.,2,1,0
no me puedo mover,1,1,0
uso baston para ciegos pero me molestan mucho los ruidos ademas tengo dificultad para andar.,0,2,0
tengo hipersensibilidad auditiva,1,2,1
mi agudeza visual es promedio,1,1,1
uso gafas para leer y demasiado veloz.,1,1,2
los brillos me hacen daño en los ojos - tengo hipermovilidad.,2,1,2
"estoy ciego aunque los ruidos fuertes me aturden, tengo necesidad constante de moverme.",0,2,2
llevo lentillas y veo bien. soy muy lento caminando.,1,1,0
no veo casi nada pero uso lenguaje de señas. sin problemas de movilidad.,0,0,1
"sin problemas de vista, por otro lado escucho perfectamente. camino bien.",1,1,1
no soporto las luces brillantes aunque mi oido es normal pero soy paralitico.,2,1,0
tengo un tapon,1,0,1
veo bien,1,1,1
he perdido el ojo derecho - tengo audicion normal y no puedo mover las piernas.,0,1,0
no escucho en absoluto,1,0,1
demasiado veloz,1,1,2
llevo lentillas y veo bien pero no oigo nada pero camino perfectamente.,1,0,1
llevo lentillas y veo bien ademas puedo caminar y correr.,1,1,1
soy sordo,1,0,1
veo destellos constantemente ademas puedo caminar y correr.,2,1,1
no veo casi nada pero tengo movilidad muy reducida.,0,1,0
veo bien y oigo bien - soy paralitico.,1,1,0
los brillos me hacen daño en los ojoso seami movilidad es normal.,2,1,1
la luz me deslumbra demasiado ademas demasiado veloz.,2,1,2
veo lo necesariotambiensoy muy lento caminando.,1,1,0
tengo tics motores,1,1,2
me duele el ojo derecho. tengo exceso de movimiento.,0,1,2
tengo problemas en la vistatambienpuedo andar sin problemas.,0,1,1
me molesta mucho la luztambiencamino bien.,2,1,1
llevo lentillas y veo bien,1,1,1
tengo hipersensibilidad visual ademas tengo sorderao seame cuesta mucho caminar.,2,0,0
uso baston para ciegos. puedo andar sin problemas.,0,1,1
hiper visiono seano escucho nada y tengo inquietud motora extrema.,2,0,2
veo perfectamente - no escucho nadao seatengo tics motores.,1,0,2
tengo hipersensibilidad auditiva,1,2,1
"veo perfectamente, por otro lado tengo necesidad constante de moverme.",1,1,2
veo lo necesarioo seasin problemas de movilidad.,1,1,1
los brillos me hacen daño en los ojos ademas puedo caminar y correr.,2,1,1
tengo sensibilidad extrema a la luz - los sonidos agudos me dan dolor de cabeza - me muevo compulsivamente.,2,2,2
tengo un oido demasiado sensible,1,2,1
"perdi la vista, por otro lado super oido. mi movilidad es normal.",0,2,1
me molesta mucho la luz ademas tengo hipersensibilidad auditiva aunque tengo inquietud motora extrema.,2,2,2
mi oido es normal,1,1,1
"sin problemas de vista y tengo hipersensibilidad al ruido, soy muy lento caminando.",1,2,0
uso gafas para leer - me molestan mucho los ruidos - no me puedo quedar quieto.,1,2,2
llevo lentillas y veo bientambienno oigo nada y me cuesta mucho caminar.,1,0,0
mi vista es normal y tengo un tapontambientengo necesidad constante de moverme.,1,0,2
"uso gafas para leer, por otro lado tengo hipersensibilidad al ruido, me cuesta mucho caminar.",1,2,0
"llevo lentillas y veo bien, por otro lado soy muy lento caminando.",1,1,0
sin problemas de vista aunque tengo exceso de movimiento.,1,1,2
uso gafas para leero seatengo un oido demasiado sensible y tengo hiperactividad.,1,2,2
super vision ademas sin problemas de oido y puedo caminar y correr.,2,1,1
llevo lentillas y veo bien ademas tengo hiperacusia. no me puedo mover.,1,2,0
no tengo problemas oculares pero no me puedo quedar quieto.,1,1,2
"tengo hipersensibilidad visual aunque escucho las conversaciones sin problema, por otro lado estoy inmovilizado.",2,1,0
los brillos me hacen daño en los ojos aunque escucho las conversaciones sin problema aunque puedo caminar y correr.,2,1,1
camino perfectamente,1,1,1
hiper vision aunque tengo un oido demasiado sensible - puedo caminar y correr.,2,2,1
tengo vision normalo seapuedo caminar y correr.,1,1,1
tengo hipersensibilidad visualtambientengo audicion normalo seatengo movilidad muy reducida.,2,1,0
perdi la vista,0,1,1
tengo sensibilidad extrema a la luz aunque escucho los ruidos demasiado fuertestambienno me puedo quedar quieto.,2,2,2
los brillos me hacen daño en los ojos aunque oigo bien y soy paralitico.,2,1,0
demasiado veloz,1,1,2
veo perfectamente. los ruidos fuertes me aturden. puedo caminar y correr.,1,2,1
super vision ademas escucho perfectamente aunque camino muy lento.,2,1,0
"hiper vision, escucho las conversaciones sin problematambienvoy en baston.",2,1,0
hiper vision,2,1,1
la luz me deslumbra demasiado aunque oigo lo normalo seatengo necesidad constante de moverme.,2,1,2
tengo hipersensibilidad al ruido,1,2,1
mi agudeza visual es promedio aunque no escucho nadatambienpuedo andar sin problemas.,1,0,1
tengo ceguera total aunque oido muy fino pero tengo inquietud motora extrema.,0,2,2
"veo perfectamente, por otro lado soy sordo, por otro lado demasiado veloz.",1,0,2
no tengo problemas oculares aunque tengo un tapon aunque no puedo mover las piernas.,1,0,0
uso gafas para leer pero los ruidos fuertes me aturden ademas tengo hipermovilidad.,1,2,2
ando en silla de ruedas,1,1,0
tengo dolor ocularo seano puedo caminar.,0,1,0
tengo un oido demasiado sensible,1,2,1
"me duele el ojo derecho - oigo muy mal, camino perfectamente.",0,0,1
la luz me deslumbra demasiado y no escucho en absoluto ademas tengo tics motores.,2,0,2
"tengo hipersensibilidad visual, por otro lado no puedo estar sentado mucho tiempo.",2,1,2
siento dolor en los ojos,0,1,1
"tengo vision nula, tengo un oido demasiado sensible y me muevo con normalidad.",0,2,1
no soporto las luces brillantes. escucho perfectamente pero puedo andar sin problemas.,2,1,1
super visiontambienmi movilidad es normal.,2,1,1
tengo hipersensibilidad visual y escucho todo muy apagado pero tengo hiperactividad.,2,0,2
"me duelen los ojos, tengo un tapon, por otro lado sin problemas de movilidad.",0,0,1
veo lo necesarioo seaoido muy fino. tengo exceso de movimiento.,1,2,2
camino bien,1,1,1
uso gafas para leer,1,1,1
uso gafas para leer aunque tengo sordera profunda aunque estoy inmovilizado.,1,0,0
me duelen los ojos permanentemente,0,1,1
"tengo vision normal, no soporto el volumen alto pero tengo hipermovilidad.",1,2,2
mi agudeza visual es promedio ademas soy paralitico.,1,1,0
tengo dolor constante en los ojoso seaando en silla de ruedas.,0,1,0
ando en silla de ruedas,1,1,0
tengo hipersensibilidad visualtambienno me puedo quedar quieto.,2,1,2
no soporto abrir los ojos del dolor,0,1,1
oido demasiado fino,1,2,1
veo perfectamente y tengo tics motores.,1,1,2
"ceguera absoluta aunque oigo bien, por otro lado tengo tics motores.",0,1,2
perdi los ojos ademas tengo muy poca audiciontambiencamino muy lento.,0,0,0
ando con muletas,1,1,0
"tengo dolor constante en los ojos, oido muy finotambienme muevo compulsivamente.",0,2,2
no soporto las luces brillantes pero tengo un oido demasiado sensible - mi movilidad es normal.,2,2,1
uso gafas para leer y tengo un oido demasiado sensibleo seasin problemas de movilidad.,1,2,1
la luz me deslumbra demasiado,2,1,1
no veo nada. oido demasiado fino - me muevo con normalidad.,0,2,1
hiper vision pero tengo sordera profunda y no puedo estar sentado mucho tiempo.,2,0,2
soy muy lento caminando,1,1,0
"veo todo muy borroso, escucho todo muy apagado ademas puedo caminar y correr.",0,0,1
no soporto las luces brillantes,2,1,1
perdi la vista - tengo un oido demasiado sensibletambientengo necesidad constante de moverme.,0,2,2
los brillos me hacen daño en los ojos - puedo caminar y correr.,2,1,1
"he perdido el ojo izquierdo, por otro lado escucho todo muy apagado pero ando en silla de ruedas.",0,0,0
me molesta mucho la luzo seauso lenguaje de señastambientengo exceso de movimiento.,2,0,2
"soy ciego - oido demasiado fino, por otro lado camino bien.",0,2,1
no escucho en absoluto,1,0,1
tengo hipersensibilidad visual. sin problemas de movilidad.,2,1,1
tengo fotofobia aunque sin problemas de oidotambienme muevo con normalidad.,2,1,1
"veo bieno seatengo sordera, por otro lado camino bien.",1,0,1
"tengo vision nulatambiensuper oido, por otro lado soy paraplejico.",0,2,0
me molesta mucho la luzo seaescucho todo muy apagado y no me puedo mover.,2,0,0
la luz me deslumbra demasiado,2,1,1
"veo destellos constantemente, por otro lado tengo audicion normalo seatengo tics motores.",2,1,2
"siento dolor en los ojos, no me puedo mover.",0,1,0
tengo fotofobia y me muevo con normalidad.,2,1,1
"veo muy mal, por otro lado tengo un oido demasiado sensible, camino perfectamente.",0,2,1
me molesta mucho la luz aunque escucho perfectamentetambientengo problemas al caminar.,2,1,0
tengo hipersensibilidad a la luz,2,1,1
estoy ciego ademas sin problemas de oido ademas no me puedo quedar quieto.,0,1,2
tengo dolor ocular,0,1,1
perdi los ojos - me cuesta mucho caminar.,0,1,0
me molesta mucho la luz y sin problemas de oido pero no me puedo quedar quieto.,2,1,2
siento dolor en los ojoso seasoy muy lento caminando.,0,1,0
"uso baston para ciegos, escucho perfectamente ademas ando en silla de ruedas.",0,1,0
"no soporto las luces brillantes, mi movilidad es normal.",2,1,1
super visiontambienno soporto el volumen alto. puedo caminar y correr.,2,2,1
llevo lentillas y veo bien,1,1,1
tengo ceguera totaltambientengo hiperacusiao seano puedo caminar.,0,2,0
hiper vision,2,1,1
los brillos me hacen daño en los ojos y no puedo estar sentado mucho tiempo.,2,1,2
super vision y tengo sordera pero no puedo estar sentado mucho tiempo.,2,0,2
los ruidos fuertes me aturden,1,2,1
camino perfectamente,1,1,1
camino bien,1,1,1
sin problemas de oido,1,1,1
soy paralitico,1,1,0
tengo problemas en la vista aunque sin problemas de movilidad.,0,1,1
"no tengo problemas oculares, oido muy fino pero ando en silla de ruedas.",1,2,0
camino bien,1,1,1
me molesta mucho la luz aunque tengo un oido demasiado sensible ademas puedo andar sin problemas.,2,2,1
tengo dolor ocular - no oigo nada - mi movilidad es normal.,0,0,1
los sonidos agudos me dan dolor de cabeza,1,2,1
tengo hiperacusia,1,2,1
"perdi los ojos, por otro lado me muevo con normalidad.",0,1,1
veo lo necesario. escucho perfectamentetambienno puedo estar sentado mucho tiempo.,1,1,2
tengo problemas en la vista y me muevo compulsivamente.,0,1,2
uso baston para ciegos - no me puedo quedar quieto.,0,1,2
tengo ceguera totalo seasoy muy lento caminando.,0,1,0
tengo hipersensibilidad a la luz,2,1,1
soy ciegotambientengo problemas al caminar.,0,1,0
"no veo casi nada, por otro lado oido demasiado fino. tengo movilidad muy reducida.",0,2,0
tengo hipersensibilidad visual pero tengo audicion normal - tengo exceso de movimiento.,2,1,2
"tengo vision nula, por otro lado oido muy finoo seatengo inquietud motora extrema.",0,2,2
veo destellos constantemente y tengo audicion normaltambienno puedo caminar.,2,1,0
llevo lentillas y veo bien. los sonidos agudos me dan dolor de cabeza aunque no puedo caminar.,1,2,0
oigo muy mal,1,0,1
perdi los ojos aunque tengo audicion nula. soy muy lento caminando.,0,0,0
demasiado veloz,1,1,2
veo lo necesario aunque super oido. sin problemas de movilidad.,1,2,1
no veo nada y los sonidos agudos me dan dolor de cabeza pero puedo andar sin problemas.,0,2,1
la luz me deslumbra demasiado aunque super oido y camino bien.,2,2,1
veo perfectamente pero no escucho en absoluto aunque camino perfectamente.,1,0,1
he perdido el ojo derecho aunque super oidotambienmi movilidad es normal.,0,2,1
llevo lentillas y veo bien pero tengo sordera profunda y ando con muletas.,1,0,0
me duele el ojo izquierdo,0,1,1
tengo hipersensibilidad a la luz. escucho todo muy apagado y soy paraplejico.,2,0,0
"siento dolor en los ojos ademas oido muy fino, puedo caminar y correr.",0,2,1
tengo vision normal pero escucho las conversaciones sin problema. no me puedo quedar quieto.,1,1,2
sin problemas de vistatambienmi movilidad es normal.,1,1,1
"he perdido el ojo izquierdo, por otro lado super oido y camino muy lento.",0,2,0
mis ojos estan inflamados y duelen - tengo sordera profunda aunque puedo caminar y correr.,0,0,1
mi agudeza visual es promedio,1,1,1
la luz me deslumbra demasiadotambiensin problemas de movilidad.,2,1,1
"tengo hipersensibilidad visual, por otro lado oigo bien. puedo andar sin problemas.",2,1,1
mi movilidad es normal,1,1,1
los brillos me hacen daño en los ojos ademas los ruidos fuertes me aturden y puedo caminar y correr.,2,2,1
he perdido el ojo izquierdoo seauso lenguaje de señaso seaando en silla de ruedas.,0,0,0
los brillos me hacen daño en los ojos ademas camino muy lento.,2,1,0
no veo casi nada,0,1,1
llevo lentillas y veo bieno seatengo sordera y tengo necesidad constante de moverme.,1,0,2
tengo un oido demasiado sensible,1,2,1
"veo destellos constantemente pero no escucho en absoluto, me muevo con normalidad.",2,0,1
tengo vision nula aunque no escucho en absoluto. camino bien.,0,0,1
me molesta mucho la luz,2,1,1
"no veo en absoluto ademas me molestan mucho los ruidos, camino bien.",0,2,1
soy ciego,0,1,1
veo lo necesario ademas no escucho en absolutotambienno puedo caminar.,1,0,0
veo bien y oigo lo normal aunque soy paralitico.,1,1,0
"tengo sensibilidad extrema a la luz, puedo caminar y correr.",2,1,1
me duelen los ojos al mirar ademas los ruidos fuertes me aturden y puedo andar sin problemas.,0,2,1
veo bientambiensin problemas de oido pero ando con muletas.,1,1,0
tengo sensibilidad extrema a la luz. soy paralitico.,2,1,0
tengo inquietud motora extrema,1,1,2
perdi la vistao seasoy hiperactivo.,0,1,2
mi agudeza visual es promedio - camino bien.,1,1,1
veo lo necesario - oigo bien. no me puedo mover.,1,1,0
tengo dolor ocular. soy sordoo seaando en silla de ruedas.,0,0,0
no veo nada y soy sordoo seame muevo con normalidad.,0,0,1
llevo lentillas y veo bien,1,1,1
camino bien,1,1,1
uso baston para ciegos. tengo audicion normalo seapuedo caminar y correr.,0,1,1
"sin problemas de vista, sin problemas de movilidad.",1,1,1
me muevo compulsivamente,1,1,2
tengo hipersensibilidad visual - tengo hiperactividad.,2,1,2
"veo bien. oido muy fino, ando en silla de ruedas.",1,2,0
me duele el ojo izquierdo,0,1,1
tengo vision normal,1,1,1
"me duele el ojo izquierdo, tengo audicion normalo seano puedo caminar.",0,1,0
tengo un tapon,1,0,1
mis ojos estan inflamados y duelen,0,1,1
no veo en absoluto - tengo hipersensibilidad auditivao seatengo tics motores.,0,2,2
he perdido el ojo izquierdo aunque super oido pero soy muy lento caminando.,0,2,0
sin problemas de vista - demasiado veloz.,1,1,2
"tengo vision nula aunque escucho las conversaciones sin problema, ando en silla de ruedas.",0,1,0
veo perfectamente,1,1,1
veo destellos constantemente pero oido muy fino y voy en baston.,2,2,0
no tengo problemas oculares pero sin problemas de movilidad.,1,1,1
tengo dolor constante en los ojos ademas tengo muy poca audicion ademas puedo andar sin problemas.,0,0,1
hiper visiontambienoigo muy mal ademas no me puedo mover.,2,0,0
tengo sensibilidad extrema a la luz,2,1,1
"uso gafas para leer, por otro lado oigo lo normal, por otro lado tengo tics motores.",1,1,2
escucho los ruidos demasiado fuertes,1,2,1
veo lo necesario y tengo audicion normal ademas tengo dificultad para andar.,1,1,0
me cuesta mucho caminar,1,1,0
tengo hipersensibilidad a la luz ademas mi movilidad es normal.,2,1,1
veo perfectamente aunque tengo inquietud motora extrema.,1,1,2
llevo lentillas y veo bientambienescucho los ruidos demasiado fuertes. puedo caminar y correr.,1,2,1
"tengo hipersensibilidad a la luz. escucho perfectamente, tengo hipermovilidad.",2,1,2
no veo casi nada y tengo hipersensibilidad auditiva. tengo hipermovilidad.,0,2,2
oigo muy mal,1,0,1
"hiper vision, me cuesta mucho caminar.",2,1,0
"tengo vision normal y tengo hipersensibilidad auditiva, por otro lado sin problemas de movilidad.",1,2,1
veo lo necesario pero sin problemas de oido aunque soy muy lento caminando.,1,1,0
me duelen los ojos ademas me muevo compulsivamente.,0,1,2
veo bien ademas tengo hipersensibilidad al ruido ademas sin problemas de movilidad.,1,2,1
me molesta mucho la luz ademas sin problemas de oido aunque camino bien.,2,1,1
"los brillos me hacen daño en los ojos, tengo hipersensibilidad al ruido, soy hiperactivo.",2,2,2
tengo audicion nula,1,0,1
no escucho en absoluto,1,0,1
me molesta mucho la luz. tengo problemas al caminar.,2,1,0
me molestan mucho los ruidos,1,2,1
veo lo necesario aunque soy paralitico.,1,1,0
veo bientambienno puedo caminar.,1,1,0
"tengo vision normal ademas tengo sordera, por otro lado camino bien.",1,0,1
mis ojos estan inflamados y duelen pero camino bien.,0,1,1
tengo sensibilidad extrema a la luz ademas soy paraplejico.,2,1,0
no soporto abrir los ojos del dolortambienno escucho en absoluto pero no puedo caminar.,0,0,0
me duele el ojo izquierdo ademas no oigo nadatambiensoy hiperactivo.,0,0,2
uso gafas para leer,1,1,1
estoy inmovilizado,1,1,0
ando con muletas,1,1,0
la luz me deslumbra demasiado. no oigo nada - soy muy lento caminando.,2,0,0
mi agudeza visual es promedio,1,1,1
tengo necesidad constante de moverme,1,1,2
los brillos me hacen daño en los ojos - uso lenguaje de señas ademas no me puedo mover.,2,0,0
"tengo dolor constante en los ojos, tengo hipersensibilidad auditiva pero tengo tics motores.",0,2,2
perdi la vista. escucho las conversaciones sin problema - soy hiperactivo.,0,1,2
sin problemas de oido,1,1,1
uso baston para ciegos pero escucho las conversaciones sin problema ademas no puedo estar sentado mucho tiempo.,0,1,2
super visiontambiencamino perfectamente.,2,1,1
soy paraplejico,1,1,0
escucho los ruidos demasiado fuertes,1,2,1
no puedo estar sentado mucho tiempo,1,1,2
no veo nada - oido muy fino. estoy inmovilizado.,0,2,0
me duele el ojo derecho. tengo exceso de movimiento.,0,1,2
tengo hipermovilidad,1,1,2
tengo un tapon,1,0,1
"me molesta mucho la luz, camino bien.",2,1,1
no soporto las luces brillantes,2,1,1
super vision,2,1,1
llevo lentillas y veo bientambienmi oido es normal aunque tengo problemas al caminar.,1,1,0
llevo lentillas y veo bien. camino bien.,1,1,1
veo todo muy borrosotambientengo sordera profunda. sin problemas de movilidad.,0,0,1
tengo hipersensibilidad visual pero tengo audicion normal y tengo problemas al caminar.,2,1,0
"perdi la vista, oigo bien pero soy paralitico.",0,1,0
uso lenguaje de señas,1,0,1
"no veo nada, por otro lado tengo audicion nula. camino muy lento.",0,0,0
veo destellos constantemente - tengo audicion normaltambienme muevo compulsivamente.,2,1,2
mi oido es normal,1,1,1
voy en baston,1,1,0
no soporto las luces brillantes - los sonidos agudos me dan dolor de cabeza ademas camino perfectamente.,2,2,1
puedo andar sin problemas,1,1,1
tengo sensibilidad extrema a la luz ademas tengo un tapon aunque demasiado veloz.,2,0,2
tengo vision normal - oigo bien ademas tengo tics motores.,1,1,2
ando con muletas,1,1,0
"veo muy mal, tengo hipermovilidad.",0,1,2
"tengo sensibilidad extrema a la luz aunque sin problemas de oido, por otro lado me muevo con normalidad.",2,1,1
tengo dolor oculartambienescucho las conversaciones sin problema pero soy muy lento caminando.,0,1,0
veo destellos constantementetambienoigo muy malo seapuedo andar sin problemas.,2,0,1
soy paraplejico,1,1,0
mi vista es normal pero escucho las conversaciones sin problema ademas sin problemas de movilidad.,1,1,1
veo perfectamente,1,1,1
"hiper vision, no oigo nada, me cuesta mucho caminar.",2,0,0
tengo hipersensibilidad a la luz y soy sordo ademas camino bien.,2,0,1
mi agudeza visual es promedio pero no puedo caminar.,1,1,0
tengo sordera,1,0,1
"uso baston para ciegos ademas tengo sordera, me muevo con normalidad.",0,0,1
me duele el ojo derecho - estoy inmovilizado.,0,1,0
mi agudeza visual es promedio,1,1,1
"sin problemas de vista, por otro lado oigo muy mal. mi movilidad es normal.",1,0,1
llevo lentillas y veo bien,1,1,1
"tengo fotofobia, puedo caminar y correr.",2,1,1
tengo hipersensibilidad visual y escucho todo muy apagadotambiencamino muy lento.,2,0,0
"siento dolor en los ojos pero mi oido es normal, tengo tics motores.",0,1,2
uso gafas para leer y tengo hipersensibilidad auditiva pero camino muy lento.,1,2,0
los brillos me hacen daño en los ojoso sealos ruidos fuertes me aturden pero ando en silla de ruedas.,2,2,0
llevo lentillas y veo bien,1,1,1
tengo vision normal - tengo un tapontambientengo hipermovilidad.,1,0,2
la luz me deslumbra demasiado ademas tengo exceso de movimiento.,2,1,2
"tengo vision normal, por otro lado camino bien.",1,1,1
"mi vista es normalo seaoigo bien, puedo caminar y correr.",1,1,1
ceguera absoluta,0,1,1
mi vista es normal - tengo inquietud motora extrema.,1,1,2
"me duelen los ojos permanentemente, me muevo con normalidad.",0,1,1
demasiado veloz,1,1,2
tengo sensibilidad extrema a la luz ademas me muevo compulsivamente.,2,1,2
tengo vision normal. tengo movilidad muy reducida.,1,1,0
"veo lo necesario, tengo hipersensibilidad auditiva, soy muy lento caminando.",1,2,0
no soporto las luces brillantes - tengo hiperacusia ademas no puedo mover las piernas.,2,2,0
soy sordo,1,0,1
veo muy malo seauso lenguaje de señastambienpuedo andar sin problemas.,0,0,1
"tengo hipersensibilidad visual, por otro lado escucho las conversaciones sin problema. no puedo estar sentado mucho tiempo.",2,1,2
tengo dolor oculartambienno me puedo mover.,0,1,0
me molesta mucho la luz,2,1,1
sin problemas de vista y tengo inquietud motora extrema.,1,1,2
no veo en absolutoo seame molestan mucho los ruidos y me cuesta mucho caminar.,0,2,0
escucho perfectamente,1,1,1
no puedo caminar,1,1,0
oigo muy mal,1,0,1
no escucho nada,1,0,1
uso gafas para leer. tengo audicion normal - no puedo mover las piernas.,1,1,0
perdi la vista,0,1,1
los brillos me hacen daño en los ojos - no puedo estar sentado mucho tiempo.,2,1,2
veo bien ademas no puedo estar sentado mucho tiempo.,1,1,2
uso gafas para leer aunque soy paraplejico.,1,1,0
tengo sensibilidad extrema a la luz,2,1,1
los brillos me hacen daño en los ojos - los sonidos agudos me dan dolor de cabeza. demasiado veloz.,2,2,2
"tengo fotofobia, por otro lado soy paraplejico.",2,1,0
tengo fotofobiatambienno escucho nadatambienpuedo caminar y correr.,2,0,1
sin problemas de vista,1,1,1
tengo dolor ocular - oigo bien pero no puedo estar sentado mucho tiempo.,0,1,2
sin problemas de vista ademas oido muy fino - tengo movilidad muy reducida.,1,2,0
mi agudeza visual es promedio y escucho perfectamente ademas tengo hipermovilidad.,1,1,2
no escucho en absoluto,1,0,1
tengo hipersensibilidad a la luzo seasin problemas de movilidad.,2,1,1
puedo caminar y correr,1,1,1
"veo lo necesario, por otro lado oigo muy mal ademas tengo problemas al caminar.",1,0,0
sin problemas de vista,1,1,1
mi movilidad es normal,1,1,1
no soporto las luces brillantes y tengo tics motores.,2,1,2
tengo muy poca vision aunque no oigo nada aunque demasiado veloz.,0,0,2
uso baston para ciegos. me molestan mucho los ruidos y puedo andar sin problemas.,0,2,1
tengo vision normal ademas escucho perfectamente aunque no puedo estar sentado mucho tiempo.,1,1,2
super vision - escucho perfectamentetambiencamino muy lento.,2,1,0
tengo hipersensibilidad al ruido,1,2,1
no escucho nada,1,0,1
"no soporto abrir los ojos del dolor, soy sordo. me muevo compulsivamente.",0,0,2
mi agudeza visual es promediotambienuso lenguaje de señas. no me puedo mover.,1,0,0
no puedo caminar,1,1,0
super visiontambientengo audicion nulatambiencamino perfectamente.,2,0,1
"no tengo problemas oculares, por otro lado tengo muy poca audicion, por otro lado tengo movilidad muy reducida.",1,0,0
me duelen los ojos aunque sin problemas de oidoo seame muevo con normalidad.,0,1,1
"veo lo necesariotambientengo hipersensibilidad auditiva, por otro lado puedo andar sin problemas.",1,2,1
uso gafas para leer - escucho perfectamentetambientengo hiperactividad.,1,1,2
"estoy ciego, por otro lado sin problemas de oido. ando con muletas.",0,1,0
uso baston para ciegos ademas tengo hipersensibilidad al ruido pero mi movilidad es normal.,0,2,1
tengo hipersensibilidad visual,2,1,1
veo bien ademas me cuesta mucho caminar.,1,1,0
la luz me deslumbra demasiado - uso lenguaje de señas pero tengo movilidad muy reducida.,2,0,0
camino perfectamente,1,1,1
he perdido el ojo derecho y tengo exceso de movimiento.,0,1,2
veo lo necesario y no me puedo mover.,1,1,0
escucho los ruidos demasiado fuertes,1,2,1
no veo en absoluto. soy sordo pero demasiado veloz.,0,0,2
tengo hipermovilidad,1,1,2
tengo muy poca vision,0,1,1
"hiper vision, me molestan mucho los ruidos y tengo necesidad constante de moverme.",2,2,2
veo lo necesario aunque estoy inmovilizado.,1,1,0
"no tengo problemas oculares, por otro lado escucho las conversaciones sin problema, voy en baston.",1,1,0
"tengo fotofobia, por otro lado me cuesta mucho caminar.",2,1,0
los brillos me hacen daño en los ojos ademas no escucho nada aunque puedo andar sin problemas.,2,0,1
tengo un oido demasiado sensible,1,2,1
los sonidos agudos me dan dolor de cabeza,1,2,1
veo perfectamente aunque sin problemas de movilidad.,1,1,1
tengo vision normal pero no escucho nada pero tengo hiperactividad.,1,0,2
no puedo mover las piernas,1,1,0
veo lo necesarioo seasoy paralitico.,1,1,0
"soy ciego, por otro lado super oido, tengo exceso de movimiento.",0,2,2
"veo bien, por otro lado tengo audicion normal, por otro lado voy en baston.",1,1,0
super vision aunque oigo lo normal aunque me muevo compulsivamente.,2,1,2
no soporto abrir los ojos del doloro seano soporto el volumen alto y no puedo caminar.,0,2,0
super visiontambienno soporto el volumen alto - tengo problemas al caminar.,2,2,0
mi movilidad es normal,1,1,1
"sin problemas de vista, escucho todo muy apagado - mi movilidad es normal.",1,0,1
camino muy lento,1,1,0
los brillos me hacen daño en los ojos y no puedo estar sentado mucho tiempo.,2,1,2
veo lo necesariotambientengo muy poca audicion aunque sin problemas de movilidad.,1,0,1
"llevo lentillas y veo bien, por otro lado no soporto el volumen altoo seaando en silla de ruedas.",1,2,0
no tengo problemas ocularestambienpuedo caminar y correr.,1,1,1
veo destellos constantemente ademas los sonidos agudos me dan dolor de cabeza - camino bien.,2,2,1
escucho las conversaciones sin problema,1,1,1
tengo hipersensibilidad visual - soy sordo aunque puedo caminar y correr.,2,0,1
"tengo hipersensibilidad visual, escucho los ruidos demasiado fuertes. no me puedo quedar quieto.",2,2,2
los ruidos fuertes me aturden,1,2,1
"tengo hipersensibilidad visual, soy hiperactivo.",2,1,2
veo todo muy borroso - camino muy lento.,0,1,0
veo destellos constantemente pero tengo audicion nulatambienando en silla de ruedas.,2,0,0
"tengo vision normaltambientengo hipersensibilidad al ruido, camino muy lento.",1,2,0
"tengo hipersensibilidad a la luztambienoigo lo normal, sin problemas de movilidad.",2,1,1
"tengo problemas en la vista, me muevo compulsivamente.",0,1,2
oigo bien,1,1,1
"tengo fotofobia, por otro lado tengo hipermovilidad.",2,1,2
me molesta mucho la luz aunque tengo audicion nula y demasiado veloz.,2,0,2
"sin problemas de vista, soy hiperactivo.",1,1,2
super vision ademas sin problemas de oido - tengo problemas al caminar.,2,1,0
tengo fotofobia pero no escucho nada - camino bien.,2,0,1
"no soporto las luces brillantes, por otro lado tengo sordera ademas me muevo compulsivamente.",2,0,2
tengo dolor ocular y oido muy fino. me muevo compulsivamente.,0,2,2
veo todo muy borroso,0,1,1
tengo audicion nula,1,0,1
"veo bien, me muevo con normalidad.",1,1,1
siento dolor en los ojos - no puedo mover las piernas.,0,1,0
perdi la vista aunque oigo lo normal y ando con muletas.,0,1,0
"veo perfectamente, los sonidos agudos me dan dolor de cabeza pero demasiado veloz.",1,2,2
tengo hipersensibilidad visual ademas me molestan mucho los ruidos ademas me cuesta mucho caminar.,2,2,0
mi agudeza visual es promediotambientengo sordera y tengo problemas al caminar.,1,0,0
oigo lo normal,1,1,1
"tengo vision nula. escucho todo muy apagado, por otro lado sin problemas de movilidad.",0,0,1
"veo destellos constantemente, por otro lado oigo bien - camino perfectamente.",2,1,1
"me duelen los ojoso seaescucho perfectamente, por otro lado mi movilidad es normal.",0,1,1
"no veo nada, por otro lado tengo problemas al caminar.",0,1,0
tengo un oido demasiado sensible,1,2,1
mi agudeza visual es promedioo seaoido muy finotambienno puedo caminar.,1,2,0
sin problemas de vista - no oigo nada pero tengo exceso de movimiento.,1,0,2
no escucho en absoluto,1,0,1
tengo hipersensibilidad a la luzo seaescucho perfectamente pero me muevo compulsivamente.,2,1,2
sin problemas de oido,1,1,1
camino perfectamente,1,1,1
llevo lentillas y veo bien. tengo inquietud motora extrema.,1,1,2
soy ciego. oido demasiado fino aunque camino bien.,0,2,1
tengo hipersensibilidad a la luzo seasin problemas de movilidad.,2,1,1
escucho las conversaciones sin problema,1,1,1
"hiper vision. oigo bien, por otro lado tengo inquietud motora extrema.",2,1,2
tengo vision nula aunque camino muy lento.,0,1,0
no tengo problemas oculares ademas tengo sordera pero soy muy lento caminando.,1,0,0
mi agudeza visual es promedio pero uso lenguaje de señas aunque me muevo con normalidad.,1,0,1
tengo ceguera total - camino perfectamente.,0,1,1
he perdido el ojo izquierdo pero tengo muy poca audicion ademas tengo dificultad para andar.,0,0,0
he perdido el ojo izquierdoo seatengo un tapon - sin problemas de movilidad.,0,0,1
"veo perfectamente, escucho las conversaciones sin problema ademas no me puedo mover.",1,1,0
"mi vista es normal, por otro lado no oigo nada y tengo inquietud motora extrema.",1,0,2
"no soporto las luces brillantes pero escucho perfectamente, por otro lado sin problemas de movilidad.",2,1,1
tengo dolor constante en los ojos,0,1,1
no soporto las luces brillantes pero uso lenguaje de señas ademas soy muy lento caminando.,2,0,0
escucho perfectamente,1,1,1
veo lo necesario - me muevo con normalidad.,1,1,1
tengo hipersensibilidad visual - tengo necesidad constante de moverme.,2,1,2
"mi agudeza visual es promediotambienoigo lo normal, por otro lado me muevo compulsivamente.",1,1,2
me muevo compulsivamente,1,1,2
"tengo dolor constante en los ojos, ando en silla de ruedas.",0,1,0
"no soporto abrir los ojos del dolor, mi oido es normaltambiendemasiado veloz.",0,1,2
mis ojos estan inflamados y duelen y tengo audicion nulatambiencamino bien.,0,0,1
mi agudeza visual es promediotambienescucho perfectamenteo seatengo exceso de movimiento.,1,1,2
super visiono seatengo sordera profunda aunque camino bien.,2,0,1
la luz me deslumbra demasiado - tengo un tapontambienando con muletas.,2,0,0
oido muy fino,1,2,1
tengo fotofobia,2,1,1
uso gafas para leero seaestoy inmovilizado.,1,1,0
mi agudeza visual es promedio aunque no escucho en absolutotambiensin problemas de movilidad.,1,0,1
sin problemas de vista,1,1,1
puedo andar sin problemas,1,1,1
oido demasiado fino,1,2,1
tengo hipersensibilidad visual,2,1,1
escucho los ruidos demasiado fuertes,1,2,1
he perdido el ojo izquierdo - escucho las conversaciones sin problematambiencamino bien.,0,1,1
he perdido el ojo derechotambienno escucho nada y sin problemas de movilidad.,0,0,1
la luz me deslumbra demasiado aunque oido demasiado fino y no puedo estar sentado mucho tiempo.,2,2,2
tengo hipersensibilidad visual y no puedo mover las piernas.,2,1,0
tengo hipersensibilidad a la luz aunque oido demasiado finotambiensin problemas de movilidad.,2,2,1
tengo exceso de movimiento,1,1,2
"perdi la vista, por otro lado camino perfectamente.",0,1,1
"tengo vision normal, por otro lado mi oido es normal ademas soy hiperactivo.",1,1,2
los brillos me hacen daño en los ojos y ando en silla de ruedas.,2,1,0
me duelen los ojos. me molestan mucho los ruidos aunque soy paralitico.,0,2,0
"tengo fotofobia, sin problemas de oido. tengo movilidad muy reducida.",2,1,0
uso gafas para leer,1,1,1
la luz me deslumbra demasiado y tengo hipersensibilidad al ruido y tengo exceso de movimiento.,2,2,2
tengo ceguera total - no escucho en absoluto. camino perfectamente.,0,0,1
"tengo hipersensibilidad visual, por otro lado puedo caminar y correr.",2,1,1
no oigo nada,1,0,1
uso lenguaje de señas,1,0,1
oigo lo normal,1,1,1
mi agudeza visual es promedio,1,1,1
"los brillos me hacen daño en los ojos, tengo hiperacusia. soy paraplejico.",2,2,0
veo destellos constantemente y oigo muy mal aunque camino bien.,2,0,1
tengo ceguera total ademas oigo lo normal aunque demasiado veloz.,0,1,2
"me duelen los ojos permanentemente - super oido, no me puedo mover.",0,2,0
ando en silla de ruedas,1,1,0
veo lo necesario,1,1,1
llevo lentillas y veo bien,1,1,1
veo lo necesario,1,1,1
oido demasiado fino,1,2,1
tengo problemas en la vista pero soy muy lento caminando.,0,1,0
"sin problemas de vista, por otro lado puedo andar sin problemas.",1,1,1
mi agudeza visual es promedio,1,1,1
tengo hipersensibilidad visualo seaoido muy fino. camino bien.,2,2,1
tengo vision normal ademas escucho todo muy apagado aunque tengo dificultad para andar.,1,0,0
me duelen los ojos al mirar. no escucho nada aunque mi movilidad es normal.,0,0,1
no soporto el volumen alto,1,2,1
"me duelen los ojos al mirar, oido demasiado fino y me muevo con normalidad.",0,2,1
"uso gafas para leer, puedo caminar y correr.",1,1,1
"me duelen los ojos al mirar, por otro lado no me puedo quedar quieto.",0,1,2
tengo hipersensibilidad visualtambientengo hipersensibilidad auditiva pero me muevo con normalidad.,2,2,1
los ruidos fuertes me aturden,1,2,1
"veo perfectamente, por otro lado no escucho en absoluto aunque me muevo compulsivamente.",1,0,2
veo lo necesario aunque no me puedo quedar quieto.,1,1,2
tengo vision normal ademas mi oido es normal aunque puedo caminar y correr.,1,1,1
estoy inmovilizado,1,1,0
"me duelen los ojos al mirar, por otro lado tengo audicion normal, por otro lado soy paraplejico.",0,1,0
"perdi la vista, por otro lado ando en silla de ruedas.",0,1,0
hiper visiono seaescucho los ruidos demasiado fuerteso seacamino muy lento.,2,2,0
me duele el ojo izquierdo ademas tengo hipersensibilidad auditiva ademas camino bien.,0,2,1
"estoy ciego, por otro lado no escucho nada, por otro lado soy hiperactivo.",0,0,2
tengo fotofobia,2,1,1
tengo inquietud motora extrema,1,1,2
no soporto las luces brillantestambientengo audicion normal - tengo exceso de movimiento.,2,1,2
tengo dolor constante en los ojos,0,1,1
tengo dolor ocular pero no soporto el volumen alto pero voy en baston.,0,2,0
veo lo necesario - tengo audicion nulatambiencamino perfectamente.,1,0,1
tengo problemas en la vista - ando con muletas.,0,1,0
me duelen los ojos permanentementeo seaando en silla de ruedas.,0,1,0
"me duele el ojo derecho - oigo lo normal, camino perfectamente.",0,1,1
tengo hiperactividad,1,1,2
no soporto las luces brillantes,2,1,1
no me puedo quedar quieto,1,1,2
llevo lentillas y veo bien. tengo audicion nula pero ando con muletas.,1,0,0
tengo problemas en la vistatambientengo hiperacusiao seasin problemas de movilidad.,0,2,1
tengo dificultad para andar,1,1,0
camino bien,1,1,1
escucho las conversaciones sin problema,1,1,1
no me puedo quedar quieto,1,1,2
"no soporto las luces brillantes, los sonidos agudos me dan dolor de cabeza aunque tengo hiperactividad.",2,2,2
me molesta mucho la luz,2,1,1
puedo andar sin problemas,1,1,1
siento dolor en los ojos ademas no puedo estar sentado mucho tiempo.,0,1,2
he perdido el ojo derecho aunque sin problemas de oido. estoy inmovilizado.,0,1,0
"he perdido el ojo izquierdo, por otro lado tengo un tapontambienmi movilidad es normal.",0,0,1
"tengo problemas en la vista, me muevo con normalidad.",0,1,1
tengo hipersensibilidad al ruido,1,2,1
tengo hipersensibilidad visual pero sin problemas de movilidad.,2,1,1
he perdido el ojo izquierdotambientengo audicion normalo seacamino perfectamente.,0,1,1
perdi los ojos pero puedo caminar y correr.,0,1,1
"no soporto las luces brillantes. tengo sordera profunda, soy paraplejico.",2,0,0
uso gafas para leer,1,1,1
los sonidos agudos me dan dolor de cabeza,1,2,1
soy paraplejico,1,1,0
super vision,2,1,1
"uso gafas para leer ademas no soporto el volumen alto, por otro lado mi movilidad es normal.",1,2,1
soy sordo,1,0,1
mi movilidad es normal,1,1,1
super vision,2,1,1
tengo vision normal,1,1,1
mi oido es normal,1,1,1
uso gafas para leer,1,1,1
"ceguera absoluta, por otro lado puedo caminar y correr.",0,1,1
"veo destellos constantementetambientengo hiperacusia, por otro lado ando con muletas.",2,2,0
no tengo problemas ocularestambientengo un tapontambiensoy paraplejico.,1,0,0
no tengo problemas oculareso seatengo hiperacusia aunque soy muy lento caminando.,1,2,0
sin problemas de oido,1,1,1
tengo muy poca vision ademas oigo lo normal - tengo hiperactividad.,0,1,2
perdi la vista. me muevo con normalidad.,0,1,1
oigo bien,1,1,1
los brillos me hacen daño en los ojos pero oigo bien y soy paralitico.,2,1,0
la luz me deslumbra demasiadoo seasoy muy lento caminando.,2,1,0
me duelen los ojostambienpuedo andar sin problemas.,0,1,1
"ceguera absoluta, por otro lado me cuesta mucho caminar.",0,1,0
sin problemas de vista - los sonidos agudos me dan dolor de cabeza y puedo andar sin problemas.,1,2,1
mi vista es normal ademas los sonidos agudos me dan dolor de cabeza. ando en silla de ruedas.,1,2,0
"tengo dolor constante en los ojos, escucho las conversaciones sin problemao seaando con muletas.",0,1,0
mi vista es normal. tengo un tapono seano puedo caminar.,1,0,0
tengo sordera,1,0,1
mis ojos estan inflamados y duelen y soy hiperactivo.,0,1,2
"tengo problemas en la vista, soy paraplejico.",0,1,0
me duelen los ojos al mirar aunque sin problemas de oido y ando con muletas.,0,1,0
mi agudeza visual es promedio. escucho las conversaciones sin problemao seapuedo andar sin problemas.,1,1,1
camino perfectamente,1,1,1
perdi los ojos,0,1,1
uso gafas para leero seano puedo caminar.,1,1,0
la luz me deslumbra demasiadotambientengo hipersensibilidad al ruido aunque no puedo estar sentado mucho tiempo.,2,2,2
los brillos me hacen daño en los ojos y tengo un oido demasiado sensible y tengo dificultad para andar.,2,2,0
oido demasiado fino,1,2,1
mi oido es normal,1,1,1
veo muy mal. tengo hipersensibilidad auditiva pero puedo caminar y correr.,0,2,1
tengo vision normal y oido demasiado fino. no me puedo quedar quieto.,1,2,2
me molesta mucho la luz. uso lenguaje de señastambientengo inquietud motora extrema.,2,0,2
"super vision, oigo bien aunque puedo caminar y correr.",2,1,1
tengo dolor constante en los ojos. oido demasiado finotambienpuedo caminar y correr.,0,2,1
"los brillos me hacen daño en los ojos, por otro lado tengo hipersensibilidad auditivao seano me puedo mover.",2,2,0
puedo andar sin problemas,1,1,1
no puedo mover las piernas,1,1,0
estoy ciego pero tengo hipermovilidad.,0,1,2
"veo destellos constantemente, tengo movilidad muy reducida.",2,1,0
tengo sordera profunda,1,0,1
no soporto las luces brillantes. tengo hipersensibilidad auditiva - estoy inmovilizado.,2,2,0
tengo hipersensibilidad a la luztambienoigo bien. camino perfectamente.,2,1,1
escucho todo muy apagado,1,0,1
"mis ojos estan inflamados y duelen, por otro lado mi oido es normal y demasiado veloz.",0,1,2
no soporto las luces brillantes y sin problemas de movilidad.,2,1,1
la luz me deslumbra demasiado,2,1,1
veo destellos constantemente,2,1,1
tengo dificultad para andar,1,1,0
sin problemas de vista y mi movilidad es normal.,1,1,1
he perdido el ojo derechoo seame muevo con normalidad.,0,1,1
"tengo sensibilidad extrema a la luztambienno escucho en absoluto, por otro lado tengo exceso de movimiento.",2,0,2
"sin problemas de vista, por otro lado tengo hipersensibilidad auditiva, por otro lado tengo hiperactividad.",1,2,2
tengo audicion normal,1,1,1
uso gafas para leer y escucho perfectamente. camino perfectamente.,1,1,1
los ruidos fuertes me aturden,1,2,1
"tengo hipersensibilidad visual y tengo hipersensibilidad al ruido, camino perfectamente.",2,2,1
"tengo hipersensibilidad visual, por otro lado soy sordo - sin problemas de movilidad.",2,0,1
mi vista es normalo seano me puedo mover.,1,1,0
sin problemas de vista. oigo muy mal ademas tengo dificultad para andar.,1,0,0
tengo hipersensibilidad auditiva,1,2,1
tengo hipersensibilidad a la luz - tengo audicion nulatambientengo inquietud motora extrema.,2,0,2
super visiontambienmi movilidad es normal.,2,1,1
demasiado veloz,1,1,2
tengo fotofobia y tengo un oido demasiado sensible aunque me cuesta mucho caminar.,2,2,0
me duele el ojo izquierdotambiensuper oido aunque tengo necesidad constante de moverme.,0,2,2
"me duele el ojo izquierdo, por otro lado tengo hipersensibilidad al ruido ademas tengo necesidad constante de moverme.",0,2,2
super visiono seatengo hiperacusia - demasiado veloz.,2,2,2
tengo hipersensibilidad a la luz ademas camino muy lento.,2,1,0
sin problemas de oido,1,1,1
uso gafas para leer - oigo muy mal aunque camino bien.,1,0,1
"veo todo muy borroso, estoy inmovilizado.",0,1,0
hiper vision. oido muy finoo seatengo hiperactividad.,2,2,2
tengo necesidad constante de moverme,1,1,2
puedo andar sin problemas,1,1,1
veo perfectamente,1,1,1
he perdido el ojo izquierdoo seatengo movilidad muy reducida.,0,1,0
no soporto abrir los ojos del dolor pero tengo audicion normal ademas sin problemas de movilidad.,0,1,1
he perdido el ojo izquierdotambienescucho perfectamente - mi movilidad es normal.,0,1,1
"super vision, sin problemas de movilidad.",2,1,1
"tengo sensibilidad extrema a la luz, por otro lado escucho los ruidos demasiado fuertes ademas estoy inmovilizado.",2,2,0
me duele el ojo izquierdoo seaoigo muy mal pero me cuesta mucho caminar.,0,0,0
mis ojos estan inflamados y duelen aunque uso lenguaje de señas - sin problemas de movilidad.,0,0,1
"tengo hipersensibilidad a la luz, ando con muletas.",2,1,0
oido muy fino,1,2,1
no soporto abrir los ojos del dolor,0,1,1
he perdido el ojo izquierdo ademas no soporto el volumen alto. no puedo estar sentado mucho tiempo.,0,2,2
"mi vista es normal, por otro lado soy muy lento caminando.",1,1,0
veo destellos constantementetambienoido muy fino aunque tengo inquietud motora extrema.,2,2,2
tengo dolor ocular y no escucho en absoluto ademas camino muy lento.,0,0,0
no tengo problemas oculares,1,1,1
"me molesta mucho la luz pero oigo bien, soy paralitico.",2,1,0
tengo problemas en la vista pero mi movilidad es normal.,0,1,1
"perdi los ojos, por otro lado escucho las conversaciones sin problema. ando con muletas.",0,1,0
mis ojos estan inflamados y dueleno seatengo hipersensibilidad al ruido - ando con muletas.,0,2,0
me molesta mucho la luz pero sin problemas de oido. no puedo mover las piernas.,2,1,0
la luz me deslumbra demasiado aunque escucho perfectamente y voy en baston.,2,1,0
me duelen los ojos permanentemente,0,1,1
"sin problemas de vista, escucho las conversaciones sin problema ademas puedo caminar y correr.",1,1,1
puedo andar sin problemas,1,1,1
"me molesta mucho la luz, no escucho en absoluto. demasiado veloz.",2,0,2
tengo vision nula. escucho todo muy apagadoo seame muevo con normalidad.,0,0,1
mi agudeza visual es promedio aunque puedo caminar y correr.,1,1,1
"tengo muy poca vision, no puedo estar sentado mucho tiempo.",0,1,2
super vision ademas me muevo compulsivamente.,2,1,2
veo todo muy borroso ademas tengo hiperacusia aunque mi movilidad es normal.,0,2,1
"siento dolor en los ojos, escucho los ruidos demasiado fuertes, soy hiperactivo.",0,2,2
"la luz me deslumbra demasiado, por otro lado soy paraplejico.",2,1,0
sin problemas de vista aunque mi oido es normal - tengo necesidad constante de moverme.,1,1,2
"mis ojos estan inflamados y duelen, escucho perfectamente pero tengo hipermovilidad.",0,1,2
he perdido el ojo izquierdo aunque tengo dificultad para andar.,0,1,0
tengo hipersensibilidad visual. oido demasiado fino pero no me puedo mover.,2,2,0
me cuesta mucho caminar,1,1,0
"no tengo problemas oculares. oigo lo normal, por otro lado tengo tics motores.",1,1,2
veo destellos constantemente aunque oido demasiado fino. tengo necesidad constante de moverme.,2,2,2
veo lo necesario - oido muy fino. tengo hiperactividad.,1,2,2
tengo sensibilidad extrema a la luz. tengo hipersensibilidad auditiva pero tengo exceso de movimiento.,2,2,2
veo bieno seaescucho perfectamente y puedo caminar y correr.,1,1,1
veo destellos constantemente pero puedo andar sin problemas.,2,1,1
demasiado veloz,1,1,2
hiper vision,2,1,1
ando en silla de ruedas,1,1,0
tengo hipersensibilidad a la luz - tengo hiperactividad.,2,1,2
tengo inquietud motora extrema,1,1,2
"hiper vision aunque tengo hipersensibilidad al ruido, por otro lado soy paralitico.",2,2,0
"tengo hipersensibilidad a la luz, no puedo estar sentado mucho tiempo.",2,1,2
llevo lentillas y veo bien pero oido demasiado fino ademas tengo inquietud motora extrema.,1,2,2
"no veo en absoluto, por otro lado no escucho nada - me muevo con normalidad.",0,0,1
"mi agudeza visual es promedio, por otro lado tengo hipermovilidad.",1,1,2
no escucho en absoluto,1,0,1
mi vista es normal. tengo un oido demasiado sensible. voy en baston.,1,2,0
tengo hipersensibilidad a la luz,2,1,1
llevo lentillas y veo bieno seami oido es normaltambienno puedo caminar.,1,1,0
tengo tics motores,1,1,2
veo todo muy borroso,0,1,1
oigo bien,1,1,1
veo lo necesario ademas me molestan mucho los ruidos y soy paralitico.,1,2,0
tengo tics motores,1,1,2
puedo caminar y correr,1,1,1
"veo destellos constantemente ademas tengo un oido demasiado sensible, por otro lado demasiado veloz.",2,2,2
he perdido el ojo derecho,0,1,1
me duele el ojo izquierdo,0,1,1
tengo hipersensibilidad a la luz y voy en baston.,2,1,0
"mi agudeza visual es promedio y los sonidos agudos me dan dolor de cabeza, soy paralitico.",1,2,0
me duelen los ojos al mirar,0,1,1
no soporto abrir los ojos del dolor aunque tengo hiperactividad.,0,1,2
tengo muy poca audicion,1,0,1
perdi la vista,0,1,1
los sonidos agudos me dan dolor de cabeza,1,2,1
tengo vision normal pero oido demasiado fino pero ando con muletas.,1,2,0
tengo hipermovilidad,1,1,2
perdi los ojostambienando con muletas.,0,1,0
oido muy fino,1,2,1
perdi los ojoso seaescucho todo muy apagado pero camino perfectamente.,0,0,1
veo destellos constantemente aunque tengo sordera aunque no puedo mover las piernas.,2,0,0
me muevo con normalidad,1,1,1
tengo vision nula ademas los ruidos fuertes me aturdeno seatengo problemas al caminar.,0,2,0
no veo casi nada. los ruidos fuertes me aturden ademas ando con muletas.,0,2,0
soy paraplejico,1,1,0
oigo lo normal,1,1,1
super visiontambientengo sordera profunda ademas tengo exceso de movimiento.,2,0,2
veo todo muy borrosotambienme muevo compulsivamente.,0,1,2
tengo dolor oculartambiensoy hiperactivo.,0,1,2
tengo un tapon,1,0,1
camino bien,1,1,1
puedo andar sin problemas,1,1,1
me molesta mucho la luz - no puedo estar sentado mucho tiempo.,2,1,2
no veo nada,0,1,1
veo perfectamentetambientengo muy poca audicion - no puedo mover las piernas.,1,0,0
tengo inquietud motora extrema,1,1,2
los ruidos fuertes me aturden,1,2,1
tengo sensibilidad extrema a la luz y estoy inmovilizado.,2,1,0
siento dolor en los ojos y tengo necesidad constante de moverme.,0,1,2
tengo hipermovilidad,1,1,2
tengo hipersensibilidad visualtambientengo hiperactividad.,2,1,2
estoy ciego. no escucho en absoluto - camino perfectamente.,0,0,1
"veo bien, oido demasiado fino, camino perfectamente.",1,2,1
"me duelen los ojos permanentemente, oigo lo normal - camino perfectamente.",0,1,1
los brillos me hacen daño en los ojos. oigo bien - me muevo con normalidad.,2,1,1
oido demasiado fino,1,2,1
"mis ojos estan inflamados y duelen, tengo audicion normalo seaestoy inmovilizado.",0,1,0
no escucho nada,1,0,1
no soporto las luces brillantes,2,1,1
"tengo muy poca vision, por otro lado soy sordo. soy hiperactivo.",0,0,2
uso gafas para leer aunque mi oido es normaltambienestoy inmovilizado.,1,1,0
"tengo fotofobia. tengo un tapon, por otro lado no me puedo quedar quieto.",2,0,2
super oido,1,2,1
veo destellos constantemente,2,1,1
"no veo casi nadao seasoy sordo, por otro lado soy muy lento caminando.",0,0,0
veo todo muy borrosoo seano oigo nada aunque camino perfectamente.,0,0,1
"me duelen los ojos al mirar, tengo sordera. soy paralitico.",0,0,0
uso gafas para leer ademas oigo muy mal. puedo caminar y correr.,1,0,1
"uso gafas para leer pero tengo audicion nula, soy paralitico.",1,0,0
tengo hipersensibilidad visual,2,1,1
"tengo hipersensibilidad visual, por otro lado soy paraplejico.",2,1,0
"he perdido el ojo derecho, oido demasiado fino - tengo necesidad constante de moverme.",0,2,2
super vision,2,1,1
no veo nada pero sin problemas de movilidad.,0,1,1
"tengo hipersensibilidad a la luztambienoigo bien, por otro lado no puedo caminar.",2,1,0
"no veo casi nada, tengo hipermovilidad.",0,1,2
soy ciego. tengo necesidad constante de moverme.,0,1,2
hiper visiontambiensoy paralitico.,2,1,0
tengo vision nula aunque escucho los ruidos demasiado fuertes - camino muy lento.,0,2,0
uso gafas para leer - tengo hipersensibilidad al ruido ademas voy en baston.,1,2,0
"no soporto las luces brillantes, por otro lado no puedo estar sentado mucho tiempo.",2,1,2
"hiper vision, sin problemas de movilidad.",2,1,1
escucho todo muy apagado,1,0,1
tengo audicion nula,1,0,1
demasiado veloz,1,1,2
los brillos me hacen daño en los ojos - no me puedo mover.,2,1,0
"perdi la vista, por otro lado oigo lo normal y sin problemas de movilidad.",0,1,1
no tengo problemas oculares,1,1,1
"tengo muy poca vision, no escucho en absoluto pero me muevo compulsivamente.",0,0,2
mis ojos estan inflamados y duelen pero tengo hiperacusiao seacamino bien.,0,2,1
super visiono seacamino bien.,2,1,1
los brillos me hacen daño en los ojos - tengo un tapon pero voy en baston.,2,0,0
oido muy fino,1,2,1
tengo sensibilidad extrema a la luztambienestoy inmovilizado.,2,1,0
tengo necesidad constante de moverme,1,1,2
uso gafas para leertambienescucho las conversaciones sin problema. tengo hiperactividad.,1,1,2
"hiper vision, por otro lado tengo hiperacusiatambiendemasiado veloz.",2,2,2
veo lo necesario pero no escucho en absoluto. camino perfectamente.,1,0,1
veo perfectamenteo seatengo inquietud motora extrema.,1,1,2
hiper vision ademas escucho las conversaciones sin problematambientengo hipermovilidad.,2,1,2
sin problemas de vistao seaoigo lo normal - puedo andar sin problemas.,1,1,1
"veo perfectamente pero escucho los ruidos demasiado fuertes, soy hiperactivo.",1,2,2
tengo sensibilidad extrema a la luz y super oidotambiensin problemas de movilidad.,2,2,1
tengo sensibilidad extrema a la luz - super oido. camino bien.,2,2,1
los brillos me hacen daño en los ojos - escucho las conversaciones sin problema - me cuesta mucho caminar.,2,1,0
no soporto las luces brillantes - tengo audicion nula y tengo exceso de movimiento.,2,0,2
tengo muy poca vision - camino perfectamente.,0,1,1
no me puedo quedar quieto,1,1,2
no escucho nada,1,0,1
me duelen los ojos permanentemente y mi oido es normal pero tengo exceso de movimiento.,0,1,2
"he perdido el ojo derecho, por otro lado soy sordo ademas me muevo con normalidad.",0,0,1
he perdido el ojo derecho - oigo lo normal - puedo andar sin problemas.,0,1,1
super vision. mi movilidad es normal.,2,1,1
veo lo necesarioo sealos ruidos fuertes me aturden pero ando con muletas.,1,2,0
no veo nada aunque oido demasiado finotambientengo exceso de movimiento.,0,2,2
"me duele el ojo izquierdo, sin problemas de oidotambienmi movilidad es normal.",0,1,1
ando en silla de ruedas,1,1,0
no soporto las luces brillanteso seatengo inquietud motora extrema.,2,1,2
no veo nada pero tengo hipersensibilidad auditiva. tengo exceso de movimiento.,0,2,2
"tengo sensibilidad extrema a la luz, por otro lado no escucho en absoluto y puedo andar sin problemas.",2,0,1
no me puedo mover,1,1,0
soy ciego pero no puedo mover las piernas.,0,1,0
siento dolor en los ojos - tengo audicion normal - no puedo estar sentado mucho tiempo.,0,1,2
"veo destellos constantemente - no escucho nada, tengo dificultad para andar.",2,0,0
me duelen los ojos permanentemente,0,1,1
tengo hipersensibilidad a la luz,2,1,1
siento dolor en los ojos. puedo caminar y correr.,0,1,1
he perdido el ojo izquierdo aunque soy muy lento caminando.,0,1,0
"tengo ceguera total, tengo exceso de movimiento.",0,1,2
escucho los ruidos demasiado fuertes,1,2,1
no escucho en absoluto,1,0,1
tengo sensibilidad extrema a la luz,2,1,1
tengo exceso de movimiento,1,1,2
veo todo muy borroso,0,1,1
mi agudeza visual es promedio,1,1,1
los brillos me hacen daño en los ojoso seaoido demasiado finotambientengo necesidad constante de moverme.,2,2,2
veo perfectamente y oido muy fino ademas me muevo compulsivamente.,1,2,2
"no soporto abrir los ojos del doloro seasoy sordo, no puedo mover las piernas.",0,0,0
tengo hipersensibilidad a la luztambiendemasiado veloz.,2,1,2
uso baston para ciegostambienescucho perfectamenteo seapuedo caminar y correr.,0,1,1
oido muy fino,1,2,1
uso gafas para leer y camino perfectamente.,1,1,1
tengo audicion normal,1,1,1
los brillos me hacen daño en los ojos y no escucho nada y camino perfectamente.,2,0,1
estoy ciego aunque los ruidos fuertes me aturden ademas no puedo estar sentado mucho tiempo.,0,2,2
veo perfectamente ademas soy paralitico.,1,1,0
super vision ademas tengo audicion nula aunque soy paraplejico.,2,0,0
tengo vision nulatambienme molestan mucho los ruidos y puedo andar sin problemas.,0,2,1
soy ciego pero tengo hiperacusia ademas tengo inquietud motora extrema.,0,2,2
mi vista es normal - tengo audicion normal ademas tengo exceso de movimiento.,1,1,2
mis ojos estan inflamados y duelen aunque me muevo compulsivamente.,0,1,2
"tengo fotofobia pero oigo lo normal, tengo inquietud motora extrema.",2,1,2
no me puedo mover,1,1,0
"hiper vision, por otro lado camino muy lento.",2,1,0
"no tengo problemas oculares. me molestan mucho los ruidos, me muevo con normalidad.",1,2,1
"no soporto las luces brillantestambientengo un tapon, tengo hiperactividad.",2,0,2
no veo casi nadao seame muevo compulsivamente.,0,1,2
"no soporto las luces brillantes, por otro lado tengo audicion nulao seano puedo estar sentado mucho tiempo.",2,0,2
uso gafas para leer pero camino muy lento.,1,1,0
no escucho nada,1,0,1
no soporto el volumen alto,1,2,1
llevo lentillas y veo bien pero tengo hipersensibilidad auditiva pero puedo caminar y correr.,1,2,1
soy hiperactivo,1,1,2
tengo exceso de movimiento,1,1,2
llevo lentillas y veo bien y mi oido es normal ademas tengo inquietud motora extrema.,1,1,2
"sin problemas de vista, oigo muy mal aunque me cuesta mucho caminar.",1,0,0
me muevo con normalidad,1,1,1
estoy ciego. camino muy lento.,0,1,0
no soporto las luces brillantes aunque tengo audicion normalo seame muevo con normalidad.,2,1,1
no tengo problemas oculareso seano escucho nada pero puedo andar sin problemas.,1,0,1
mis ojos estan inflamados y duelen. sin problemas de movilidad.,0,1,1
me molesta mucho la luz ademas escucho las conversaciones sin problemao seame cuesta mucho caminar.,2,1,0
me duelen los ojos permanentemente y tengo inquietud motora extrema.,0,1,2
tengo hipermovilidad,1,1,2
la luz me deslumbra demasiado. camino bien.,2,1,1
oigo muy mal,1,0,1
veo bien,1,1,1
"tengo hipersensibilidad a la luz y tengo un oido demasiado sensible, camino bien.",2,2,1
sin problemas de vista aunque camino muy lento.,1,1,0
tengo vision normal - camino bien.,1,1,1
tengo hiperactividad,1,1,2
"tengo hipersensibilidad visual, tengo sordera pero no me puedo mover.",2,0,0
"mi agudeza visual es promedio - escucho perfectamente, ando con muletas.",1,1,0
tengo hipersensibilidad visual ademas soy muy lento caminando.,2,1,0
puedo andar sin problemas,1,1,1
tengo vision normal ademas tengo hiperacusiao seano puedo mover las piernas.,1,2,0
"tengo vision normal ademas super oido, tengo dificultad para andar.",1,2,0
me muevo compulsivamente,1,1,2
"tengo hipersensibilidad visual, tengo hipersensibilidad al ruido, tengo inquietud motora extrema.",2,2,2
veo perfectamente ademas soy sordo pero estoy inmovilizado.,1,0,0
tengo sensibilidad extrema a la luzo seame cuesta mucho caminar.,2,1,0
veo perfectamente. no soporto el volumen alto y ando con muletas.,1,2,0
"mi vista es normal y no escucho en absoluto, por otro lado me muevo con normalidad.",1,0,1
no me puedo quedar quieto,1,1,2
hiper visiono seami oido es normal y camino bien.,2,1,1
mi vista es normal pero me cuesta mucho caminar.,1,1,0
veo destellos constantemente pero los ruidos fuertes me aturden aunque no puedo caminar.,2,2,0
no escucho en absoluto,1,0,1
perdi los ojos aunque tengo exceso de movimiento.,0,1,2
"veo bien, camino muy lento.",1,1,0
"tengo fotofobia, oigo lo normal. ando en silla de ruedas.",2,1,0
no veo nada. escucho perfectamentetambientengo exceso de movimiento.,0,1,2
no veo casi nada,0,1,1
veo perfectamente,1,1,1
tengo tics motores,1,1,2
sin problemas de vista ademas tengo hipersensibilidad auditivatambientengo problemas al caminar.,1,2,0
"los brillos me hacen daño en los ojoso seaescucho las conversaciones sin problema, por otro lado tengo movilidad muy reducida.",2,1,0
tengo problemas en la vista pero escucho las conversaciones sin problema aunque mi movilidad es normal.,0,1,1
no veo casi nadao seatengo hiperacusia y tengo inquietud motora extrema.,0,2,2
la luz me deslumbra demasiado aunque tengo problemas al caminar.,2,1,0
tengo ceguera total y oigo lo normal - tengo hipermovilidad.,0,1,2
me duele el ojo izquierdo,0,1,1
mi vista es normal - sin problemas de oido aunque tengo inquietud motora extrema.,1,1,2
sin problemas de vista pero me molestan mucho los ruidos pero mi movilidad es normal.,1,2,1
mi agudeza visual es promedio,1,1,1
llevo lentillas y veo bientambientengo exceso de movimiento.,1,1,2
uso gafas para leer pero camino perfectamente.,1,1,1
no soporto las luces brillantes,2,1,1
oigo bien,1,1,1
escucho todo muy apagado,1,0,1
mis ojos estan inflamados y duelen ademas tengo problemas al caminar.,0,1,0
mi agudeza visual es promedio y tengo hipermovilidad.,1,1,2
tengo un tapon,1,0,1
estoy ciego aunque camino bien.,0,1,1
llevo lentillas y veo bien pero soy hiperactivo.,1,1,2
"no tengo problemas oculareso seaoigo bien, por otro lado tengo tics motores.",1,1,2
tengo dolor constante en los ojos - tengo audicion nula y camino muy lento.,0,0,0
mis ojos estan inflamados y duelen - escucho todo muy apagado - estoy inmovilizado.,0,0,0
"tengo problemas en la vista ademas uso lenguaje de señas, por otro lado me muevo con normalidad.",0,0,1
"uso gafas para leer, por otro lado oigo lo normal aunque ando en silla de ruedas.",1,1,0
"llevo lentillas y veo bien, por otro lado soy hiperactivo.",1,1,2
mis ojos estan inflamados y duelen,0,1,1
"veo destellos constantemente pero escucho perfectamente, ando en silla de ruedas.",2,1,0
sin problemas de oido,1,1,1
los brillos me hacen daño en los ojostambientengo sordera ademas camino bien.,2,0,1
sin problemas de vista y tengo tics motores.,1,1,2
"mis ojos estan inflamados y duelen, por otro lado mi oido es normal pero tengo dificultad para andar.",0,1,0
veo muy mal aunque mi movilidad es normal.,0,1,1
hiper vision pero tengo muy poca audicion - tengo exceso de movimiento.,2,0,2
mi agudeza visual es promediotambienno me puedo quedar quieto.,1,1,2
"tengo hipersensibilidad visualo seaoido muy fino, por otro lado camino bien.",2,2,1
veo perfectamenteo seatengo un tapon - mi movilidad es normal.,1,0,1
veo bien,1,1,1
"perdi los ojos pero uso lenguaje de señas, por otro lado puedo andar sin problemas.",0,0,1
tengo vision nula,0,1,1
tengo necesidad constante de moverme,1,1,2
"tengo ceguera total y tengo un oido demasiado sensible, por otro lado me muevo con normalidad.",0,2,1
oigo lo normal,1,1,1
mi agudeza visual es promedio,1,1,1
"uso gafas para leer, por otro lado no puedo mover las piernas.",1,1,0
no tengo problemas ocularestambienme muevo con normalidad.,1,1,1
"tengo fotofobia, por otro lado tengo un tapon y tengo hiperactividad.",2,0,2
"tengo vision nula, mi movilidad es normal.",0,1,1
camino bien,1,1,1
"tengo dolor ocular aunque oigo lo normal, tengo movilidad muy reducida.",0,1,0
no veo nada ademas me molestan mucho los ruidos ademas tengo inquietud motora extrema.,0,2,2
veo bien. escucho todo muy apagadotambientengo hipermovilidad.,1,0,2
no veo casi nada pero no oigo nada y tengo hiperactividad.,0,0,2
siento dolor en los ojos,0,1,1
"me molesta mucho la luz, mi oido es normalo seatengo tics motores.",2,1,2
uso baston para ciegos aunque mi oido es normal aunque tengo exceso de movimiento.,0,1,2
tengo audicion normal,1,1,1
me duele el ojo izquierdotambiensoy sordo - soy muy lento caminando.,0,0,0
me duelen los ojos al mirar - tengo hiperacusia - demasiado veloz.,0,2,2
no me puedo mover,1,1,0
"me duele el ojo izquierdo, por otro lado escucho las conversaciones sin problema pero tengo tics motores.",0,1,2
sin problemas de movilidad,1,1,1
tengo vision nula ademas tengo problemas al caminar.,0,1,0
super vision. ando en silla de ruedas.,2,1,0
"uso gafas para leer y oido demasiado fino, estoy inmovilizado.",1,2,0
"llevo lentillas y veo bientambienlos ruidos fuertes me aturden, por otro lado tengo exceso de movimiento.",1,2,2
hiper vision. sin problemas de movilidad.,2,1,1
me duelen los ojos ademas escucho los ruidos demasiado fuertes pero tengo dificultad para andar.,0,2,0
veo perfectamente pero soy paralitico.,1,1,0
"tengo hipersensibilidad visualo seatengo sordera, por otro lado no me puedo mover.",2,0,0
los brillos me hacen daño en los ojos ademas no puedo estar sentado mucho tiempo.,2,1,2
puedo caminar y correr,1,1,1
he perdido el ojo derecho - no puedo mover las piernas.,0,1,0
uso gafas para leer pero oigo bien y soy muy lento caminando.,1,1,0
tengo hipersensibilidad visual pero me molestan mucho los ruidos ademas tengo hipermovilidad.,2,2,2
"no soporto abrir los ojos del dolor, no soporto el volumen alto, por otro lado tengo tics motores.",0,2,2
tengo muy poca visiono seaoigo muy mal - no puedo caminar.,0,0,0
"tengo ceguera total, tengo hipersensibilidad auditiva ademas tengo exceso de movimiento.",0,2,2
mis ojos estan inflamados y duelen - escucho perfectamenteo seacamino bien.,0,1,1
mis ojos estan inflamados y duelen,0,1,1
veo lo necesario - ando con muletas.,1,1,0
la luz me deslumbra demasiado y no puedo mover las piernas.,2,1,0
escucho las conversaciones sin problema,1,1,1
veo bien pero tengo muy poca audiciono seame muevo compulsivamente.,1,0,2
veo muy mal,0,1,1
tengo fotofobia. estoy inmovilizado.,2,1,0
mi vista es normal pero no puedo estar sentado mucho tiempo.,1,1,2
estoy inmovilizado,1,1,0
tengo hipersensibilidad a la luz - escucho perfectamente y demasiado veloz.,2,1,2
la luz me deslumbra demasiado aunque los sonidos agudos me dan dolor de cabeza - sin problemas de movilidad.,2,2,1
sin problemas de movilidad,1,1,1
me muevo con normalidad,1,1,1
ceguera absoluta. tengo audicion normal pero camino perfectamente.,0,1,1
tengo hipersensibilidad a la luz y mi oido es normal aunque soy muy lento caminando.,2,1,0
"llevo lentillas y veo bien, escucho los ruidos demasiado fuertes y tengo dificultad para andar.",1,2,0
sin problemas de vista y oido muy finoo seami movilidad es normal.,1,2,1
tengo hipersensibilidad a la luz - tengo muy poca audicion y tengo exceso de movimiento.,2,0,2
no soporto las luces brillantes,2,1,1
"sin problemas de vista, camino perfectamente.",1,1,1
"veo muy mal, por otro lado oigo bien, soy paraplejico.",0,1,0
me duele el ojo derecho,0,1,1
me molesta mucho la luzo seademasiado veloz.,2,1,2
perdi los ojos. no puedo estar sentado mucho tiempo.,0,1,2
he perdido el ojo derecho - tengo hipersensibilidad auditivatambientengo inquietud motora extrema.,0,2,2
ando en silla de ruedas,1,1,0
veo bien ademas no escucho en absolutotambienpuedo caminar y correr.,1,0,1
me duele el ojo izquierdo ademas oido muy fino y tengo necesidad constante de moverme.,0,2,2
super vision,2,1,1
me duelen los ojos ademas tengo dificultad para andar.,0,1,0
tengo hipersensibilidad a la luz. tengo audicion normal y tengo hipermovilidad.,2,1,2
he perdido el ojo derecho - camino bien.,0,1,1
ceguera absolutatambienlos ruidos fuertes me aturden. tengo exceso de movimiento.,0,2,2
tengo dolor constante en los ojos pero soy paralitico.,0,1,0
escucho perfectamente,1,1,1
super vision pero escucho todo muy apagado aunque no me puedo quedar quieto.,2,0,2
tengo vision normalo seacamino bien.,1,1,1
veo todo muy borroso. escucho todo muy apagado - no me puedo quedar quieto.,0,0,2
"sin problemas de vista. tengo un oido demasiado sensible, por otro lado mi movilidad es normal.",1,2,1
"super vision ademas tengo hipersensibilidad auditiva, tengo problemas al caminar.",2,2,0
no soporto las luces brillantes ademas escucho todo muy apagadoo seame muevo compulsivamente.,2,0,2
veo perfectamente y tengo hiperacusia - ando en silla de ruedas.,1,2,0
tengo hipersensibilidad visual,2,1,1
siento dolor en los ojos,0,1,1
escucho las conversaciones sin problema,1,1,1
la luz me deslumbra demasiado aunque camino perfectamente.,2,1,1
tengo ceguera total y me muevo con normalidad.,0,1,1
me duelen los ojos al mirar,0,1,1
la luz me deslumbra demasiado,2,1,1
me duele el ojo izquierdo y me molestan mucho los ruidos aunque tengo hipermovilidad.,0,2,2
tengo muy poca vision - soy sordo. puedo caminar y correr.,0,0,1
tengo hipermovilidad,1,1,2
soy muy lento caminando,1,1,0
no me puedo quedar quieto,1,1,2
no tengo problemas ocularestambientengo hiperacusia. camino bien.,1,2,1
tengo fotofobia. mi oido es normal aunque puedo andar sin problemas.,2,1,1
tengo hipersensibilidad al ruido,1,2,1
mi vista es normal y no escucho en absoluto. no puedo mover las piernas.,1,0,0
tengo dolor constante en los ojos,0,1,1
"veo destellos constantemente ademas escucho las conversaciones sin problema, puedo caminar y correr.",2,1,1
no escucho nada,1,0,1
super vision ademas me molestan mucho los ruidostambienmi movilidad es normal.,2,2,1
no tengo problemas oculares y mi oido es normal y tengo movilidad muy reducida.,1,1,0
"mi agudeza visual es promedio aunque mi oido es normal, por otro lado tengo exceso de movimiento.",1,1,2
veo bien - no me puedo mover.,1,1,0
he perdido el ojo derechoo seacamino muy lento.,0,1,0
no me puedo quedar quieto,1,1,2
uso baston para ciegostambienlos sonidos agudos me dan dolor de cabeza. puedo caminar y correr.,0,2,1
mi oido es normal,1,1,1
los brillos me hacen daño en los ojos. oigo bientambienmi movilidad es normal.,2,1,1
"uso gafas para leer, por otro lado no me puedo quedar quieto.",1,1,2
uso gafas para leer,1,1,1
la luz me deslumbra demasiadotambienno escucho en absoluto pero camino perfectamente.,2,0,1
"uso gafas para leero seasuper oido, camino perfectamente.",1,2,1
me duelen los ojos permanentemente pero mi oido es normal pero voy en baston.,0,1,0
tengo fotofobiatambienlos ruidos fuertes me aturden y camino muy lento.,2,2,0
oido demasiado fino,1,2,1
no veo nada. soy paralitico.,0,1,0
siento dolor en los ojos,0,1,1
hiper visiontambienescucho las conversaciones sin problematambienno puedo estar sentado mucho tiempo.,2,1,2
puedo andar sin problemas,1,1,1
veo todo muy borroso,0,1,1
"veo perfectamente, no escucho en absoluto, soy hiperactivo.",1,0,2
tengo sensibilidad extrema a la luztambiensin problemas de oido pero camino bien.,2,1,1
super visiontambienno puedo estar sentado mucho tiempo.,2,1,2
no soporto las luces brillantes - escucho las conversaciones sin problematambienmi movilidad es normal.,2,1,1
tengo vision normal - me cuesta mucho caminar.,1,1,0
escucho perfectamente,1,1,1
"veo muy mal, oigo lo normal, por otro lado soy paralitico.",0,1,0
me duele el ojo izquierdo ademas tengo hiperactividad.,0,1,2
"mi agudeza visual es promedio, tengo movilidad muy reducida.",1,1,0
soy hiperactivo,1,1,2
sin problemas de vistatambienestoy inmovilizado.,1,1,0
"tengo sensibilidad extrema a la luz y no oigo nada, por otro lado puedo caminar y correr.",2,0,1
me molesta mucho la luz pero soy muy lento caminando.,2,1,0
oigo muy mal,1,0,1
"tengo hipersensibilidad visual, por otro lado tengo inquietud motora extrema.",2,1,2
mi oido es normal,1,1,1
los brillos me hacen daño en los ojos aunque oigo bien aunque ando con muletas.,2,1,0
tengo fotofobia,2,1,1
tengo hipersensibilidad visualo seatengo un oido demasiado sensible pero tengo hipermovilidad.,2,2,2
tengo ceguera total,0,1,1
"sin problemas de vista, por otro lado tengo audicion normaltambiensoy paralitico.",1,1,0
uso gafas para leer - no me puedo quedar quieto.,1,1,2
"estoy ciego pero sin problemas de oido, no puedo caminar.",0,1,0
tengo hipersensibilidad a la luz pero oido demasiado fino aunque puedo andar sin problemas.,2,2,1
tengo sensibilidad extrema a la luz aunque tengo muy poca audicion y tengo inquietud motora extrema.,2,0,2
"tengo hipersensibilidad visual, por otro lado tengo audicion nula, por otro lado tengo inquietud motora extrema.",2,0,2
veo lo necesario,1,1,1
sin problemas de vista. soy sordo aunque tengo tics motores.,1,0,2
"los brillos me hacen daño en los ojos, escucho los ruidos demasiado fuertes, por otro lado me cuesta mucho caminar.",2,2,0
"tengo sensibilidad extrema a la luzo sealos sonidos agudos me dan dolor de cabeza, por otro lado sin problemas de movilidad.",2,2,1
no veo casi nadatambientengo hiperacusiao seano me puedo mover.,0,2,0
mi movilidad es normal,1,1,1
tengo fotofobia y tengo dificultad para andar.,2,1,0
escucho los ruidos demasiado fuertes,1,2,1
tengo vision normal y los ruidos fuertes me aturdeno seatengo hiperactividad.,1,2,2
hiper vision pero tengo inquietud motora extrema.,2,1,2
no tengo problemas oculareso seatengo audicion nula. camino muy lento.,1,0,0
soy paraplejico,1,1,0
no soporto las luces brillantes. oido muy fino. puedo andar sin problemas.,2,2,1
super vision aunque oigo lo normalo seacamino perfectamente.,2,1,1
siento dolor en los ojos,0,1,1
uso lenguaje de señas,1,0,1
"uso gafas para leer, por otro lado escucho todo muy apagado pero tengo necesidad constante de moverme.",1,0,2
tengo hipermovilidad,1,1,2
me duele el ojo derecho - tengo un oido demasiado sensible y no me puedo quedar quieto.,0,2,2
veo perfectamente pero oigo lo normal y mi movilidad es normal.,1,1,1
ceguera absoluta y mi movilidad es normal.,0,1,1
tengo vision normal. no escucho en absoluto pero sin problemas de movilidad.,1,0,1
no soporto abrir los ojos del dolortambienno me puedo mover.,0,1,0
uso gafas para leer aunque super oido - me muevo con normalidad.,1,2,1
veo destellos constantemente pero no escucho nada y me muevo con normalidad.,2,0,1
uso baston para ciegos. estoy inmovilizado.,0,1,0
soy sordo,1,0,1
no puedo caminar,1,1,0
perdi la vista aunque los ruidos fuertes me aturden - tengo necesidad constante de moverme.,0,2,2
hiper vision pero demasiado veloz.,2,1,2
uso gafas para leer pero tengo audicion normal - camino bien.,1,1,1
tengo problemas en la vista,0,1,1
me molesta mucho la luz. soy paralitico.,2,1,0
llevo lentillas y veo bien ademas tengo muy poca audicion aunque no puedo estar sentado mucho tiempo.,1,0,2
veo todo muy borroso pero sin problemas de movilidad.,0,1,1
tengo muy poca vision pero oigo lo normal y puedo caminar y correr.,0,1,1
me molesta mucho la luz - tengo tics motores.,2,1,2
tengo un oido demasiado sensible,1,2,1
tengo fotofobia - no puedo estar sentado mucho tiempo.,2,1,2
veo lo necesario. escucho todo muy apagadotambientengo inquietud motora extrema.,1,0,2
me duelen los ojos al mirartambienoigo muy mal y soy muy lento caminando.,0,0,0
me cuesta mucho caminar,1,1,0
tengo sensibilidad extrema a la luz - camino bien.,2,1,1
tengo inquietud motora extrema,1,1,2
sin problemas de vista,1,1,1
no oigo nada,1,0,1
no tengo problemas oculareso seatengo un tapon y mi movilidad es normal.,1,0,1
"los brillos me hacen daño en los ojostambienoigo lo normal, por otro lado mi movilidad es normal.",2,1,1
he perdido el ojo izquierdo y tengo sordera profunda. camino perfectamente.,0,0,1
mi agudeza visual es promediotambientengo hiperacusiao seapuedo andar sin problemas.,1,2,1
"uso gafas para leer y mi oido es normal, por otro lado tengo movilidad muy reducida.",1,1,0
tengo fotofobiatambienpuedo caminar y correr.,2,1,1
tengo hipersensibilidad a la luz,2,1,1
me duele el ojo izquierdo,0,1,1
veo lo necesario ademas oido demasiado fino aunque tengo hipermovilidad.,1,2,2
tengo dolor ocular. uso lenguaje de señas. puedo andar sin problemas.,0,0,1
super visiono seano soporto el volumen alto. no puedo estar sentado mucho tiempo.,2,2,2
no tengo problemas oculares,1,1,1
me muevo con normalidad,1,1,1
llevo lentillas y veo bien ademas sin problemas de movilidad.,1,1,1
"veo bien, por otro lado tengo hipermovilidad.",1,1,2
camino muy lento,1,1,0
soy muy lento caminando,1,1,0
"llevo lentillas y veo bien, oigo lo normal ademas puedo caminar y correr.",1,1,1
estoy ciego - escucho todo muy apagado. demasiado veloz.,0,0,2
soy muy lento caminando,1,1,0
sin problemas de movilidad,1,1,1
"no soporto abrir los ojos del dolor, uso lenguaje de señas. puedo andar sin problemas.",0,0,1
no soporto las luces brillanteso seaoigo lo normal pero no puedo caminar.,2,1,0
ceguera absoluta,0,1,1
"me duelen los ojos permanentemente, por otro lado no escucho nada - tengo movilidad muy reducida.",0,0,0
tengo sensibilidad extrema a la luz - tengo sordera ademas soy paralitico.,2,0,0
tengo problemas en la vistatambienme muevo con normalidad.,0,1,1
perdi la vista - soy sordotambienando con muletas.,0,0,0
tengo dolor ocular ademas me cuesta mucho caminar.,0,1,0
"tengo vision nula, tengo audicion nula. me muevo con normalidad.",0,0,1
demasiado veloz,1,1,2
tengo hipersensibilidad a la luz,2,1,1
veo lo necesariotambientengo hiperactividad.,1,1,2
"los brillos me hacen daño en los ojos, me muevo compulsivamente.",2,1,2
no tengo problemas ocularestambientengo muy poca audicion pero no me puedo quedar quieto.,1,0,2
mis ojos estan inflamados y duelen - estoy inmovilizado.,0,1,0
perdi los ojos. no puedo mover las piernas.,0,1,0
camino bien,1,1,1
veo bien pero escucho los ruidos demasiado fuertes pero puedo andar sin problemas.,1,2,1
"tengo hipersensibilidad visual pero los sonidos agudos me dan dolor de cabeza, no puedo caminar.",2,2,0
hiper vision pero no puedo estar sentado mucho tiempo.,2,1,2
escucho los ruidos demasiado fuertes,1,2,1
veo destellos constantementeo seatengo tics motores.,2,1,2
los brillos me hacen daño en los ojos y tengo hipermovilidad.,2,1,2
mis ojos estan inflamados y duelen aunque tengo dificultad para andar.,0,1,0
no puedo caminar,1,1,0
no soporto las luces brillanteso seano soporto el volumen alto aunque estoy inmovilizado.,2,2,0
"no veo casi nada, no me puedo quedar quieto.",0,1,2
super vision - sin problemas de movilidad.,2,1,1
tengo movilidad muy reducida,1,1,0
llevo lentillas y veo bientambiensin problemas de oido aunque me muevo con normalidad.,1,1,1
llevo lentillas y veo bien,1,1,1
oigo muy mal,1,0,1
estoy ciego pero soy paralitico.,0,1,0
tengo problemas al caminar,1,1,0
tengo un tapon,1,0,1
escucho perfectamente,1,1,1
he perdido el ojo izquierdo ademas no puedo mover las piernas.,0,1,0
tengo sensibilidad extrema a la luz - soy hiperactivo.,2,1,2
super vision. camino bien.,2,1,1
"he perdido el ojo izquierdo, por otro lado escucho todo muy apagado pero puedo caminar y correr.",0,0,1
"uso gafas para leer. escucho perfectamente, tengo movilidad muy reducida.",1,1,0
me duele el ojo izquierdo,0,1,1
"tengo dolor ocular ademas tengo audicion normal, por otro lado puedo caminar y correr.",0,1,1
veo perfectamente. no oigo nada aunque sin problemas de movilidad.,1,0,1
"perdi la vista, por otro lado demasiado veloz.",0,1,2
"tengo hipersensibilidad visual, por otro lado oigo lo normal, camino bien.",2,1,1
uso gafas para leer y tengo movilidad muy reducida.,1,1,0
soy paraplejico,1,1,0
veo perfectamente aunque no escucho en absoluto y camino bien.,1,0,1
veo muy mal. tengo hiperactividad.,0,1,2
perdi la vista pero me molestan mucho los ruidos ademas me cuesta mucho caminar.,0,2,0
he perdido el ojo derecho - puedo andar sin problemas.,0,1,1
me duelen los ojos al mirar y tengo audicion normalo seapuedo caminar y correr.,0,1,1
"los brillos me hacen daño en los ojos, por otro lado oigo lo normalo seasoy paralitico.",2,1,0
ceguera absoluta,0,1,1
hiper vision y sin problemas de movilidad.,2,1,1
uso gafas para leer y no soporto el volumen alto pero demasiado veloz.,1,2,2
me molestan mucho los ruidos,1,2,1
"tengo hipersensibilidad visual, por otro lado soy sordo. sin problemas de movilidad.",2,0,1
mi agudeza visual es promedio - camino muy lento.,1,1,0
"llevo lentillas y veo bien, tengo exceso de movimiento.",1,1,2
tengo dolor constante en los ojos ademas puedo caminar y correr.,0,1,1
no escucho nada,1,0,1
he perdido el ojo derecho,0,1,1
puedo caminar y correr,1,1,1
oigo bien,1,1,1
los ruidos fuertes me aturden,1,2,1
siento dolor en los ojos pero tengo audicion normalo seami movilidad es normal.,0,1,1
"me duele el ojo derecho, mi movilidad es normal.",0,1,1
me molesta mucho la luzo seano puedo mover las piernas.,2,1,0
uso lenguaje de señas,1,0,1
tengo inquietud motora extrema,1,1,2
mi agudeza visual es promedio aunque tengo hipersensibilidad auditiva ademas tengo hiperactividad.,1,2,2
llevo lentillas y veo bientambiencamino muy lento.,1,1,0
tengo ceguera total ademas escucho perfectamente aunque tengo exceso de movimiento.,0,1,2
no veo nada aunque no soporto el volumen alto y ando en silla de ruedas.,0,2,0
tengo sensibilidad extrema a la luz ademas tengo sordera aunque camino muy lento.,2,0,0
"veo muy mal, por otro lado super oido y no puedo estar sentado mucho tiempo.",0,2,2
me duelen los ojos permanentemente aunque no escucho nadao seatengo hiperactividad.,0,0,2
perdi los ojoso seatengo hipermovilidad.,0,1,2
me duelen los ojos,0,1,1
tengo hipersensibilidad auditiva,1,2,1
tengo un tapon,1,0,1
los brillos me hacen daño en los ojos - escucho los ruidos demasiado fuertes aunque me muevo compulsivamente.,2,2,2
puedo andar sin problemas,1,1,1
"tengo fotofobiao seatengo un tapon, tengo tics motores.",2,0,2
voy en baston,1,1,0
la luz me deslumbra demasiadotambienoigo bien ademas sin problemas de movilidad.,2,1,1
puedo caminar y correr,1,1,1
tengo hiperacusia,1,2,1
tengo problemas en la vistatambienno escucho nadao seacamino perfectamente.,0,0,1
puedo andar sin problemas,1,1,1
uso gafas para leer,1,1,1
veo perfectamenteo seatengo sorderatambienpuedo caminar y correr.,1,0,1
camino perfectamente,1,1,1
los brillos me hacen daño en los ojos. mi oido es normalo seatengo inquietud motora extrema.,2,1,2
"me duele el ojo izquierdo, demasiado veloz.",0,1,2
me duelen los ojos al mirar pero me cuesta mucho caminar.,0,1,0
tengo vision normal pero me muevo compulsivamente.,1,1,2
tengo vision normal y tengo tics motores.,1,1,2
me muevo compulsivamente,1,1,2
no tengo problemas oculares,1,1,1
llevo lentillas y veo bien y sin problemas de oido aunque sin problemas de movilidad.,1,1,1
llevo lentillas y veo bieno seaoido demasiado fino aunque camino perfectamente.,1,2,1
veo perfectamente - soy hiperactivo.,1,1,2
uso baston para ciegos,0,1,1
llevo lentillas y veo bientambienoigo bien pero puedo andar sin problemas.,1,1,1
oigo lo normal,1,1,1
veo lo necesariotambiencamino muy lento.,1,1,0
la luz me deslumbra demasiado ademas sin problemas de oido - demasiado veloz.,2,1,2
me molesta mucho la luz y tengo un tapontambientengo problemas al caminar.,2,0,0
no soporto las luces brillanteso seatengo audicion normal ademas tengo inquietud motora extrema.,2,1,2
camino bien,1,1,1
camino perfectamente,1,1,1
la luz me deslumbra demasiado. tengo hipersensibilidad auditiva pero me muevo con normalidad.,2,2,1
"la luz me deslumbra demasiado - oigo lo normal, puedo andar sin problemas.",2,1,1
"tengo hipersensibilidad a la luztambienno escucho en absoluto, me cuesta mucho caminar.",2,0,0
me duele el ojo izquierdoo seame molestan mucho los ruidoso seasoy paralitico.,0,2,0
oigo bien,1,1,1
tengo vision normal - sin problemas de oido ademas tengo dificultad para andar.,1,1,0
tengo hipersensibilidad visualtambienescucho perfectamente ademas me cuesta mucho caminar.,2,1,0
"soy ciego, por otro lado escucho los ruidos demasiado fuertes y tengo inquietud motora extrema.",0,2,2
he perdido el ojo derecho pero tengo muy poca audicion y tengo inquietud motora extrema.,0,0,2
"me duelen los ojos al mirar, tengo hipersensibilidad auditiva, por otro lado me muevo con normalidad.",0,2,1
tengo dolor oculartambienoigo bien aunque me muevo con normalidad.,0,1,1
veo destellos constantementetambienescucho los ruidos demasiado fuerteso seatengo tics motores.,2,2,2
he perdido el ojo izquierdoo seatengo audicion normal - camino perfectamente.,0,1,1
veo lo necesariotambientengo audicion normal - soy muy lento caminando.,1,1,0
veo perfectamente,1,1,1
veo destellos constantemente. soy paralitico.,2,1,0
tengo dolor constante en los ojos - oido demasiado fino aunque camino muy lento.,0,2,0
no puedo mover las piernas,1,1,0
veo destellos constantemente ademas no escucho en absolutotambientengo dificultad para andar.,2,0,0
"uso gafas para leer. tengo hipersensibilidad auditiva, por otro lado puedo caminar y correr.",1,2,1
me duelen los ojoso seatengo audicion normal - ando con muletas.,0,1,0
"mi vista es normal, por otro lado soy hiperactivo.",1,1,2
la luz me deslumbra demasiado aunque escucho las conversaciones sin problema aunque tengo problemas al caminar.,2,1,0
llevo lentillas y veo bien aunque super oido pero me muevo compulsivamente.,1,2,2
"mi agudeza visual es promedio, por otro lado oigo lo normal. me cuesta mucho caminar.",1,1,0
ceguera absoluta,0,1,1
sin problemas de movilidad,1,1,1
"la luz me deslumbra demasiado, tengo hipersensibilidad auditiva - me muevo con normalidad.",2,2,1
tengo hiperacusia,1,2,1
veo lo necesariotambienmi oido es normal ademas no puedo estar sentado mucho tiempo.,1,1,2
llevo lentillas y veo bieno seami oido es normal - voy en baston.,1,1,0
"super vision, no soporto el volumen alto pero mi movilidad es normal.",2,2,1
hiper vision ademas oigo muy mal pero tengo problemas al caminar.,2,0,0
"veo lo necesario, por otro lado mi oido es normalo seano puedo estar sentado mucho tiempo.",1,1,2
"sin problemas de vista, escucho perfectamente. no puedo caminar.",1,1,0
los brillos me hacen daño en los ojos pero oigo muy mal - soy paralitico.,2,0,0
escucho las conversaciones sin problema,1,1,1
veo destellos constantementetambiencamino perfectamente.,2,1,1
"no soporto las luces brillantes, por otro lado tengo exceso de movimiento.",2,1,2
no veo nada - tengo sordera profunda y ando con muletas.,0,0,0
"llevo lentillas y veo bien, me muevo con normalidad.",1,1,1
tengo dolor ocular pero mi oido es normal pero no puedo estar sentado mucho tiempo.,0,1,2
"la luz me deslumbra demasiado, soy hiperactivo.",2,1,2
"uso gafas para leer - tengo sordera profunda, por otro lado no puedo caminar.",1,0,0
"me duelen los ojos, soy hiperactivo.",0,1,2
me duelen los ojos permanentemente - escucho los ruidos demasiado fuerteso seame muevo con normalidad.,0,2,1
perdi los ojos,0,1,1
"me duelen los ojos al mirar, por otro lado me muevo con normalidad.",0,1,1
estoy ciego,0,1,1
"veo muy mal, soy paralitico.",0,1,0
tengo vision nula pero tengo hipersensibilidad auditiva aunque tengo inquietud motora extrema.,0,2,2
los brillos me hacen daño en los ojoso seasin problemas de oido aunque camino bien.,2,1,1
"tengo sensibilidad extrema a la luz ademas escucho los ruidos demasiado fuertes, demasiado veloz.",2,2,2
tengo vision nulao seasoy paralitico.,0,1,0
tengo dolor oculartambienmi oido es normaltambienno me puedo mover.,0,1,0
veo destellos constantemente - demasiado veloz.,2,1,2
"tengo vision normal, por otro lado escucho perfectamente pero ando en silla de ruedas.",1,1,0
"me molesta mucho la luzo seame molestan mucho los ruidos, por otro lado tengo necesidad constante de moverme.",2,2,2
tengo problemas en la vista,0,1,1
tengo sensibilidad extrema a la luz ademas escucho las conversaciones sin problema. me muevo compulsivamente.,2,1,2
tengo necesidad constante de moverme,1,1,2
tengo fotofobiao seatengo hiperactividad.,2,1,2
me duele el ojo izquierdo - no me puedo mover.,0,1,0
veo perfectamente aunque escucho todo muy apagadotambienestoy inmovilizado.,1,0,0
llevo lentillas y veo bientambiencamino bien.,1,1,1
tengo hipersensibilidad visual aunque puedo andar sin problemas.,2,1,1
la luz me deslumbra demasiado. tengo sordera y tengo movilidad muy reducida.,2,0,0
perdi los ojos. sin problemas de oidoo seasin problemas de movilidad.,0,1,1
he perdido el ojo derecho y me molestan mucho los ruidos ademas ando en silla de ruedas.,0,2,0
uso baston para ciegos. tengo un oido demasiado sensible ademas estoy inmovilizado.,0,2,0
escucho las conversaciones sin problema,1,1,1
no veo nada pero uso lenguaje de señas aunque tengo dificultad para andar.,0,0,0
"me molesta mucho la luz, tengo audicion normaltambiencamino bien.",2,1,1
me molesta mucho la luz ademas sin problemas de oidotambienme muevo con normalidad.,2,1,1
tengo hipersensibilidad a la luz pero tengo dificultad para andar.,2,1,0
no soporto las luces brillantestambientengo hipersensibilidad auditivatambiencamino perfectamente.,2,2,1
uso gafas para leer aunque tengo sordera profunda aunque ando con muletas.,1,0,0
la luz me deslumbra demasiadoo seatengo audicion normal y tengo hipermovilidad.,2,1,2
veo perfectamente y tengo hiperacusia aunque me muevo con normalidad.,1,2,1
veo perfectamente,1,1,1
veo perfectamente - tengo audicion normal pero me muevo con normalidad.,1,1,1
tengo vision nula y los ruidos fuertes me aturden ademas tengo exceso de movimiento.,0,2,2
"llevo lentillas y veo bien, por otro lado tengo audicion nula - mi movilidad es normal.",1,0,1
sin problemas de vista y escucho los ruidos demasiado fuertes pero tengo inquietud motora extrema.,1,2,2
super vision,2,1,1
uso gafas para leer aunque tengo necesidad constante de moverme.,1,1,2
tengo muy poca audicion,1,0,1
veo todo muy borroso y soy sordo. camino perfectamente.,0,0,1
"super vision, mi oido es normal - tengo movilidad muy reducida.",2,1,0
"tengo hipersensibilidad a la luz, por otro lado me molestan mucho los ruidos, mi movilidad es normal.",2,2,1
"tengo problemas en la vista, no oigo nadao seasin problemas de movilidad.",0,0,1
tengo vision normal ademas puedo caminar y correr.,1,1,1
no puedo estar sentado mucho tiempo,1,1,2
tengo un tapon,1,0,1
tengo dificultad para andar,1,1,0
me duelen los ojos permanentemente - me molestan mucho los ruidostambiensoy muy lento caminando.,0,2,0
veo muy mal y camino muy lento.,0,1,0
demasiado veloz,1,1,2
"veo bien - los ruidos fuertes me aturden, por otro lado no me puedo mover.",1,2,0
estoy ciego - puedo andar sin problemas.,0,1,1
tengo ceguera total y super oido ademas demasiado veloz.,0,2,2
escucho perfectamente,1,1,1
soy paralitico,1,1,0
los brillos me hacen daño en los ojoso seami movilidad es normal.,2,1,1
no soporto las luces brillantes pero sin problemas de movilidad.,2,1,1
uso baston para ciegos aunque sin problemas de oido pero sin problemas de movilidad.,0,1,1
"veo perfectamente - oigo bien, puedo andar sin problemas.",1,1,1
tengo sensibilidad extrema a la luz ademas me muevo con normalidad.,2,1,1
"tengo sensibilidad extrema a la luz, por otro lado me cuesta mucho caminar.",2,1,0
"mi vista es normal, tengo audicion nula - me muevo con normalidad.",1,0,1
"veo bien, tengo hiperactividad.",1,1,2
no soporto abrir los ojos del dolor y no puedo estar sentado mucho tiempo.,0,1,2
"hiper vision, por otro lado escucho las conversaciones sin problema - voy en baston.",2,1,0
llevo lentillas y veo bien pero ando con muletas.,1,1,0
super vision ademas mi movilidad es normal.,2,1,1
veo muy mal,0,1,1
no tengo problemas ocularestambienoigo bien ademas puedo andar sin problemas.,1,1,1
"soy ciego, oigo bien - me muevo con normalidad.",0,1,1
perdi los ojos ademas camino muy lento.,0,1,0
mi agudeza visual es promedio aunque no me puedo quedar quieto.,1,1,2
llevo lentillas y veo bien pero me muevo con normalidad.,1,1,1
no puedo estar sentado mucho tiempo,1,1,2
tengo problemas al caminar,1,1,0
"hiper vision, por otro lado soy hiperactivo.",2,1,2
no tengo problemas oculareso seaescucho perfectamente y soy muy lento caminando.,1,1,0
me duelen los ojos. tengo hiperactividad.,0,1,2
me duele el ojo derecho. escucho perfectamente aunque tengo inquietud motora extrema.,0,1,2
super vision,2,1,1
veo lo necesario,1,1,1
veo perfectamente y escucho las conversaciones sin problema y tengo exceso de movimiento.,1,1,2
"uso gafas para leer, sin problemas de oidotambientengo necesidad constante de moverme.",1,1,2
"mi vista es normal ademas oigo lo normal, soy muy lento caminando.",1,1,0
uso lenguaje de señas,1,0,1
veo lo necesario,1,1,1
no tengo problemas oculareso seasoy sordo y camino bien.,1,0,1
he perdido el ojo derechoo seatengo hiperacusiao seatengo necesidad constante de moverme.,0,2,2
sin problemas de oido,1,1,1
"no veo casi nada - los sonidos agudos me dan dolor de cabeza, por otro lado sin problemas de movilidad.",0,2,1
he perdido el ojo derecho aunque no puedo mover las piernas.,0,1,0
me duelen los ojos permanentementetambienoido muy fino aunque camino perfectamente.,0,2,1
no soporto las luces brillanteso seasoy paralitico.,2,1,0
escucho perfectamente,1,1,1
mis ojos estan inflamados y duelen,0,1,1
veo perfectamente,1,1,1
"uso gafas para leer, tengo un oido demasiado sensible pero camino perfectamente.",1,2,1
estoy ciego,0,1,1
veo todo muy borroso - escucho perfectamente - estoy inmovilizado.,0,1,0
veo destellos constantemente ademas los ruidos fuertes me aturdentambiencamino perfectamente.,2,2,1
tengo hipersensibilidad a la luz aunque escucho todo muy apagadotambientengo hipermovilidad.,2,0,2
tengo hipersensibilidad visual. oido demasiado fino. tengo dificultad para andar.,2,2,0
veo bien ademas uso lenguaje de señas - puedo andar sin problemas.,1,0,1
veo todo muy borrosotambientengo un oido demasiado sensible pero me cuesta mucho caminar.,0,2,0
veo lo necesario aunque soy sordo y mi movilidad es normal.,1,0,1
soy paralitico,1,1,0
escucho perfectamente,1,1,1
veo bien y tengo un tapon. me muevo compulsivamente.,1,0,2
uso gafas para leer pero los sonidos agudos me dan dolor de cabezao seacamino muy lento.,1,2,0
estoy ciego aunque no puedo estar sentado mucho tiempo.,0,1,2
"los brillos me hacen daño en los ojos, mi oido es normal, por otro lado me cuesta mucho caminar.",2,1,0
veo destellos constantemente y tengo hipersensibilidad al ruidotambiencamino bien.,2,2,1
super oido,1,2,1
veo perfectamenteo seatengo audicion normal pero me muevo compulsivamente.,1,1,2
mi agudeza visual es promedio aunque escucho los ruidos demasiado fuertes pero me muevo con normalidad.,1,2,1
tengo vision normal y me muevo con normalidad.,1,1,1
"los brillos me hacen daño en los ojos pero tengo un oido demasiado sensible, por otro lado puedo andar sin problemas.",2,2,1
mis ojos estan inflamados y duelentambienoido demasiado fino aunque me muevo con normalidad.,0,2,1
no soporto el volumen alto,1,2,1
sin problemas de vista pero no puedo caminar.,1,1,0
tengo problemas en la vista aunque mi movilidad es normal.,0,1,1
veo perfectamente aunque no soporto el volumen alto y ando con muletas.,1,2,0
la luz me deslumbra demasiadotambientengo hiperacusiao seasin problemas de movilidad.,2,2,1
veo bien ademas escucho los ruidos demasiado fuertestambienvoy en baston.,1,2,0
puedo andar sin problemas,1,1,1
no veo casi nadao seasoy sordoo seavoy en baston.,0,0,0
"uso gafas para leer, tengo necesidad constante de moverme.",1,1,2
puedo caminar y correr,1,1,1
tengo vision normalo seatengo hipersensibilidad auditiva pero tengo tics motores.,1,2,2
tengo vision normal y oido demasiado fino pero mi movilidad es normal.,1,2,1
veo destellos constantemente - tengo sordera y soy hiperactivo.,2,0,2
estoy ciego y no puedo estar sentado mucho tiempo.,0,1,2
no veo casi nadao seasoy sordoo seame muevo con normalidad.,0,0,1
"llevo lentillas y veo bientambientengo muy poca audicion, por otro lado ando en silla de ruedas.",1,0,0
mi vista es normal - tengo sordera ademas camino bien.,1,0,1
"hiper vision, tengo sordera profunda, sin problemas de movilidad.",2,0,1
tengo vision normal,1,1,1
camino perfectamente,1,1,1
"hiper visiontambienoigo bien, soy paralitico.",2,1,0
tengo vision nula,0,1,1
sin problemas de vistao seacamino bien.,1,1,1
me muevo con normalidad,1,1,1
tengo hipersensibilidad visualtambientengo audicion nulatambiensin problemas de movilidad.,2,0,1
no oigo nada,1,0,1
hiper vision aunque no me puedo quedar quieto.,2,1,2
no tengo problemas oculares - puedo caminar y correr.,1,1,1
"llevo lentillas y veo bien aunque oigo bien, por otro lado puedo caminar y correr.",1,1,1
siento dolor en los ojos - puedo caminar y correr.,0,1,1
tengo vision normal pero sin problemas de movilidad.,1,1,1
tengo sensibilidad extrema a la luz,2,1,1
super visiontambienescucho las conversaciones sin problema. me muevo con normalidad.,2,1,1
oigo muy mal,1,0,1
mi vista es normal y escucho las conversaciones sin problema ademas me muevo compulsivamente.,1,1,2
me molesta mucho la luz y tengo problemas al caminar.,2,1,0
estoy inmovilizado,1,1,0
no escucho en absoluto,1,0,1
"llevo lentillas y veo bien, por otro lado no soporto el volumen alto ademas sin problemas de movilidad.",1,2,1
no veo casi nada aunque tengo un oido demasiado sensible - puedo caminar y correr.,0,2,1
tengo sensibilidad extrema a la luztambientengo problemas al caminar.,2,1,0
no tengo problemas oculares,1,1,1
me muevo compulsivamente,1,1,2
"no tengo problemas oculares - soy sordo, por otro lado tengo problemas al caminar.",1,0,0
ando en silla de ruedas,1,1,0
soy ciego ademas tengo hipersensibilidad al ruido. camino muy lento.,0,2,0
mi vista es normal. no me puedo quedar quieto.,1,1,2
"sin problemas de vista aunque escucho los ruidos demasiado fuertes, tengo inquietud motora extrema.",1,2,2
"no soporto las luces brillantes pero escucho los ruidos demasiado fuertes, por otro lado sin problemas de movilidad.",2,2,1
tengo sensibilidad extrema a la luz pero tengo muy poca audicion - voy en baston.,2,0,0
no veo nada pero sin problemas de oido pero sin problemas de movilidad.,0,1,1
tengo audicion normal,1,1,1
sin problemas de movilidad,1,1,1
no veo en absoluto ademas sin problemas de oidotambienmi movilidad es normal.,0,1,1
oigo bien,1,1,1
tengo vision normal pero tengo problemas al caminar.,1,1,0
"los brillos me hacen daño en los ojos aunque oido demasiado fino, por otro lado tengo inquietud motora extrema.",2,2,2
"tengo fotofobia, por otro lado me muevo con normalidad.",2,1,1
no tengo problemas oculares ademas me muevo compulsivamente.,1,1,2
mi oido es normal,1,1,1
no escucho en absoluto,1,0,1
tengo dolor ocular. tengo audicion nula aunque no me puedo quedar quieto.,0,0,2
perdi la vistao seasoy paraplejico.,0,1,0
veo destellos constantemente ademas oigo bientambienme muevo compulsivamente.,2,1,2
tengo hipermovilidad,1,1,2
no puedo caminar,1,1,0
tengo hipersensibilidad visual - oigo bien - puedo andar sin problemas.,2,1,1
"me molesta mucho la luz, por otro lado escucho las conversaciones sin problema aunque camino perfectamente.",2,1,1
mi vista es normaltambienpuedo andar sin problemas.,1,1,1
veo perfectamenteo seano escucho en absoluto. voy en baston.,1,0,0
no veo nada y no oigo nada y soy paraplejico.,0,0,0
tengo vision normal. tengo hiperacusia pero me muevo con normalidad.,1,2,1
sin problemas de movilidad,1,1,1
"no veo en absoluto, por otro lado escucho perfectamente ademas mi movilidad es normal.",0,1,1
veo bientambientengo hipersensibilidad al ruido aunque no puedo caminar.,1,2,0
sin problemas de vista. me molestan mucho los ruidos. no me puedo mover.,1,2,0
me duelen los ojos permanentemente y puedo andar sin problemas.,0,1,1
no puedo estar sentado mucho tiempo,1,1,2
me muevo con normalidad,1,1,1
no tengo problemas ocularestambienescucho perfectamente y ando con muletas.,1,1,0
oido muy fino,1,2,1
"los brillos me hacen daño en los ojos, soy paraplejico.",2,1,0
no tengo problemas ocularestambientengo audicion nulao seacamino perfectamente.,1,0,1
"llevo lentillas y veo bien, puedo andar sin problemas.",1,1,1
sin problemas de vista pero tengo un tapon ademas camino bien.,1,0,1
ceguera absoluta pero camino perfectamente.,0,1,1
tengo fotofobia. tengo muy poca audicion - puedo andar sin problemas.,2,0,1
veo muy mal,0,1,1
no veo en absolutoo seasin problemas de oido ademas estoy inmovilizado.,0,1,0
tengo audicion nula,1,0,1
"me duelen los ojos permanentemente aunque tengo audicion normal, tengo inquietud motora extrema.",0,1,2
"tengo hipersensibilidad a la luz, sin problemas de oido, por otro lado no puedo estar sentado mucho tiempo.",2,1,2
me duelen los ojos al mirar. escucho las conversaciones sin problemao seacamino bien.,0,1,1
veo perfectamente y sin problemas de movilidad.,1,1,1
"tengo vision normal aunque super oido, por otro lado camino perfectamente.",1,2,1
no soporto las luces brillantestambienuso lenguaje de señas pero soy paraplejico.,2,0,0
sin problemas de movilidad,1,1,1
llevo lentillas y veo bien y no puedo mover las piernas.,1,1,0
tengo fotofobiatambienestoy inmovilizado.,2,1,0
ceguera absoluta - tengo un oido demasiado sensible - soy paraplejico.,0,2,0
soy paraplejico,1,1,0
los sonidos agudos me dan dolor de cabeza,1,2,1
tengo dolor ocular. ando en silla de ruedas.,0,1,0
"ceguera absoluta, por otro lado me molestan mucho los ruidos y me cuesta mucho caminar.",0,2,0
"veo perfectamente, me molestan mucho los ruidos ademas tengo hiperactividad.",1,2,2
estoy ciego aunque tengo necesidad constante de moverme.,0,1,2
veo bieno seame muevo compulsivamente.,1,1,2
"veo destellos constantemente y tengo muy poca audicion, por otro lado mi movilidad es normal.",2,0,1
camino bien,1,1,1
no soporto las luces brillantes ademas escucho las conversaciones sin problema ademas mi movilidad es normal.,2,1,1
soy ciego,0,1,1
mi agudeza visual es promedioo seano escucho nadatambiencamino perfectamente.,1,0,1
no soporto las luces brillantes y escucho perfectamente aunque camino perfectamente.,2,1,1
uso gafas para leertambienmi oido es normalo seame muevo con normalidad.,1,1,1
tengo fotofobia aunque ando en silla de ruedas.,2,1,0
"tengo muy poca vision, por otro lado no oigo nada, por otro lado me cuesta mucho caminar.",0,0,0
tengo hipersensibilidad visual ademas me cuesta mucho caminar.,2,1,0
"tengo fotofobia, escucho los ruidos demasiado fuertes pero estoy inmovilizado.",2,2,0
tengo fotofobia aunque estoy inmovilizado.,2,1,0
no soporto las luces brillanteso seami oido es normalo seasin problemas de movilidad.,2,1,1
tengo muy poca vision y tengo sordera profunda y sin problemas de movilidad.,0,0,1
tengo problemas en la vista aunque sin problemas de movilidad.,0,1,1
camino perfectamente,1,1,1
me molesta mucho la luz ademas no escucho en absoluto. mi movilidad es normal.,2,0,1
"he perdido el ojo derecho, por otro lado escucho perfectamentetambienpuedo caminar y correr.",0,1,1
super vision,2,1,1
sin problemas de oido,1,1,1
la luz me deslumbra demasiadotambiensuper oidotambiencamino muy lento.,2,2,0
me duelen los ojos ademas tengo sordera ademas me muevo compulsivamente.,0,0,2
"tengo vision normal. uso lenguaje de señas, por otro lado me muevo con normalidad.",1,0,1
tengo hipersensibilidad a la luz,2,1,1
me duelen los ojos al mirar. soy hiperactivo.,0,1,2
"tengo problemas en la vista, por otro lado oigo bien. me muevo con normalidad.",0,1,1
veo destellos constantementetambienno soporto el volumen alto aunque demasiado veloz.,2,2,2
"tengo sensibilidad extrema a la luz ademas tengo sordera profunda, demasiado veloz.",2,0,2
"mi vista es normal, por otro lado mi oido es normal, por otro lado tengo tics motores.",1,1,2
veo destellos constantemente - camino perfectamente.,2,1,1
he perdido el ojo izquierdo - me muevo compulsivamente.,0,1,2
puedo caminar y correr,1,1,1
no veo nada y no me puedo quedar quieto.,0,1,2
estoy ciego y no escucho nada pero mi movilidad es normal.,0,0,1
uso gafas para leer pero tengo hipermovilidad.,1,1,2
veo lo necesario. tengo inquietud motora extrema.,1,1,2
me duelen los ojos al mirar ademas escucho perfectamente. tengo inquietud motora extrema.,0,1,2
tengo hipermovilidad,1,1,2
super oido,1,2,1
"no tengo problemas oculares pero tengo hipersensibilidad al ruido, por otro lado no me puedo quedar quieto.",1,2,2
uso baston para ciegos pero tengo hipersensibilidad auditiva ademas ando en silla de ruedas.,0,2,0
tengo dolor ocular y tengo sordera profunda aunque me cuesta mucho caminar.,0,0,0
camino bien,1,1,1
mi movilidad es normal,1,1,1
tengo dolor oculartambienoido muy finotambiensin problemas de movilidad.,0,2,1
uso gafas para leer,1,1,1
me duele el ojo izquierdo y tengo audicion normaltambiencamino perfectamente.,0,1,1
veo muy mal pero tengo un oido demasiado sensibleo seasoy paralitico.,0,2,0
"veo destellos constantemente, por otro lado sin problemas de oido, soy hiperactivo.",2,1,2
"mis ojos estan inflamados y duelen y tengo un oido demasiado sensible, por otro lado demasiado veloz.",0,2,2
"veo lo necesario, oido demasiado fino. puedo caminar y correr.",1,2,1
no soporto las luces brillantes ademas no me puedo mover.,2,1,0
"tengo vision nula, por otro lado oido demasiado finoo seatengo necesidad constante de moverme.",0,2,2
tengo audicion normal,1,1,1
he perdido el ojo derecho aunque tengo un tapontambiencamino bien.,0,0,1
mi agudeza visual es promedioo seaoido muy fino pero tengo hipermovilidad.,1,2,2
me duele el ojo derecho,0,1,1
"los brillos me hacen daño en los ojos, oido demasiado fino, por otro lado voy en baston.",2,2,0
tengo fotofobia,2,1,1
escucho todo muy apagado,1,0,1
he perdido el ojo derechoo seano puedo caminar.,0,1,0
"veo bien, por otro lado tengo tics motores.",1,1,2
siento dolor en los ojos - ando con muletas.,0,1,0
super vision. soy muy lento caminando.,2,1,0
"estoy ciego, sin problemas de oido y voy en baston.",0,1,0
super oido,1,2,1
he perdido el ojo izquierdotambientengo sorderao seademasiado veloz.,0,0,2
no veo casi nada ademas puedo andar sin problemas.,0,1,1
"llevo lentillas y veo bien y no escucho nada, por otro lado me muevo con normalidad.",1,0,1
hiper vision. puedo caminar y correr.,2,1,1
sin problemas de vista aunque no oigo nada pero mi movilidad es normal.,1,0,1
escucho perfectamente,1,1,1
"ceguera absoluta, uso lenguaje de señaso seacamino perfectamente.",0,0,1
no tengo problemas oculares,1,1,1
llevo lentillas y veo bien aunque escucho los ruidos demasiado fuertes pero me muevo con normalidad.,1,2,1
"los brillos me hacen daño en los ojos, por otro lado escucho los ruidos demasiado fuerteso seame muevo compulsivamente.",2,2,2
tengo necesidad constante de moverme,1,1,2
me molesta mucho la luz. oigo bien pero no puedo estar sentado mucho tiempo.,2,1,2
"soy ciego, por otro lado soy sordo - me muevo con normalidad.",0,0,1
"sin problemas de vista, mi oido es normal pero soy hiperactivo.",1,1,2
soy ciegotambientengo hipersensibilidad al ruidotambienmi movilidad es normal.,0,2,1
mi agudeza visual es promedio. tengo un oido demasiado sensible. tengo hiperactividad.,1,2,2
mi vista es normal aunque ando en silla de ruedas.,1,1,0
tengo hipersensibilidad a la luz ademas super oidoo seapuedo andar sin problemas.,2,2,1
puedo caminar y correr,1,1,1
tengo audicion normal,1,1,1
llevo lentillas y veo bien - oigo lo normaltambienme muevo compulsivamente.,1,1,2
"uso gafas para leer pero oigo bien, camino perfectamente.",1,1,1
tengo hipersensibilidad a la luz pero sin problemas de oido aunque no puedo estar sentado mucho tiempo.,2,1,2
veo lo necesario aunque tengo un tapon. estoy inmovilizado.,1,0,0
veo bien,1,1,1
tengo fotofobia,2,1,1
tengo un oido demasiado sensible,1,2,1
tengo vision normal - me molestan mucho los ruidos y camino bien.,1,2,1
sin problemas de vista aunque tengo hipersensibilidad al ruidotambientengo tics motores.,1,2,2
"tengo vision normal aunque tengo audicion nula, mi movilidad es normal.",1,0,1
"mi agudeza visual es promedio pero no escucho nada, por otro lado camino perfectamente.",1,0,1
tengo sordera profunda,1,0,1
no soporto las luces brillantes,2,1,1
mi vista es normal,1,1,1
uso gafas para leer,1,1,1
me duele el ojo derecho ademas tengo hipermovilidad.,0,1,2
no escucho en absoluto,1,0,1
veo bieno seami movilidad es normal.,1,1,1
veo destellos constantementeo seame muevo compulsivamente.,2,1,2
"tengo sensibilidad extrema a la luz, tengo tics motores.",2,1,2
tengo fotofobia,2,1,1
me molesta mucho la luz,2,1,1
estoy ciego aunque tengo hipersensibilidad auditiva aunque camino bien.,0,2,1
veo destellos constantementetambienno puedo mover las piernas.,2,1,0
tengo hipersensibilidad a la luz aunque escucho las conversaciones sin problematambienmi movilidad es normal.,2,1,1
los sonidos agudos me dan dolor de cabeza,1,2,1
hiper vision ademas super oido y no me puedo mover.,2,2,0
"no soporto abrir los ojos del dolor, los sonidos agudos me dan dolor de cabezao seatengo inquietud motora extrema.",0,2,2
"tengo muy poca visiontambienescucho todo muy apagado, por otro lado no puedo caminar.",0,0,0
"me duele el ojo izquierdo, no puedo caminar.",0,1,0
veo destellos constantemente,2,1,1
me molesta mucho la luz - camino perfectamente.,2,1,1
tengo muy poca vision - tengo audicion normal - sin problemas de movilidad.,0,1,1
mi vista es normal y me muevo compulsivamente.,1,1,2
uso baston para ciegos y no escucho nada ademas camino bien.,0,0,1
he perdido el ojo derecho aunque oigo lo normal aunque no puedo mover las piernas.,0,1,0
no soporto las luces brillantes ademas tengo hiperacusia aunque sin problemas de movilidad.,2,2,1
"veo perfectamente, por otro lado super oido. camino muy lento.",1,2,0
tengo hipersensibilidad visual - soy muy lento caminando.,2,1,0
mi agudeza visual es promediotambientengo audicion nula y soy muy lento caminando.,1,0,0
"no tengo problemas oculares, por otro lado no escucho en absolutotambiencamino bien.",1,0,1
no soporto las luces brillantestambiensin problemas de movilidad.,2,1,1
uso baston para ciegostambientengo movilidad muy reducida.,0,1,0
"hiper vision, por otro lado los sonidos agudos me dan dolor de cabeza aunque soy hiperactivo.",2,2,2
mi agudeza visual es promedio - tengo sordera profunda aunque mi movilidad es normal.,1,0,1
uso lenguaje de señas,1,0,1
"me duele el ojo izquierdo ademas soy sordo, por otro lado no puedo estar sentado mucho tiempo.",0,0,2
los brillos me hacen daño en los ojos,2,1,1
sin problemas de vista. me muevo compulsivamente.,1,1,2
sin problemas de movilidad,1,1,1
super visiono seatengo audicion normal y soy hiperactivo.,2,1,2
no escucho nada,1,0,1
oigo bien,1,1,1
me duelen los ojos permanentemente pero me cuesta mucho caminar.,0,1,0
sin problemas de vista,1,1,1
no soporto las luces brillantes - soy paraplejico.,2,1,0
me duelen los ojos al mirartambienando en silla de ruedas.,0,1,0
veo perfectamente pero escucho todo muy apagadotambiensoy paralitico.,1,0,0
llevo lentillas y veo bieno seacamino perfectamente.,1,1,1
me duelen los ojos permanentemente ademas demasiado veloz.,0,1,2
tengo hipersensibilidad a la luz y tengo movilidad muy reducida.,2,1,0
veo bien aunque soy hiperactivo.,1,1,2
escucho las conversaciones sin problema,1,1,1
escucho perfectamente,1,1,1
tengo sordera profunda,1,0,1
no veo en absolutoo seatengo problemas al caminar.,0,1,0
"me duelen los ojos al mirar, tengo un oido demasiado sensibleo seacamino perfectamente.",0,2,1
"no tengo problemas oculares, tengo audicion normal aunque mi movilidad es normal.",1,1,1
tengo hipersensibilidad a la luz pero mi oido es normaltambiencamino bien.,2,1,1
tengo muy poca audicion,1,0,1
"tengo hipersensibilidad a la luz, escucho perfectamente ademas mi movilidad es normal.",2,1,1
veo muy maltambienmi movilidad es normal.,0,1,1
mi vista es normaltambienme muevo con normalidad.,1,1,1
la luz me deslumbra demasiado,2,1,1
me duele el ojo izquierdo aunque camino perfectamente.,0,1,1
super vision,2,1,1
mi movilidad es normal,1,1,1
"la luz me deslumbra demasiado aunque los sonidos agudos me dan dolor de cabeza, por otro lado tengo tics motores.",2,2,2
"me molesta mucho la luz, por otro lado no oigo nada, puedo andar sin problemas.",2,0,1
sin problemas de vista aunque me muevo con normalidad.,1,1,1
ceguera absoluta - puedo andar sin problemas.,0,1,1
me duele el ojo derecho aunque me molestan mucho los ruidos. no puedo estar sentado mucho tiempo.,0,2,2
veo todo muy borroso - sin problemas de movilidad.,0,1,1
he perdido el ojo derechoo seauso lenguaje de señas aunque no puedo estar sentado mucho tiempo.,0,0,2
tengo fotofobia aunque mi oido es normaltambienmi movilidad es normal.,2,1,1
tengo hipersensibilidad a la luz. tengo hiperactividad.,2,1,2
siento dolor en los ojos aunque oigo bieno seatengo inquietud motora extrema.,0,1,2
no veo en absoluto ademas escucho los ruidos demasiado fuertes - tengo problemas al caminar.,0,2,0
oigo bien,1,1,1
los brillos me hacen daño en los ojos,2,1,1
veo bien aunque tengo un oido demasiado sensibleo seasoy hiperactivo.,1,2,2
mi agudeza visual es promedio aunque me muevo compulsivamente.,1,1,2
tengo fotofobia pero oido muy finoo seano me puedo quedar quieto.,2,2,2
mis ojos estan inflamados y duelen ademas me molestan mucho los ruidos aunque tengo necesidad constante de moverme.,0,2,2
sin problemas de vistatambiensin problemas de movilidad.,1,1,1
tengo sensibilidad extrema a la luzo seaescucho perfectamente ademas soy paraplejico.,2,1,0
"uso baston para ciegos, por otro lado ando en silla de ruedas.",0,1,0
escucho los ruidos demasiado fuertes,1,2,1
me duelen los ojos y oido muy fino y puedo caminar y correr.,0,2,1
"veo lo necesariotambienescucho las conversaciones sin problema, tengo necesidad constante de moverme.",1,1,2
los ruidos fuertes me aturden,1,2,1
no soporto las luces brillantes aunque tengo hipermovilidad.,2,1,2
"perdi la vista, por otro lado mi movilidad es normal.",0,1,1
"tengo problemas en la vista, tengo hipersensibilidad auditiva pero soy paralitico.",0,2,0
he perdido el ojo derecho,0,1,1
"siento dolor en los ojos y uso lenguaje de señas, por otro lado soy paraplejico.",0,0,0
tengo necesidad constante de moverme,1,1,2
he perdido el ojo derecho - tengo hipermovilidad.,0,1,2
veo bien y escucho todo muy apagado y camino bien.,1,0,1
no tengo problemas oculares ademas los sonidos agudos me dan dolor de cabeza - tengo problemas al caminar.,1,2,0
he perdido el ojo izquierdo y ando en silla de ruedas.,0,1,0
oido muy fino,1,2,1
sin problemas de oido,1,1,1
la luz me deslumbra demasiado,2,1,1
"llevo lentillas y veo bien, tengo audicion normal. camino bien.",1,1,1
"veo lo necesariotambienno escucho nada, por otro lado tengo tics motores.",1,0,2
tengo problemas en la vista. oido muy fino aunque soy paralitico.,0,2,0
oido muy fino,1,2,1
"veo destellos constantemente, por otro lado tengo tics motores.",2,1,2
tengo un tapon,1,0,1
estoy ciego - no soporto el volumen alto pero puedo andar sin problemas.,0,2,1
tengo dolor ocular - escucho perfectamente aunque camino perfectamente.,0,1,1
llevo lentillas y veo bientambiensuper oido aunque demasiado veloz.,1,2,2
"no tengo problemas ocularestambienoigo lo normal, puedo caminar y correr.",1,1,1
tengo problemas en la vista aunque uso lenguaje de señaso seasin problemas de movilidad.,0,0,1
no tengo problemas oculares. tengo hipersensibilidad al ruido. ando con muletas.,1,2,0
los ruidos fuertes me aturden,1,2,1
tengo muy poca audicion,1,0,1
"tengo hipersensibilidad a la luz pero oido demasiado fino, por otro lado puedo caminar y correr.",2,2,1
los brillos me hacen daño en los ojoso seaescucho perfectamente aunque demasiado veloz.,2,1,2
he perdido el ojo derechoo seaescucho las conversaciones sin problematambientengo hipermovilidad.,0,1,2
siento dolor en los ojoso seame muevo con normalidad.,0,1,1
he perdido el ojo izquierdo,0,1,1
"tengo vision normal, por otro lado tengo audicion normal aunque me cuesta mucho caminar.",1,1,0
"veo perfectamente, no me puedo mover.",1,1,0
"la luz me deslumbra demasiadoo seasin problemas de oido, por otro lado me cuesta mucho caminar.",2,1,0
me molesta mucho la luz. tengo dificultad para andar.,2,1,0
hiper vision ademas tengo hipersensibilidad al ruidotambientengo dificultad para andar.,2,2,0
"veo perfectamente. tengo hipersensibilidad auditiva, por otro lado estoy inmovilizado.",1,2,0
llevo lentillas y veo bien. puedo caminar y correr.,1,1,1
veo perfectamente aunque tengo hipermovilidad.,1,1,2
"tengo ceguera total. oido demasiado fino, no puedo estar sentado mucho tiempo.",0,2,2
uso gafas para leer,1,1,1
"tengo problemas en la vista, oigo bieno seame muevo compulsivamente.",0,1,2
escucho las conversaciones sin problema,1,1,1
la luz me deslumbra demasiado aunque no puedo estar sentado mucho tiempo.,2,1,2
no tengo problemas oculares,1,1,1
"super vision, tengo exceso de movimiento.",2,1,2
me duelen los ojos al mirar ademas oido muy fino - camino bien.,0,2,1
"tengo hipersensibilidad a la luz, por otro lado me muevo con normalidad.",2,1,1
veo bien,1,1,1
soy ciego aunque oigo muy maltambiensin problemas de movilidad.,0,0,1
"super vision, por otro lado oido demasiado fino - soy muy lento caminando.",2,2,0
"tengo vision normal, me molestan mucho los ruidos. puedo caminar y correr.",1,2,1
uso gafas para leer - me molestan mucho los ruidos aunque puedo andar sin problemas.,1,2,1
tengo problemas al caminar,1,1,0
oigo lo normal,1,1,1
los brillos me hacen daño en los ojoso seauso lenguaje de señas aunque tengo hiperactividad.,2,0,2
"tengo dolor ocular pero tengo un oido demasiado sensible, por otro lado soy paralitico.",0,2,0
"veo todo muy borroso ademas tengo hipersensibilidad auditiva, por otro lado me muevo con normalidad.",0,2,1
no veo nada,0,1,1
tengo hiperacusia,1,2,1
veo todo muy borroso pero tengo audicion normalo seano me puedo mover.,0,1,0
veo lo necesario ademas mi oido es normal ademas tengo dificultad para andar.,1,1,0
veo perfectamente aunque oigo lo normal ademas no me puedo quedar quieto.,1,1,2
tengo sensibilidad extrema a la luzo seaescucho los ruidos demasiado fuertes. demasiado veloz.,2,2,2
"tengo vision normal, no puedo mover las piernas.",1,1,0
tengo hiperacusia,1,2,1
no veo nada y escucho todo muy apagado - camino perfectamente.,0,0,1
super oido,1,2,1
"no soporto las luces brillantes, tengo exceso de movimiento.",2,1,2
tengo vision normal,1,1,1
"tengo sensibilidad extrema a la luz, por otro lado oigo bien, por otro lado tengo problemas al caminar.",2,1,0
la luz me deslumbra demasiado. tengo audicion normaltambiensoy hiperactivo.,2,1,2
"los brillos me hacen daño en los ojos y mi oido es normal, mi movilidad es normal.",2,1,1
ceguera absoluta. no puedo caminar.,0,1,0
camino bien,1,1,1
"veo lo necesario, escucho los ruidos demasiado fuerteso seatengo dificultad para andar.",1,2,0
mis ojos estan inflamados y dueleno seatengo un oido demasiado sensibleo seasin problemas de movilidad.,0,2,1
"estoy ciego, escucho las conversaciones sin problema pero me muevo compulsivamente.",0,1,2
mis ojos estan inflamados y duelen. tengo audicion normal - sin problemas de movilidad.,0,1,1
tengo dolor ocular - no puedo estar sentado mucho tiempo.,0,1,2
camino perfectamente,1,1,1
"no soporto abrir los ojos del dolor pero tengo muy poca audicion, camino bien.",0,0,1
veo bien - tengo audicion nula. tengo tics motores.,1,0,2
oigo bien,1,1,1
demasiado veloz,1,1,2
tengo hipersensibilidad visual. no soporto el volumen alto pero voy en baston.,2,2,0
"super vision - uso lenguaje de señas, puedo caminar y correr.",2,0,1
"veo lo necesario, mi oido es normal y tengo dificultad para andar.",1,1,0
la luz me deslumbra demasiado. me cuesta mucho caminar.,2,1,0
"veo perfectamente, tengo un tapon - tengo hipermovilidad.",1,0,2
"estoy ciego, por otro lado soy paralitico.",0,1,0
hiper vision,2,1,1
no soporto abrir los ojos del dolor pero tengo un tapon y tengo hipermovilidad.,0,0,2
me duele el ojo derecho,0,1,1
llevo lentillas y veo bien,1,1,1
tengo vision normal,1,1,1
"tengo fotofobiao seame molestan mucho los ruidos, por otro lado soy hiperactivo.",2,2,2
"veo muy mal, por otro lado soy paraplejico.",0,1,0
no tengo problemas oculareso seatengo hipersensibilidad auditiva - voy en baston.,1,2,0
soy paralitico,1,1,0
me duele el ojo derecho ademas tengo sordera profunda pero soy hiperactivo.,0,0,2
"no soporto las luces brillantes pero oigo muy mal, por otro lado tengo hipermovilidad.",2,0,2
mi agudeza visual es promedioo seatengo un tapon aunque tengo movilidad muy reducida.,1,0,0
no tengo problemas oculares aunque oigo bien. puedo andar sin problemas.,1,1,1
uso gafas para leer pero oido muy fino. camino perfectamente.,1,2,1
me duele el ojo derecho. mi movilidad es normal.,0,1,1
super vision. me muevo con normalidad.,2,1,1
oigo bien,1,1,1
no veo casi nadatambienoigo bien ademas tengo hiperactividad.,0,1,2
tengo dolor ocularo seaescucho perfectamente y no puedo caminar.,0,1,0
sin problemas de vista,1,1,1
tengo exceso de movimiento,1,1,2
no puedo mover las piernas,1,1,0
"he perdido el ojo derecho ademas tengo sordera profunda, por otro lado soy hiperactivo.",0,0,2
mi vista es normal. escucho las conversaciones sin problema. puedo caminar y correr.,1,1,1
no me puedo mover,1,1,0
tengo hipersensibilidad visual ademas me molestan mucho los ruidostambienmi movilidad es normal.,2,2,1
tengo sensibilidad extrema a la luz pero oigo lo normal. tengo hipermovilidad.,2,1,2
la luz me deslumbra demasiado ademas tengo un tapon aunque tengo hipermovilidad.,2,0,2
me molesta mucho la luz - me molestan mucho los ruidos ademas soy paraplejico.,2,2,0
me molesta mucho la luz,2,1,1
sin problemas de vista,1,1,1
tengo fotofobia pero no me puedo quedar quieto.,2,1,2
no soporto las luces brillantes aunque tengo hiperacusia - ando en silla de ruedas.,2,2,0
me duelen los ojos al mirar,0,1,1
tengo vision nula y sin problemas de oido pero tengo exceso de movimiento.,0,1,2
siento dolor en los ojos ademas escucho todo muy apagado y soy paralitico.,0,0,0
"uso gafas para leero seano oigo nada, soy paralitico.",1,0,0
siento dolor en los ojos ademas escucho perfectamente - no puedo estar sentado mucho tiempo.,0,1,2
tengo ceguera total pero tengo un oido demasiado sensible. me cuesta mucho caminar.,0,2,0
mi oido es normal,1,1,1
tengo hipersensibilidad a la luzo seano escucho en absoluto y camino perfectamente.,2,0,1
ceguera absoluta,0,1,1
demasiado veloz,1,1,2
tengo tics motores,1,1,2
sin problemas de vistao seatengo un oido demasiado sensible pero camino bien.,1,2,1
la luz me deslumbra demasiadoo seami oido es normal aunque puedo caminar y correr.,2,1,1
hiper vision. tengo un tapon pero tengo tics motores.,2,0,2
llevo lentillas y veo bien,1,1,1
"tengo problemas en la vista, tengo hipersensibilidad al ruido aunque sin problemas de movilidad.",0,2,1
ando en silla de ruedas,1,1,0
siento dolor en los ojos pero sin problemas de movilidad.,0,1,1
mi agudeza visual es promedio. puedo andar sin problemas.,1,1,1
me duelen los ojos permanentemente,0,1,1
no me puedo quedar quieto,1,1,2
camino muy lento,1,1,0
tengo tics motores,1,1,2
"uso baston para ciegos, por otro lado tengo hipersensibilidad al ruido pero camino bien.",0,2,1
mi oido es normal,1,1,1
la luz me deslumbra demasiadotambienno puedo mover las piernas.,2,1,0
escucho perfectamente,1,1,1
llevo lentillas y veo bieno seami oido es normal ademas no puedo mover las piernas.,1,1,0
veo perfectamente. tengo audicion normal ademas no puedo estar sentado mucho tiempo.,1,1,2
tengo ceguera total aunque puedo caminar y correr.,0,1,1
tengo hipersensibilidad a la luz aunque demasiado veloz.,2,1,2
oido demasiado fino,1,2,1
mi vista es normalo seano soporto el volumen altotambiensin problemas de movilidad.,1,2,1
"mi vista es normal, tengo hiperacusia. voy en baston.",1,2,0
sin problemas de movilidad,1,1,1
mi vista es normal ademas puedo andar sin problemas.,1,1,1
llevo lentillas y veo bien pero uso lenguaje de señaso seame muevo con normalidad.,1,0,1
"la luz me deslumbra demasiado, por otro lado tengo exceso de movimiento.",2,1,2
"tengo problemas en la vista, por otro lado oigo lo normal - ando con muletas.",0,1,0
veo destellos constantemente y oigo muy mal pero me muevo con normalidad.,2,0,1
siento dolor en los ojos aunque camino muy lento.,0,1,0
escucho perfectamente,1,1,1
"veo destellos constantemente, por otro lado escucho las conversaciones sin problema ademas camino bien.",2,1,1
oigo bien,1,1,1
tengo sensibilidad extrema a la luz pero puedo caminar y correr.,2,1,1
me muevo compulsivamente,1,1,2
uso baston para ciegos pero tengo dificultad para andar.,0,1,0
no soporto las luces brillanteso seatengo problemas al caminar.,2,1,0
me molesta mucho la luz pero no soporto el volumen altoo seapuedo andar sin problemas.,2,2,1
sin problemas de vista aunque no puedo estar sentado mucho tiempo.,1,1,2
tengo vision nulatambienlos sonidos agudos me dan dolor de cabeza ademas no me puedo mover.,0,2,0
sin problemas de oido,1,1,1
"mi vista es normal, por otro lado tengo hipersensibilidad auditivatambienando en silla de ruedas.",1,2,0
"tengo hipersensibilidad a la luz y escucho perfectamente, por otro lado camino perfectamente.",2,1,1
soy hiperactivo,1,1,2
sin problemas de vista,1,1,1
"no tengo problemas oculares, tengo sordera. no puedo caminar.",1,0,0
me duele el ojo izquierdo pero oigo lo normal pero tengo necesidad constante de moverme.,0,1,2
"sin problemas de vista, por otro lado mi movilidad es normal.",1,1,1
veo perfectamentetambienando con muletas.,1,1,0
uso gafas para leertambienlos ruidos fuertes me aturden ademas puedo andar sin problemas.,1,2,1
escucho perfectamente,1,1,1
sin problemas de vista. camino muy lento.,1,1,0
veo perfectamente ademas los sonidos agudos me dan dolor de cabezao seami movilidad es normal.,1,2,1
"he perdido el ojo derecho - oido demasiado fino, por otro lado camino bien.",0,2,1
hiper vision ademas los ruidos fuertes me aturdentambientengo dificultad para andar.,2,2,0
veo perfectamente aunque oigo lo normal ademas me muevo con normalidad.,1,1,1
super vision ademas tengo audicion normal ademas mi movilidad es normal.,2,1,1
tengo hiperactividad,1,1,2
tengo sensibilidad extrema a la luzo seaescucho todo muy apagadotambienno puedo estar sentado mucho tiempo.,2,0,2
tengo vision normal,1,1,1
puedo andar sin problemas,1,1,1
"tengo vision normal, estoy inmovilizado.",1,1,0
"veo bien, por otro lado mi oido es normaltambiencamino bien.",1,1,1
"me duele el ojo derecho, escucho perfectamente. tengo tics motores.",0,1,2
uso gafas para leer aunque tengo necesidad constante de moverme.,1,1,2
me duelen los ojos permanentemente - me molestan mucho los ruidos aunque soy hiperactivo.,0,2,2
me molesta mucho la luz,2,1,1
"tengo hipersensibilidad a la luz, por otro lado me cuesta mucho caminar.",2,1,0
los brillos me hacen daño en los ojos - no escucho en absoluto y mi movilidad es normal.,2,0,1
me duele el ojo izquierdo y escucho perfectamente pero me muevo con normalidad.,0,1,1
"tengo muy poca vision, ando con muletas.",0,1,0
tengo movilidad muy reducida,1,1,0
tengo hipermovilidad,1,1,2
tengo hipermovilidad,1,1,2
no oigo nada,1,0,1
no tengo problemas oculares pero tengo sordera - soy muy lento caminando.,1,0,0
soy muy lento caminando,1,1,0
tengo sensibilidad extrema a la luz. oigo bien - no me puedo quedar quieto.,2,1,2
"mi agudeza visual es promedio, por otro lado los ruidos fuertes me aturden, camino perfectamente.",1,2,1
tengo ceguera total aunque soy muy lento caminando.,0,1,0
camino bien,1,1,1
camino bien,1,1,1
sin problemas de vista. sin problemas de movilidad.,1,1,1
sin problemas de movilidad,1,1,1
"tengo vision normal, por otro lado los ruidos fuertes me aturden pero ando con muletas.",1,2,0
soy hiperactivo,1,1,2
uso gafas para leer,1,1,1
veo bien - camino bien.,1,1,1
me duelen los ojos - escucho los ruidos demasiado fuerteso seami movilidad es normal.,0,2,1
mis ojos estan inflamados y duelen,0,1,1
"los brillos me hacen daño en los ojos, por otro lado tengo necesidad constante de moverme.",2,1,2
la luz me deslumbra demasiado - tengo movilidad muy reducida.,2,1,0
hiper vision aunque tengo audicion normalo seatengo tics motores.,2,1,2
llevo lentillas y veo bien ademas sin problemas de oido ademas camino perfectamente.,1,1,1
no soporto abrir los ojos del dolortambienescucho las conversaciones sin problema. puedo andar sin problemas.,0,1,1
tengo fotofobiao sealos ruidos fuertes me aturden - camino perfectamente.,2,2,1
uso gafas para leer. ando en silla de ruedas.,1,1,0
estoy ciego,0,1,1
veo bientambienno me puedo quedar quieto.,1,1,2
"me duelen los ojos al mirar, por otro lado oigo lo normalo seatengo movilidad muy reducida.",0,1,0
sin problemas de vista. me molestan mucho los ruidos. tengo inquietud motora extrema.,1,2,2
no soporto abrir los ojos del dolor. no oigo nada. tengo exceso de movimiento.,0,0,2
"tengo vision normal, por otro lado escucho perfectamente - tengo inquietud motora extrema.",1,1,2
"no tengo problemas oculares aunque tengo hipersensibilidad auditiva, por otro lado demasiado veloz.",1,2,2
tengo hipersensibilidad a la luz - no oigo nada pero tengo necesidad constante de moverme.,2,0,2
veo perfectamente - uso lenguaje de señaso seatengo inquietud motora extrema.,1,0,2
perdi los ojos,0,1,1
he perdido el ojo derecho pero oido demasiado fino. sin problemas de movilidad.,0,2,1
tengo hipersensibilidad auditiva,1,2,1
tengo fotofobia ademas sin problemas de movilidad.,2,1,1
"me duelen los ojos al mirartambienme molestan mucho los ruidos, por otro lado tengo tics motores.",0,2,2
mis ojos estan inflamados y duelen y tengo muy poca audicion y soy hiperactivo.,0,0,2
tengo dificultad para andar,1,1,0
me molesta mucho la luz ademas tengo sordera. demasiado veloz.,2,0,2
tengo sensibilidad extrema a la luz pero tengo tics motores.,2,1,2
ceguera absoluta y me muevo con normalidad.,0,1,1
los brillos me hacen daño en los ojoso seatengo exceso de movimiento.,2,1,2
tengo sensibilidad extrema a la luz aunque oigo lo normalo seatengo exceso de movimiento.,2,1,2
tengo hipersensibilidad a la luz ademas tengo hipersensibilidad auditiva ademas ando con muletas.,2,2,0
me muevo con normalidad,1,1,1
"uso gafas para leer, por otro lado uso lenguaje de señas y no puedo caminar.",1,0,0
hiper vision pero me molestan mucho los ruidostambiensoy muy lento caminando.,2,2,0
veo lo necesario. escucho todo muy apagado aunque soy muy lento caminando.,1,0,0
hiper visiontambienno escucho nada. sin problemas de movilidad.,2,0,1
camino perfectamente,1,1,1
tengo hipersensibilidad visual y super oido y me muevo compulsivamente.,2,2,2
"la luz me deslumbra demasiado y escucho perfectamente, por otro lado ando con muletas.",2,1,0
veo lo necesario ademas tengo dificultad para andar.,1,1,0
tengo sensibilidad extrema a la luz. puedo caminar y correr.,2,1,1
no veo nada ademas escucho perfectamente pero soy hiperactivo.,0,1,2
"tengo hipersensibilidad a la luz aunque escucho todo muy apagado, puedo caminar y correr.",2,0,1
tengo problemas en la vista. me muevo con normalidad.,0,1,1
no soporto las luces brillantes y los sonidos agudos me dan dolor de cabeza ademas me muevo compulsivamente.,2,2,2
"tengo fotofobia. tengo muy poca audicion, me cuesta mucho caminar.",2,0,0
me duelen los ojos al mirartambienme muevo con normalidad.,0,1,1
"tengo sensibilidad extrema a la luz - sin problemas de oido, no me puedo quedar quieto.",2,1,2
me duelen los ojos permanentementetambienoido muy finotambiensoy hiperactivo.,0,2,2
"llevo lentillas y veo bien, por otro lado escucho los ruidos demasiado fuertes pero sin problemas de movilidad.",1,2,1
uso gafas para leertambiensin problemas de oido aunque no me puedo quedar quieto.,1,1,2
uso gafas para leer aunque escucho todo muy apagadoo seacamino bien.,1,0,1
tengo vision normal ademas tengo un oido demasiado sensibletambientengo tics motores.,1,2,2
la luz me deslumbra demasiado ademas camino bien.,2,1,1
me duelen los ojos al mirar - sin problemas de oido y puedo caminar y correr.,0,1,1
tengo muy poca audicion,1,0,1
tengo hipersensibilidad visual. oigo muy malo seame muevo compulsivamente.,2,0,2
"los brillos me hacen daño en los ojos, uso lenguaje de señastambientengo hiperactividad.",2,0,2
me duele el ojo izquierdo. oido demasiado finoo seademasiado veloz.,0,2,2
"tengo vision nula, por otro lado me muevo compulsivamente.",0,1,2
he perdido el ojo derecho ademas sin problemas de oido y no puedo mover las piernas.,0,1,0
tengo hipersensibilidad visualo seaescucho las conversaciones sin problema pero tengo hiperactividad.,2,1,2
me duele el ojo izquierdo pero escucho las conversaciones sin problema y tengo problemas al caminar.,0,1,0
"tengo sensibilidad extrema a la luz, por otro lado estoy inmovilizado.",2,1,0
hiper vision,2,1,1
no soporto abrir los ojos del dolor pero super oido. tengo hiperactividad.,0,2,2
no soporto abrir los ojos del dolor pero super oido pero soy muy lento caminando.,0,2,0
no puedo estar sentado mucho tiempo,1,1,2
super visiontambienme muevo con normalidad.,2,1,1
tengo sensibilidad extrema a la luz - escucho las conversaciones sin problema - puedo caminar y correr.,2,1,1
tengo muy poca audicion,1,0,1
"los brillos me hacen daño en los ojos, por otro lado tengo muy poca audiciono seano me puedo quedar quieto.",2,0,2
tengo sensibilidad extrema a la luz ademas oigo bien. tengo tics motores.,2,1,2
"llevo lentillas y veo bien y escucho perfectamente, por otro lado camino bien.",1,1,1
tengo hipersensibilidad visual,2,1,1
tengo vision normaltambiencamino muy lento.,1,1,0
no veo nada y demasiado veloz.,0,1,2
hiper vision pero me muevo con normalidad.,2,1,1
veo perfectamente,1,1,1
"he perdido el ojo izquierdo, por otro lado tengo hipersensibilidad auditiva - no me puedo mover.",0,2,0
"he perdido el ojo derecho, oigo muy malo seasin problemas de movilidad.",0,0,1
uso gafas para leer. no escucho en absoluto - tengo exceso de movimiento.,1,0,2
"veo bien, me molestan mucho los ruidostambiencamino perfectamente.",1,2,1
"veo bieno seatengo sordera, por otro lado tengo problemas al caminar.",1,0,0
tengo sensibilidad extrema a la luz,2,1,1
"no tengo problemas oculares aunque tengo audicion nula, mi movilidad es normal.",1,0,1
no veo casi nada - me molestan mucho los ruidos ademas ando en silla de ruedas.,0,2,0
no soporto el volumen alto,1,2,1
uso gafas para leer - tengo sorderatambienando en silla de ruedas.,1,0,0
me duelen los ojos al mirar,0,1,1
"mi agudeza visual es promedio, tengo audicion nula. tengo hipermovilidad.",1,0,2
"veo todo muy borroso. escucho las conversaciones sin problema, me muevo con normalidad.",0,1,1
tengo sensibilidad extrema a la luz aunque escucho perfectamentetambienme muevo con normalidad.,2,1,1
hiper vision. tengo muy poca audicion pero puedo caminar y correr.,2,0,1
perdi los ojos pero no me puedo quedar quieto.,0,1,2
"veo perfectamente, escucho todo muy apagado, por otro lado no puedo estar sentado mucho tiempo.",1,0,2
"mi agudeza visual es promedio, por otro lado oigo bieno seasoy muy lento caminando.",1,1,0
no veo nada pero tengo hipersensibilidad auditiva. tengo inquietud motora extrema.,0,2,2
no soporto las luces brillantes. estoy inmovilizado.,2,1,0
ceguera absoluta. tengo hipersensibilidad al ruido y camino bien.,0,2,1
"no soporto abrir los ojos del dolor, me muevo compulsivamente.",0,1,2
perdi los ojostambiencamino bien.,0,1,1
"perdi la vista, por otro lado no soporto el volumen alto pero no puedo estar sentado mucho tiempo.",0,2,2
puedo caminar y correr,1,1,1
la luz me deslumbra demasiadotambienme muevo con normalidad.,2,1,1
sin problemas de vista,1,1,1
llevo lentillas y veo bientambientengo un oido demasiado sensible pero tengo movilidad muy reducida.,1,2,0
"uso baston para ciegos aunque oido demasiado fino, por otro lado tengo necesidad constante de moverme.",0,2,2
sin problemas de movilidad,1,1,1
tengo un tapon,1,0,1
tengo audicion normal,1,1,1
tengo hipersensibilidad a la luztambientengo audicion normal pero tengo hiperactividad.,2,1,2
"mi agudeza visual es promedio, tengo hipermovilidad.",1,1,2
"tengo hipersensibilidad a la luz pero tengo sordera, por otro lado tengo hiperactividad.",2,0,2
no tengo problemas oculares pero tengo hipermovilidad.,1,1,2
soy paraplejico,1,1,0
no tengo problemas oculares ademas oigo lo normal. puedo caminar y correr.,1,1,1
tengo ceguera total. oigo bien. no puedo estar sentado mucho tiempo.,0,1,2
llevo lentillas y veo bien,1,1,1
soy sordo,1,0,1
me duelen los ojos al mirar ademas puedo andar sin problemas.,0,1,1
veo perfectamente - oigo bientambienme muevo compulsivamente.,1,1,2
tengo vision normal pero oido demasiado fino ademas ando en silla de ruedas.,1,2,0
sin problemas de vista - tengo exceso de movimiento.,1,1,2
tengo hipersensibilidad visual. uso lenguaje de señas ademas tengo tics motores.,2,0,2
"veo lo necesario aunque tengo hiperacusia, me muevo compulsivamente.",1,2,2
llevo lentillas y veo bien aunque escucho las conversaciones sin problematambienpuedo caminar y correr.,1,1,1
super visiontambienme muevo con normalidad.,2,1,1
"veo lo necesarioo seatengo sordera profunda, por otro lado no puedo estar sentado mucho tiempo.",1,0,2
"sin problemas de vista. escucho perfectamente, soy hiperactivo.",1,1,2
tengo dolor ocular pero los sonidos agudos me dan dolor de cabezatambienme muevo con normalidad.,0,2,1
tengo exceso de movimiento,1,1,2
tengo audicion normal,1,1,1
"estoy ciego, por otro lado soy muy lento caminando.",0,1,0
uso baston para ciegos ademas tengo problemas al caminar.,0,1,0
me duele el ojo derecho y me muevo compulsivamente.,0,1,2
mi vista es normalo seaoigo bien - puedo andar sin problemas.,1,1,1
super oido,1,2,1
super vision,2,1,1
"tengo hipersensibilidad visual, por otro lado puedo caminar y correr.",2,1,1
no veo en absolutotambienno soporto el volumen alto y tengo exceso de movimiento.,0,2,2
soy ciegoo seatengo audicion normalo seasoy hiperactivo.,0,1,2
no tengo problemas oculares y oigo bien - puedo andar sin problemas.,1,1,1
soy hiperactivo,1,1,2
super vision pero no puedo mover las piernas.,2,1,0
llevo lentillas y veo bientambienmi oido es normal - puedo andar sin problemas.,1,1,1
mi vista es normal - me muevo compulsivamente.,1,1,2
voy en baston,1,1,0
sin problemas de vistatambienno escucho en absolutoo seasoy muy lento caminando.,1,0,0
"he perdido el ojo izquierdo, por otro lado escucho perfectamente y tengo necesidad constante de moverme.",0,1,2
veo todo muy borroso - camino bien.,0,1,1
no soporto las luces brillantestambienescucho las conversaciones sin problema. tengo inquietud motora extrema.,2,1,2
he perdido el ojo derecho - tengo problemas al caminar.,0,1,0
"los brillos me hacen daño en los ojos pero tengo audicion normal, tengo inquietud motora extrema.",2,1,2
veo lo necesarioo seatengo inquietud motora extrema.,1,1,2
soy ciegotambienescucho las conversaciones sin problema ademas me muevo con normalidad.,0,1,1
"perdi los ojos aunque los sonidos agudos me dan dolor de cabeza, por otro lado tengo inquietud motora extrema.",0,2,2
veo muy mal pero soy paralitico.,0,1,0
"estoy ciego - oido muy fino, por otro lado tengo necesidad constante de moverme.",0,2,2
voy en baston,1,1,0
veo destellos constantemente. soy sordo - me muevo compulsivamente.,2,0,2
tengo sensibilidad extrema a la luz pero no puedo estar sentado mucho tiempo.,2,1,2
tengo hipersensibilidad a la luz ademas sin problemas de oido - ando con muletas.,2,1,0
no soporto las luces brillantes - tengo hipersensibilidad auditiva. tengo exceso de movimiento.,2,2,2
me duelen los ojos permanentemente,0,1,1
"sin problemas de vista, por otro lado escucho perfectamente, por otro lado no me puedo quedar quieto.",1,1,2
tengo sordera profunda,1,0,1
"tengo ceguera total. sin problemas de oido, por otro lado puedo caminar y correr.",0,1,1
tengo sensibilidad extrema a la luz. no escucho nada. camino perfectamente.,2,0,1
tengo exceso de movimiento,1,1,2
sin problemas de vista y tengo muy poca audicion pero me cuesta mucho caminar.,1,0,0
llevo lentillas y veo bien - los sonidos agudos me dan dolor de cabeza y mi movilidad es normal.,1,2,1
los brillos me hacen daño en los ojos y puedo andar sin problemas.,2,1,1
"uso gafas para leer. oido demasiado fino, por otro lado camino perfectamente.",1,2,1
he perdido el ojo izquierdo. escucho perfectamente aunque voy en baston.,0,1,0
tengo vision nula,0,1,1
sin problemas de oido,1,1,1
ando con muletas,1,1,0
"super vision - tengo hipersensibilidad al ruido, puedo caminar y correr.",2,2,1
no puedo estar sentado mucho tiempo,1,1,2
"tengo problemas en la vistao seami oido es normal, por otro lado ando en silla de ruedas.",0,1,0
no tengo problemas oculares y me muevo con normalidad.,1,1,1
veo perfectamente aunque escucho todo muy apagado y camino perfectamente.,1,0,1
uso gafas para leer ademas estoy inmovilizado.,1,1,0
demasiado veloz,1,1,2
sin problemas de vista ademas tengo sordera profunda. soy paralitico.,1,0,0
no escucho en absoluto,1,0,1
"uso gafas para leer aunque tengo hipersensibilidad auditiva, por otro lado tengo hipermovilidad.",1,2,2
tengo hipersensibilidad a la luz. camino bien.,2,1,1
oido muy fino,1,2,1
veo lo necesario,1,1,1
perdi los ojos y escucho perfectamente - camino bien.,0,1,1
la luz me deslumbra demasiado aunque no me puedo quedar quieto.,2,1,2
tengo vision nula. me muevo con normalidad.,0,1,1
no soporto las luces brillantes pero oigo muy mal aunque tengo problemas al caminar.,2,0,0
soy paraplejico,1,1,0
no soporto las luces brillantestambiensoy paraplejico.,2,1,0
tengo vision normal ademas super oidoo seatengo movilidad muy reducida.,1,2,0
"no tengo problemas ocularestambienoigo bien, por otro lado estoy inmovilizado.",1,1,0
me muevo con normalidad,1,1,1
perdi los ojos,0,1,1
tengo vision normal ademas super oido. puedo caminar y correr.,1,2,1
he perdido el ojo derecho. no escucho en absoluto. ando en silla de ruedas.,0,0,0
camino bien,1,1,1
tengo hipersensibilidad visual. soy sordo ademas mi movilidad es normal.,2,0,1
mi vista es normalo seano oigo nada. puedo andar sin problemas.,1,0,1
me molesta mucho la luztambiencamino perfectamente.,2,1,1
mi vista es normal. no oigo nadao seacamino perfectamente.,1,0,1
no oigo nada,1,0,1
no veo en absoluto,0,1,1
soy ciego,0,1,1
no oigo nada,1,0,1
soy paralitico,1,1,0
"tengo hipersensibilidad visualtambienescucho los ruidos demasiado fuertes, por otro lado camino bien.",2,2,1
"tengo hipersensibilidad visualo sealos sonidos agudos me dan dolor de cabeza, por otro lado soy muy lento caminando.",2,2,0
tengo problemas en la vista,0,1,1
sin problemas de vista y tengo audicion normal ademas no me puedo mover.,1,1,0
veo lo necesario - tengo hipersensibilidad auditiva aunque me muevo con normalidad.,1,2,1
tengo hipersensibilidad visual y escucho los ruidos demasiado fuertes - no me puedo mover.,2,2,0
super vision,2,1,1
"los brillos me hacen daño en los ojoso sealos ruidos fuertes me aturden, tengo exceso de movimiento.",2,2,2
veo perfectamente,1,1,1
soy ciego. los ruidos fuertes me aturden aunque camino perfectamente.,0,2,1
no oigo nada,1,0,1
veo bien ademas sin problemas de movilidad.,1,1,1
los brillos me hacen daño en los ojos ademas tengo un tapon ademas camino muy lento.,2,0,0
soy paralitico,1,1,0
veo destellos constantemente,2,1,1
la luz me deslumbra demasiadotambientengo movilidad muy reducida.,2,1,0
no soporto las luces brillantes pero no puedo estar sentado mucho tiempo.,2,1,2
"sin problemas de vista, por otro lado tengo hipersensibilidad auditiva. demasiado veloz.",1,2,2
tengo hiperactividad,1,1,2
oigo bien,1,1,1
he perdido el ojo izquierdotambiensuper oido. soy paraplejico.,0,2,0
"veo lo necesario, por otro lado puedo andar sin problemas.",1,1,1
no puedo mover las piernas,1,1,0
uso gafas para leer - tengo audicion nula - soy hiperactivo.,1,0,2
veo muy mal aunque no escucho nada ademas estoy inmovilizado.,0,0,0
no veo nada - tengo hipersensibilidad al ruido aunque sin problemas de movilidad.,0,2,1
tengo un tapon,1,0,1
"sin problemas de vista, por otro lado tengo un oido demasiado sensible, tengo necesidad constante de moverme.",1,2,2
puedo caminar y correr,1,1,1
puedo caminar y correr,1,1,1
veo muy malo seatengo hipermovilidad.,0,1,2
sin problemas de oido,1,1,1
"perdi la vista, por otro lado escucho los ruidos demasiado fuertes aunque camino perfectamente.",0,2,1
tengo fotofobiatambienescucho perfectamente. sin problemas de movilidad.,2,1,1
ceguera absoluta,0,1,1
"super vision, por otro lado tengo hipersensibilidad al ruido pero tengo hipermovilidad.",2,2,2
tengo un tapon,1,0,1
tengo muy poca visiontambienno oigo nada aunque puedo andar sin problemas.,0,0,1
no soporto las luces brillantes,2,1,1
"no tengo problemas oculares, oigo bientambienando en silla de ruedas.",1,1,0
la luz me deslumbra demasiado y camino perfectamente.,2,1,1
veo lo necesario,1,1,1
me duele el ojo izquierdo pero oigo lo normal pero camino bien.,0,1,1
"uso gafas para leer, por otro lado tengo hipersensibilidad al ruido ademas soy hiperactivo.",1,2,2
tengo hipersensibilidad a la luzo seaescucho las conversaciones sin problema pero tengo necesidad constante de moverme.,2,1,2
tengo dolor constante en los ojos,0,1,1
"tengo fotofobia, uso lenguaje de señas ademas puedo andar sin problemas.",2,0,1
tengo tics motores,1,1,2
sin problemas de vistatambienno escucho nada pero estoy inmovilizado.,1,0,0
no soporto las luces brillantes - mi oido es normalo seame muevo con normalidad.,2,1,1
tengo inquietud motora extrema,1,1,2
"hiper vision, por otro lado sin problemas de oidotambienmi movilidad es normal.",2,1,1
tengo hipermovilidad,1,1,2
"tengo hipersensibilidad visual, por otro lado tengo audicion normalo seano me puedo quedar quieto.",2,1,2
no veo en absoluto ademas tengo problemas al caminar.,0,1,0
"tengo ceguera total, me molestan mucho los ruidos pero estoy inmovilizado.",0,2,0
"no soporto las luces brillantes, escucho perfectamenteo seasoy hiperactivo.",2,1,2
perdi la vistatambientengo hipermovilidad.,0,1,2
llevo lentillas y veo bien y camino perfectamente.,1,1,1
me duelen los ojos permanentemente pero voy en baston.,0,1,0
hiper vision pero oigo bien pero puedo andar sin problemas.,2,1,1
tengo fotofobia aunque tengo muy poca audicion. tengo tics motores.,2,0,2
tengo sensibilidad extrema a la luz - no escucho en absolutoo seasoy hiperactivo.,2,0,2
no soporto las luces brillantes pero no escucho en absoluto. sin problemas de movilidad.,2,0,1
estoy inmovilizado,1,1,0
llevo lentillas y veo bien,1,1,1
tengo fotofobia ademas tengo hipersensibilidad auditiva pero me muevo con normalidad.,2,2,1
no veo en absolutotambienmi oido es normal - tengo inquietud motora extrema.,0,1,2
veo bien aunque mi movilidad es normal.,1,1,1
tengo hiperacusia,1,2,1
"uso gafas para leer, por otro lado escucho las conversaciones sin problema. estoy inmovilizado.",1,1,0
mi agudeza visual es promedio,1,1,1
"tengo sensibilidad extrema a la luz, soy muy lento caminando.",2,1,0
puedo andar sin problemas,1,1,1
puedo andar sin problemas,1,1,1
soy ciego,0,1,1
no veo casi nadao seano puedo mover las piernas.,0,1,0
sin problemas de oido,1,1,1
"tengo vision normal y no escucho nada, ando en silla de ruedas.",1,0,0
he perdido el ojo derechotambientengo un tapono seapuedo caminar y correr.,0,0,1
mi agudeza visual es promedio ademas no me puedo mover.,1,1,0
mi vista es normal aunque puedo andar sin problemas.,1,1,1
tengo problemas en la vista,0,1,1
los brillos me hacen daño en los ojos ademas puedo caminar y correr.,2,1,1
tengo hipersensibilidad visual - oigo bien aunque tengo movilidad muy reducida.,2,1,0
llevo lentillas y veo bien aunque me muevo con normalidad.,1,1,1
me duelen los ojos al mirar,0,1,1
"no soporto abrir los ojos del dolortambienescucho los ruidos demasiado fuertes, ando con muletas.",0,2,0
la luz me deslumbra demasiado,2,1,1
mi agudeza visual es promedio. tengo hipersensibilidad al ruido pero no me puedo mover.,1,2,0
puedo caminar y correr,1,1,1
"tengo sensibilidad extrema a la luz ademas los sonidos agudos me dan dolor de cabeza, por otro lado ando con muletas.",2,2,0
veo destellos constantemente,2,1,1
me duelen los ojos al mirar,0,1,1
no soporto las luces brillantestambientengo hipermovilidad.,2,1,2
no tengo problemas oculares. oigo bientambienpuedo andar sin problemas.,1,1,1
veo bientambienoido demasiado fino aunque demasiado veloz.,1,2,2
"no tengo problemas oculares, camino bien.",1,1,1
me duelen los ojos permanentemente aunque tengo hipersensibilidad al ruido ademas soy muy lento caminando.,0,2,0
ceguera absoluta pero soy hiperactivo.,0,1,2
escucho las conversaciones sin problema,1,1,1
los brillos me hacen daño en los ojos y escucho perfectamente - no puedo estar sentado mucho tiempo.,2,1,2
me muevo compulsivamente,1,1,2
me duelen los ojos permanentemente y super oido y tengo inquietud motora extrema.,0,2,2
sin problemas de vistatambientengo inquietud motora extrema.,1,1,2
llevo lentillas y veo bieno seaando en silla de ruedas.,1,1,0
camino muy lento,1,1,0
camino perfectamente,1,1,1
soy paralitico,1,1,0
"he perdido el ojo izquierdo - oigo lo normal, por otro lado me muevo compulsivamente.",0,1,2
"veo destellos constantementeo seatengo muy poca audicion, por otro lado tengo problemas al caminar.",2,0,0
no tengo problemas oculares ademas no escucho en absoluto. soy paraplejico.,1,0,0
no me puedo mover,1,1,0
"soy ciego - los sonidos agudos me dan dolor de cabeza, mi movilidad es normal.",0,2,1
super visiono seauso lenguaje de señastambiendemasiado veloz.,2,0,2
me duele el ojo izquierdo - escucho las conversaciones sin problematambienno me puedo mover.,0,1,0
perdi la vista y oigo lo normal - tengo hipermovilidad.,0,1,2
no soporto abrir los ojos del dolor - tengo tics motores.,0,1,2
tengo tics motores,1,1,2
me molesta mucho la luz pero escucho perfectamenteo seacamino bien.,2,1,1
estoy ciego pero tengo sordera aunque voy en baston.,0,0,0
tengo problemas en la vista ademas tengo exceso de movimiento.,0,1,2
escucho todo muy apagado,1,0,1
veo lo necesario,1,1,1
"me duele el ojo izquierdo, no escucho nada, por otro lado ando en silla de ruedas.",0,0,0
"veo perfectamente, escucho perfectamente pero sin problemas de movilidad.",1,1,1
no veo nadao seami movilidad es normal.,0,1,1
me duele el ojo izquierdoo seano me puedo quedar quieto.,0,1,2
llevo lentillas y veo bien aunque tengo hipersensibilidad auditiva. no puedo mover las piernas.,1,2,0
hiper vision - no puedo mover las piernas.,2,1,0
escucho los ruidos demasiado fuertes,1,2,1
la luz me deslumbra demasiado - oigo lo normal - tengo exceso de movimiento.,2,1,2
sin problemas de movilidad,1,1,1
veo bien ademas los ruidos fuertes me aturden y ando con muletas.,1,2,0
tengo muy poca vision aunque tengo audicion nula pero tengo hiperactividad.,0,0,2
siento dolor en los ojos y no oigo nada - soy paralitico.,0,0,0
tengo vision normal,1,1,1
escucho perfectamente,1,1,1
veo destellos constantemente pero me muevo con normalidad.,2,1,1
"no veo casi nada, oigo muy mal - voy en baston.",0,0,0
veo perfectamente ademas tengo hiperacusiao seame cuesta mucho caminar.,1,2,0
super oido,1,2,1
no veo casi nada - me muevo compulsivamente.,0,1,2
no soporto las luces brillantes ademas mi oido es normal ademas camino perfectamente.,2,1,1
sin problemas de movilidad,1,1,1
veo lo necesario,1,1,1
"tengo vision normal, por otro lado no me puedo quedar quieto.",1,1,2
tengo vision normalo seatengo hipermovilidad.,1,1,2
me duelen los ojos al mirar y escucho todo muy apagado. puedo andar sin problemas.,0,0,1
"sin problemas de vista, por otro lado oigo bieno seatengo necesidad constante de moverme.",1,1,2
veo todo muy borroso - los sonidos agudos me dan dolor de cabeza y sin problemas de movilidad.,0,2,1
no escucho nada,1,0,1
tengo hipersensibilidad a la luz aunque tengo audicion normal pero ando en silla de ruedas.,2,1,0
me duelen los ojos al mirar pero tengo un oido demasiado sensibleo seami movilidad es normal.,0,2,1
mi vista es normaltambienoido muy fino pero mi movilidad es normal.,1,2,1
"tengo hipersensibilidad a la luz, sin problemas de movilidad.",2,1,1
puedo andar sin problemas,1,1,1
tengo hipersensibilidad a la luz,2,1,1
estoy ciegotambienescucho todo muy apagado aunque mi movilidad es normal.,0,0,1
tengo problemas en la vista aunque soy hiperactivo.,0,1,2
"veo bien, por otro lado me muevo con normalidad.",1,1,1
"mi vista es normal, estoy inmovilizado.",1,1,0
soy paraplejico,1,1,0
escucho todo muy apagado,1,0,1
no veo nada y no escucho en absoluto. estoy inmovilizado.,0,0,0
"estoy ciego pero tengo audicion nula, puedo andar sin problemas.",0,0,1
super vision,2,1,1
veo bien y escucho los ruidos demasiado fuertes ademas no puedo mover las piernas.,1,2,0
tengo vision nula ademas ando en silla de ruedas.,0,1,0
mi vista es normal,1,1,1
sin problemas de vista,1,1,1
mis ojos estan inflamados y duelen. no puedo estar sentado mucho tiempo.,0,1,2
camino perfectamente,1,1,1
"veo perfectamente, sin problemas de movilidad.",1,1,1
no me puedo quedar quieto,1,1,2
tengo fotofobia pero tengo audicion nula. no puedo estar sentado mucho tiempo.,2,0,2
veo perfectamente - oigo muy mal pero tengo hiperactividad.,1,0,2
"tengo hipersensibilidad visual, por otro lado no escucho nada y no puedo estar sentado mucho tiempo.",2,0,2
no oigo nada,1,0,1
tengo exceso de movimiento,1,1,2
"no soporto las luces brillantestambientengo sordera profunda, por otro lado soy hiperactivo.",2,0,2
"uso gafas para leer. oido demasiado fino, por otro lado soy paraplejico.",1,2,0
veo perfectamente y no soporto el volumen alto aunque camino bien.,1,2,1
uso gafas para leer ademas oigo bien - me muevo compulsivamente.,1,1,2
"veo lo necesario, por otro lado tengo sordera, tengo inquietud motora extrema.",1,0,2
sin problemas de vista. tengo dificultad para andar.,1,1,0
"tengo vision nula, no soporto el volumen alto. no puedo estar sentado mucho tiempo.",0,2,2
tengo audicion nula,1,0,1
he perdido el ojo derecho - mi oido es normaltambienno me puedo quedar quieto.,0,1,2
"super vision pero oigo muy mal, por otro lado tengo necesidad constante de moverme.",2,0,2
me duelen los ojos permanentemente,0,1,1
"sin problemas de vista, mi movilidad es normal.",1,1,1
mi vista es normal,1,1,1
me duelen los ojos al mirar ademas oigo bieno seatengo exceso de movimiento.,0,1,2
llevo lentillas y veo bien - tengo hipermovilidad.,1,1,2
"veo destellos constantemente, por otro lado tengo sordera aunque voy en baston.",2,0,0
tengo dolor ocular - mi movilidad es normal.,0,1,1
escucho todo muy apagado,1,0,1
"no soporto las luces brillantes, por otro lado sin problemas de movilidad.",2,1,1
soy ciegoo seame molestan mucho los ruidos ademas tengo necesidad constante de moverme.,0,2,2
veo bien y tengo hipersensibilidad auditiva y soy paraplejico.,1,2,0
me cuesta mucho caminar,1,1,0
escucho las conversaciones sin problema,1,1,1
"mis ojos estan inflamados y duelen, por otro lado tengo dificultad para andar.",0,1,0
tengo vision nula,0,1,1
veo destellos constantemente y tengo sordera - mi movilidad es normal.,2,0,1
me molesta mucho la luz aunque mi oido es normal. no puedo estar sentado mucho tiempo.,2,1,2
no puedo mover las piernas,1,1,0
tengo fotofobia,2,1,1
llevo lentillas y veo bien y escucho perfectamente y tengo problemas al caminar.,1,1,0
tengo sensibilidad extrema a la luz - oido muy fino pero tengo hiperactividad.,2,2,2
veo todo muy borrosoo seano escucho nada. tengo problemas al caminar.,0,0,0
veo todo muy borrosoo seaescucho perfectamente - soy muy lento caminando.,0,1,0
"tengo vision normal - oigo muy mal, puedo andar sin problemas.",1,0,1
tengo hiperacusia,1,2,1
tengo ceguera total y tengo audicion normal aunque camino perfectamente.,0,1,1
tengo audicion normal,1,1,1
uso gafas para leer y no escucho nadao seatengo tics motores.,1,0,2
"mis ojos estan inflamados y duelen, por otro lado tengo audicion nulatambiensoy paraplejico.",0,0,0
uso lenguaje de señas,1,0,1
"veo bien. oigo lo normal, por otro lado ando en silla de ruedas.",1,1,0
sin problemas de oido,1,1,1
sin problemas de vista aunque oido muy fino. tengo dificultad para andar.,1,2,0
la luz me deslumbra demasiado,2,1,1
mi agudeza visual es promedioo seano escucho en absoluto. no me puedo quedar quieto.,1,0,2
tengo hipersensibilidad visual aunque los sonidos agudos me dan dolor de cabezatambienme cuesta mucho caminar.,2,2,0
veo destellos constantemente. puedo caminar y correr.,2,1,1
"sin problemas de vista ademas oido demasiado fino, por otro lado mi movilidad es normal.",1,2,1
sin problemas de vista y camino perfectamente.,1,1,1
tengo un oido demasiado sensible,1,2,1
tengo sensibilidad extrema a la luz y tengo un oido demasiado sensible - estoy inmovilizado.,2,2,0
tengo fotofobia. soy sordo pero puedo caminar y correr.,2,0,1
"no veo casi nada - oigo muy mal, soy paraplejico.",0,0,0
veo bien y tengo un tapon - soy paralitico.,1,0,0
sin problemas de vista - escucho todo muy apagado ademas puedo andar sin problemas.,1,0,1
soy ciego - mi oido es normal. puedo andar sin problemas.,0,1,1
"me duelen los ojos permanentemente, no soporto el volumen alto ademas mi movilidad es normal.",0,2,1
veo bientambientengo audicion normaltambiencamino perfectamente.,1,1,1
"tengo fotofobia, tengo dificultad para andar.",2,1,0
no oigo nada,1,0,1
he perdido el ojo izquierdo aunque escucho perfectamente pero no puedo mover las piernas.,0,1,0
uso baston para ciegos aunque tengo hiperacusia ademas tengo hipermovilidad.,0,2,2
veo bien,1,1,1
"veo bien, tengo un tapon ademas mi movilidad es normal.",1,0,1
perdi la vista - tengo un tapontambienestoy inmovilizado.,0,0,0
"llevo lentillas y veo bien, por otro lado oigo lo normal pero soy paralitico.",1,1,0
siento dolor en los ojos pero oigo muy mal pero sin problemas de movilidad.,0,0,1
tengo sensibilidad extrema a la luz. soy paralitico.,2,1,0
tengo hipersensibilidad visual ademas mi movilidad es normal.,2,1,1
mi movilidad es normal,1,1,1
hiper vision pero me molestan mucho los ruidos y tengo hiperactividad.,2,2,2
puedo andar sin problemas,1,1,1
tengo sensibilidad extrema a la luz ademas demasiado veloz.,2,1,2
tengo vision nula aunque tengo audicion nulao seatengo necesidad constante de moverme.,0,0,2
tengo hipersensibilidad auditiva,1,2,1
"mi vista es normal, por otro lado escucho las conversaciones sin problema pero me cuesta mucho caminar.",1,1,0
he perdido el ojo derecho - uso lenguaje de señas aunque tengo hipermovilidad.,0,0,2
escucho perfectamente,1,1,1
escucho perfectamente,1,1,1
tengo exceso de movimiento,1,1,2
los brillos me hacen daño en los ojoso seasin problemas de oido pero tengo inquietud motora extrema.,2,1,2
me molestan mucho los ruidos,1,2,1
tengo fotofobia y tengo muy poca audicion pero no me puedo mover.,2,0,0
llevo lentillas y veo bien ademas oido demasiado fino aunque tengo dificultad para andar.,1,2,0
escucho perfectamente,1,1,1
tengo dolor ocular y no escucho en absoluto ademas ando con muletas.,0,0,0
tengo sensibilidad extrema a la luz. camino perfectamente.,2,1,1
tengo un tapon,1,0,1
"tengo sensibilidad extrema a la luz aunque mi oido es normal, mi movilidad es normal.",2,1,1
"veo lo necesario, por otro lado tengo hipersensibilidad al ruido, tengo tics motores.",1,2,2
tengo sensibilidad extrema a la luz,2,1,1
la luz me deslumbra demasiado - escucho perfectamenteo seame muevo con normalidad.,2,1,1
veo bien. tengo hipermovilidad.,1,1,2
me duelen los ojos permanentementeo seano oigo nada - me muevo con normalidad.,0,0,1
veo todo muy borroso. soy sordo ademas tengo tics motores.,0,0,2
tengo dolor constante en los ojostambienno me puedo quedar quieto.,0,1,2
no tengo problemas oculares pero tengo sordera aunque no me puedo quedar quieto.,1,0,2
no puedo estar sentado mucho tiempo,1,1,2
puedo andar sin problemas,1,1,1
veo destellos constantemente,2,1,1
mi agudeza visual es promedio pero tengo hipersensibilidad auditiva. camino perfectamente.,1,2,1
"mi agudeza visual es promedio, por otro lado escucho los ruidos demasiado fuertes - tengo exceso de movimiento.",1,2,2
tengo hipersensibilidad visual. no me puedo quedar quieto.,2,1,2
veo muy mal pero oigo bien y tengo exceso de movimiento.,0,1,2
llevo lentillas y veo bientambienlos sonidos agudos me dan dolor de cabeza pero mi movilidad es normal.,1,2,1
oido demasiado fino,1,2,1
ando con muletas,1,1,0
hiper vision ademas me muevo compulsivamente.,2,1,2
mi agudeza visual es promedio y super oido - ando con muletas.,1,2,0
sin problemas de vista. super oido - tengo necesidad constante de moverme.,1,2,2
"sin problemas de vista ademas uso lenguaje de señas, soy paraplejico.",1,0,0
mi agudeza visual es promedio,1,1,1
mi agudeza visual es promedio aunque no puedo estar sentado mucho tiempo.,1,1,2
soy sordo,1,0,1
"me molesta mucho la luz, por otro lado mi oido es normal aunque tengo hiperactividad.",2,1,2
tengo sensibilidad extrema a la luz pero tengo hipersensibilidad al ruido pero tengo hipermovilidad.,2,2,2
me duelen los ojos permanentemente - tengo hipersensibilidad al ruido ademas no me puedo quedar quieto.,0,2,2
"no veo nada - uso lenguaje de señas, mi movilidad es normal.",0,0,1
"tengo hipersensibilidad a la luz, escucho las conversaciones sin problematambienvoy en baston.",2,1,0
veo muy mal,0,1,1
escucho todo muy apagado,1,0,1
uso gafas para leer,1,1,1
tengo tics motores,1,1,2
los sonidos agudos me dan dolor de cabeza,1,2,1
super visiontambientengo sordera ademas no puedo estar sentado mucho tiempo.,2,0,2
tengo hipersensibilidad a la luz - tengo hipersensibilidad al ruido pero camino perfectamente.,2,2,1
uso gafas para leertambienuso lenguaje de señastambienno puedo estar sentado mucho tiempo.,1,0,2
tengo hipersensibilidad visual y tengo un tapon aunque soy hiperactivo.,2,0,2
"veo destellos constantementetambientengo audicion normal, por otro lado camino perfectamente.",2,1,1
"uso gafas para leer, por otro lado uso lenguaje de señas y tengo inquietud motora extrema.",1,0,2
"veo perfectamente, por otro lado no escucho en absoluto y no puedo mover las piernas.",1,0,0
super vision ademas tengo audicion normal - tengo dificultad para andar.,2,1,0
veo todo muy borrosoo seatengo audicion normal y soy hiperactivo.,0,1,2
veo perfectamente. camino perfectamente.,1,1,1
tengo hipersensibilidad visual ademas tengo un tapon pero tengo dificultad para andar.,2,0,0
"tengo vision normal, escucho las conversaciones sin problema aunque me muevo con normalidad.",1,1,1
he perdido el ojo izquierdo,0,1,1
"tengo hipersensibilidad visual, no me puedo quedar quieto.",2,1,2
tengo hipersensibilidad a la luz pero tengo audicion normal y camino perfectamente.,2,1,1
mi agudeza visual es promedio pero tengo un oido demasiado sensible pero no puedo estar sentado mucho tiempo.,1,2,2
veo destellos constantementeo seatengo hipermovilidad.,2,1,2
tengo hipersensibilidad visual pero no me puedo mover.,2,1,0
tengo dolor ocularo seatengo hipersensibilidad al ruido pero sin problemas de movilidad.,0,2,1
perdi la vista,0,1,1
soy ciego aunque no me puedo quedar quieto.,0,1,2
oigo bien,1,1,1
tengo inquietud motora extrema,1,1,2
me molesta mucho la luz ademas tengo sordera aunque no me puedo mover.,2,0,0
he perdido el ojo izquierdoo seatengo audicion normal - tengo dificultad para andar.,0,1,0
veo perfectamente aunque tengo audicion normalo seaestoy inmovilizado.,1,1,0
mi vista es normal,1,1,1
tengo vision normalo seatengo problemas al caminar.,1,1,0
"uso gafas para leer, oigo bien aunque tengo exceso de movimiento.",1,1,2
he perdido el ojo izquierdoo seame muevo con normalidad.,0,1,1
los brillos me hacen daño en los ojos ademas oigo lo normalo seasoy hiperactivo.,2,1,2
mi vista es normal,1,1,1
sin problemas de vista,1,1,1
"estoy ciego, oigo lo normal, por otro lado soy hiperactivo.",0,1,2
perdi los ojos ademas super oido. tengo tics motores.,0,2,2
ceguera absoluta ademas tengo muy poca audicion pero camino bien.,0,0,1
"veo bien, por otro lado tengo hiperactividad.",1,1,2
"tengo hipersensibilidad a la luz, los sonidos agudos me dan dolor de cabeza y voy en baston.",2,2,0
sin problemas de vista aunque tengo movilidad muy reducida.,1,1,0
tengo ceguera totaltambienpuedo caminar y correr.,0,1,1
"me duelen los ojos al mirar, por otro lado soy paraplejico.",0,1,0
no veo nada y oido muy finoo seademasiado veloz.,0,2,2
veo destellos constantementeo seasoy sordo aunque soy hiperactivo.,2,0,2
soy hiperactivo,1,1,2
veo muy mal pero uso lenguaje de señaso seasoy paraplejico.,0,0,0
tengo dolor constante en los ojos ademas tengo audicion normal pero tengo exceso de movimiento.,0,1,2
uso lenguaje de señas,1,0,1
"uso baston para ciegos, por otro lado tengo problemas al caminar.",0,1,0
sin problemas de vista,1,1,1
siento dolor en los ojostambientengo un tapon pero tengo tics motores.,0,0,2
no soporto las luces brillantes y no escucho nada pero tengo inquietud motora extrema.,2,0,2
"mi agudeza visual es promedio, tengo audicion nula aunque no puedo mover las piernas.",1,0,0
sin problemas de vistatambienoigo muy mal pero no me puedo mover.,1,0,0
no soporto las luces brillantes. tengo problemas al caminar.,2,1,0
uso lenguaje de señas,1,0,1
hiper vision. escucho los ruidos demasiado fuertes pero estoy inmovilizado.,2,2,0
tengo vision normal y oido demasiado fino pero me muevo con normalidad.,1,2,1
"tengo hipersensibilidad a la luz, escucho las conversaciones sin problemao seapuedo caminar y correr.",2,1,1
llevo lentillas y veo bien ademas no oigo nadatambienpuedo caminar y correr.,1,0,1
veo destellos constantemente. tengo inquietud motora extrema.,2,1,2
escucho las conversaciones sin problema,1,1,1
uso gafas para leertambienescucho las conversaciones sin problema aunque tengo hiperactividad.,1,1,2
estoy ciego pero oigo lo normaltambientengo hipermovilidad.,0,1,2
super vision,2,1,1
"uso gafas para leer, por otro lado escucho las conversaciones sin problema - puedo andar sin problemas.",1,1,1
no tengo problemas oculares y camino bien.,1,1,1
me duelen los ojos - mi oido es normal - soy paraplejico.,0,1,0
tengo hipersensibilidad a la luz,2,1,1
"no veo casi nada, por otro lado los sonidos agudos me dan dolor de cabeza y me cuesta mucho caminar.",0,2,0
"perdi la vista, por otro lado soy sordo aunque ando en silla de ruedas.",0,0,0
tengo muy poca audicion,1,0,1
"tengo hipersensibilidad a la luzo seaescucho los ruidos demasiado fuertes, por otro lado camino bien.",2,2,1
escucho perfectamente,1,1,1
tengo dolor ocular ademas tengo hipersensibilidad al ruido. no puedo caminar.,0,2,0
la luz me deslumbra demasiadoo seame cuesta mucho caminar.,2,1,0
veo lo necesario pero tengo inquietud motora extrema.,1,1,2
"tengo hipersensibilidad a la luz, ando con muletas.",2,1,0
los ruidos fuertes me aturden,1,2,1
tengo problemas en la vistao seaando en silla de ruedas.,0,1,0
oigo lo normal,1,1,1
llevo lentillas y veo bien,1,1,1
no soporto el volumen alto,1,2,1
veo lo necesario - escucho los ruidos demasiado fuertes - sin problemas de movilidad.,1,2,1
"siento dolor en los ojos, por otro lado escucho todo muy apagado y no puedo estar sentado mucho tiempo.",0,0,2
"siento dolor en los ojos, por otro lado tengo hipersensibilidad al ruido ademas soy muy lento caminando.",0,2,0
me duelen los ojos al mirar. estoy inmovilizado.,0,1,0
tengo audicion normal,1,1,1
"no tengo problemas oculares, por otro lado sin problemas de oidotambienpuedo caminar y correr.",1,1,1
sin problemas de oido,1,1,1
tengo exceso de movimiento,1,1,2
veo lo necesario,1,1,1
no veo casi nada aunque camino bien.,0,1,1
soy ciego. tengo un tapon y camino muy lento.,0,0,0
tengo hiperacusia,1,2,1
veo todo muy borrosotambientengo hipermovilidad.,0,1,2
la luz me deslumbra demasiadotambientengo exceso de movimiento.,2,1,2
no veo en absolutoo seasoy paralitico.,0,1,0
tengo hipersensibilidad visual,2,1,1
me duelen los ojos al mirartambiensoy sordoo seaando en silla de ruedas.,0,0,0
perdi la vista aunque oido demasiado fino. tengo hiperactividad.,0,2,2
tengo fotofobia y los ruidos fuertes me aturdentambienno puedo estar sentado mucho tiempo.,2,2,2
"mi vista es normal, soy sordo, tengo hipermovilidad.",1,0,2
veo destellos constantemente. oigo bientambienpuedo caminar y correr.,2,1,1
me duelen los ojos - no oigo nada y puedo andar sin problemas.,0,0,1
no soporto el volumen alto,1,2,1
llevo lentillas y veo bien,1,1,1
"perdi los ojos, tengo un tapon y tengo inquietud motora extrema.",0,0,2
tengo vision normaltambientengo inquietud motora extrema.,1,1,2
tengo fotofobia. uso lenguaje de señas ademas soy hiperactivo.,2,0,2
"no veo nada, tengo audicion nula pero ando en silla de ruedas.",0,0,0
no tengo problemas oculares ademas tengo tics motores.,1,1,2
veo destellos constantemente ademas no me puedo quedar quieto.,2,1,2
la luz me deslumbra demasiado aunque mi oido es normal pero no me puedo quedar quieto.,2,1,2
me molesta mucho la luzo seami oido es normal aunque me cuesta mucho caminar.,2,1,0
mi vista es normal y escucho las conversaciones sin problema. puedo caminar y correr.,1,1,1
"los brillos me hacen daño en los ojos, por otro lado tengo audicion nula, me muevo compulsivamente.",2,0,2
no soporto las luces brillantestambienoigo lo normaltambientengo hiperactividad.,2,1,2
super vision pero no escucho en absoluto y me muevo con normalidad.,2,0,1
tengo vision normal aunque tengo exceso de movimiento.,1,1,2
los brillos me hacen daño en los ojoso seano oigo nada aunque mi movilidad es normal.,2,0,1
perdi la vistao seatengo audicion normal ademas voy en baston.,0,1,0
"sin problemas de vista, por otro lado tengo audicion normal pero puedo andar sin problemas.",1,1,1
me duelen los ojos permanentemente pero tengo audicion normaltambientengo necesidad constante de moverme.,0,1,2
tengo vision normal pero oido demasiado fino aunque me muevo con normalidad.,1,2,1
tengo problemas en la vista,0,1,1
"sin problemas de vista, no puedo mover las piernas.",1,1,0
los brillos me hacen daño en los ojos - tengo exceso de movimiento.,2,1,2
"veo lo necesario, por otro lado no puedo mover las piernas.",1,1,0
no soporto las luces brillantes. tengo hiperacusia y puedo andar sin problemas.,2,2,1
me duelen los ojos permanentementeo seano puedo caminar.,0,1,0
oido demasiado fino,1,2,1
no veo nada,0,1,1
"tengo vision normal, por otro lado escucho las conversaciones sin problema. tengo dificultad para andar.",1,1,0
"veo lo necesario, por otro lado demasiado veloz.",1,1,2
veo bien y voy en baston.,1,1,0
no puedo mover las piernas,1,1,0
no puedo estar sentado mucho tiempo,1,1,2
"veo destellos constantemente ademas tengo muy poca audicion, por otro lado me muevo con normalidad.",2,0,1
veo bien ademas tengo un oido demasiado sensible. camino perfectamente.,1,2,1
soy paralitico,1,1,0
"los brillos me hacen daño en los ojos - tengo hipersensibilidad al ruido, por otro lado tengo hipermovilidad.",2,2,2
tengo sensibilidad extrema a la luz - tengo hiperactividad.,2,1,2
tengo vision normal,1,1,1
me duelen los ojos al mirar,0,1,1
la luz me deslumbra demasiado pero mi oido es normalo seami movilidad es normal.,2,1,1
"super vision, por otro lado tengo hipermovilidad.",2,1,2
"me duelen los ojos, por otro lado escucho todo muy apagado, no puedo mover las piernas.",0,0,0
"me duele el ojo izquierdo, tengo hiperactividad.",0,1,2
tengo dolor ocular aunque tengo hipersensibilidad auditiva pero camino bien.,0,2,1
"me duele el ojo derecho, tengo un tapon, por otro lado mi movilidad es normal.",0,0,1
mi agudeza visual es promedio pero camino perfectamente.,1,1,1
veo perfectamente,1,1,1
soy ciego y camino muy lento.,0,1,0
hiper vision,2,1,1
"hiper vision, por otro lado tengo sordera - me cuesta mucho caminar.",2,0,0
veo perfectamente,1,1,1
perdi la vista - soy hiperactivo.,0,1,2
mi agudeza visual es promedio aunque oido demasiado fino pero ando en silla de ruedas.,1,2,0
"no tengo problemas oculares. oigo lo normal, por otro lado me muevo compulsivamente.",1,1,2
tengo sensibilidad extrema a la luzo seaescucho los ruidos demasiado fuertes ademas no puedo estar sentado mucho tiempo.,2,2,2
tengo fotofobia pero no puedo estar sentado mucho tiempo.,2,1,2
he perdido el ojo izquierdo ademas oigo lo normaltambienvoy en baston.,0,1,0
sin problemas de vista,1,1,1
veo perfectamente,1,1,1
veo muy mal ademas demasiado veloz.,0,1,2
"tengo fotofobia. tengo hipersensibilidad al ruido, tengo tics motores.",2,2,2
"super visiontambienescucho los ruidos demasiado fuertes, puedo andar sin problemas.",2,2,1
"la luz me deslumbra demasiado, por otro lado soy paralitico.",2,1,0
tengo sensibilidad extrema a la luz aunque uso lenguaje de señas y ando con muletas.,2,0,0
perdi los ojos - oigo lo normal ademas demasiado veloz.,0,1,2
hiper vision,2,1,1
no soporto abrir los ojos del dolor. sin problemas de movilidad.,0,1,1
tengo hipersensibilidad visual,2,1,1
tengo necesidad constante de moverme,1,1,2
perdi los ojos ademas tengo tics motores.,0,1,2
uso baston para ciegos,0,1,1
tengo vision normal aunque mi oido es normalo seatengo necesidad constante de moverme.,1,1,2
llevo lentillas y veo bien,1,1,1
"tengo vision nula. tengo sordera, me muevo con normalidad.",0,0,1
no soporto las luces brillantes ademas soy sordotambientengo hipermovilidad.,2,0,2
veo destellos constantemente pero no puedo estar sentado mucho tiempo.,2,1,2
la luz me deslumbra demasiado pero soy sordo. tengo inquietud motora extrema.,2,0,2
veo bientambientengo un tapon ademas soy muy lento caminando.,1,0,0
llevo lentillas y veo bientambiendemasiado veloz.,1,1,2
me molestan mucho los ruidos,1,2,1
soy hiperactivo,1,1,2
"hiper vision, por otro lado oigo bien, ando en silla de ruedas.",2,1,0
estoy ciegoo seademasiado veloz.,0,1,2
perdi la vista y tengo problemas al caminar.,0,1,0
he perdido el ojo izquierdotambiensoy paraplejico.,0,1,0
veo todo muy borrosoo seatengo un tapono seame muevo con normalidad.,0,0,1
"me molesta mucho la luz, por otro lado escucho perfectamente, tengo hiperactividad.",2,1,2
tengo exceso de movimiento,1,1,2
"los brillos me hacen daño en los ojos, escucho las conversaciones sin problema - camino muy lento.",2,1,0
veo destellos constantementetambiencamino perfectamente.,2,1,1
oido muy fino,1,2,1
"tengo hipersensibilidad visual, por otro lado tengo hipersensibilidad al ruido, por otro lado voy en baston.",2,2,0
los brillos me hacen daño en los ojos ademas escucho todo muy apagadoo seami movilidad es normal.,2,0,1
tengo muy poca audicion,1,0,1
uso gafas para leer ademas me muevo compulsivamente.,1,1,2
tengo sensibilidad extrema a la luz. camino perfectamente.,2,1,1
"veo lo necesario, sin problemas de oido, tengo hipermovilidad.",1,1,2
he perdido el ojo derecho - no me puedo quedar quieto.,0,1,2
hiper vision - oigo lo normal ademas soy muy lento caminando.,2,1,0
tengo hipermovilidad,1,1,2
veo perfectamente,1,1,1
tengo dolor ocular ademas oigo muy mal. sin problemas de movilidad.,0,0,1
tengo fotofobia ademas camino perfectamente.,2,1,1
no veo nadatambientengo inquietud motora extrema.,0,1,2
tengo muy poca vision - oigo bien. estoy inmovilizado.,0,1,0
super oido,1,2,1
siento dolor en los ojos y escucho perfectamente ademas no puedo caminar.,0,1,0
"tengo ceguera total, por otro lado los sonidos agudos me dan dolor de cabezao seademasiado veloz.",0,2,2
no me puedo mover,1,1,0
tengo vision nula aunque sin problemas de oidoo seatengo hiperactividad.,0,1,2
mi agudeza visual es promedio,1,1,1
tengo audicion nula,1,0,1
no me puedo mover,1,1,0
tengo audicion normal,1,1,1
tengo sordera profunda,1,0,1
tengo ceguera totalo seatengo inquietud motora extrema.,0,1,2
super vision - tengo hipersensibilidad auditiva - me cuesta mucho caminar.,2,2,0
"llevo lentillas y veo bien - tengo sordera profunda, por otro lado tengo movilidad muy reducida.",1,0,0
veo bien ademas voy en baston.,1,1,0
me molesta mucho la luz pero tengo un oido demasiado sensibleo seatengo inquietud motora extrema.,2,2,2
tengo dolor constante en los ojos - tengo audicion normal pero puedo andar sin problemas.,0,1,1
"veo destellos constantemente, por otro lado soy hiperactivo.",2,1,2
no tengo problemas oculares pero me muevo compulsivamente.,1,1,2
escucho las conversaciones sin problema,1,1,1
tengo movilidad muy reducida,1,1,0
sin problemas de vista,1,1,1
los brillos me hacen daño en los ojos ademas soy hiperactivo.,2,1,2
"mi agudeza visual es promedioo seaoigo muy mal, tengo hipermovilidad.",1,0,2
mi vista es normal pero sin problemas de movilidad.,1,1,1
tengo necesidad constante de moverme,1,1,2
mis ojos estan inflamados y duelen aunque los sonidos agudos me dan dolor de cabeza ademas soy paraplejico.,0,2,0
los brillos me hacen daño en los ojos aunque los sonidos agudos me dan dolor de cabeza. soy paralitico.,2,2,0
"la luz me deslumbra demasiado, por otro lado los sonidos agudos me dan dolor de cabeza, no me puedo quedar quieto.",2,2,2
"me duelen los ojos permanentemente, super oido, no me puedo quedar quieto.",0,2,2
"tengo vision normal y tengo sordera profunda, por otro lado mi movilidad es normal.",1,0,1
tengo sensibilidad extrema a la luz aunque escucho las conversaciones sin problemao seatengo problemas al caminar.,2,1,0
no tengo problemas oculares,1,1,1
tengo vision normal aunque soy paralitico.,1,1,0
los ruidos fuertes me aturden,1,2,1
tengo sensibilidad extrema a la luz - me molestan mucho los ruidos pero tengo movilidad muy reducida.,2,2,0
veo lo necesario y no me puedo mover.,1,1,0
"no tengo problemas oculares aunque escucho todo muy apagado, por otro lado voy en baston.",1,0,0
veo perfectamente - no puedo mover las piernas.,1,1,0
tengo hipersensibilidad visual ademas escucho los ruidos demasiado fuertes - no puedo caminar.,2,2,0
me duelen los ojos permanentemente. no escucho nada aunque puedo andar sin problemas.,0,0,1
veo lo necesario y los sonidos agudos me dan dolor de cabezao seano me puedo mover.,1,2,0
oigo bien,1,1,1
tengo sensibilidad extrema a la luz. soy sordo y soy hiperactivo.,2,0,2
me duele el ojo izquierdo y ando con muletas.,0,1,0
tengo un tapon,1,0,1
no soporto las luces brillantes y escucho todo muy apagadotambientengo tics motores.,2,0,2
"tengo hipersensibilidad visual aunque los sonidos agudos me dan dolor de cabeza, soy paralitico.",2,2,0
"no tengo problemas oculares y super oido, mi movilidad es normal.",1,2,1
"no tengo problemas oculares, por otro lado escucho perfectamente aunque demasiado veloz.",1,1,2
los brillos me hacen daño en los ojos - escucho las conversaciones sin problematambientengo tics motores.,2,1,2
veo lo necesario aunque camino perfectamente.,1,1,1
no veo nada. ando con muletas.,0,1,0
mi oido es normal,1,1,1
veo perfectamente,1,1,1
tengo fotofobia,2,1,1
tengo dolor ocular,0,1,1
la luz me deslumbra demasiado ademas sin problemas de oidoo seano puedo mover las piernas.,2,1,0
"mi agudeza visual es promedio, por otro lado tengo audicion normal, camino bien.",1,1,1
no soporto abrir los ojos del dolor ademas uso lenguaje de señas pero camino perfectamente.,0,0,1
tengo muy poca audicion,1,0,1
"tengo ceguera total, por otro lado tengo audicion nula y no puedo caminar.",0,0,0
mi movilidad es normal,1,1,1
tengo hipersensibilidad visualtambiencamino bien.,2,1,1
"tengo hipersensibilidad visual, soy sordo. tengo hiperactividad.",2,0,2
mi agudeza visual es promedio aunque oigo bientambienno puedo estar sentado mucho tiempo.,1,1,2
tengo audicion nula,1,0,1
me duelen los ojos al mirar - tengo necesidad constante de moverme.,0,1,2
llevo lentillas y veo bientambientengo hipersensibilidad auditiva pero no me puedo quedar quieto.,1,2,2
veo bien aunque me cuesta mucho caminar.,1,1,0
tengo fotofobia,2,1,1
tengo sensibilidad extrema a la luz y oigo muy malo seame muevo con normalidad.,2,0,1
hiper vision ademas tengo sordera - me muevo con normalidad.,2,0,1
puedo caminar y correr,1,1,1
sin problemas de oido,1,1,1
tengo audicion normal,1,1,1
la luz me deslumbra demasiadoo seano soporto el volumen alto - tengo tics motores.,2,2,2
tengo dificultad para andar,1,1,0
"tengo vision normal, por otro lado camino bien.",1,1,1
tengo hipersensibilidad visual,2,1,1
"veo bieno seaoido muy fino, puedo caminar y correr.",1,2,1
no puedo caminar,1,1,0
los brillos me hacen daño en los ojos y tengo muy poca audicion pero ando en silla de ruedas.,2,0,0
"no soporto las luces brillantes, por otro lado mi movilidad es normal.",2,1,1
veo lo necesario pero escucho todo muy apagado y no puedo estar sentado mucho tiempo.,1,0,2
me duelen los ojos aunque soy muy lento caminando.,0,1,0
no escucho nada,1,0,1
"tengo sensibilidad extrema a la luz ademas me molestan mucho los ruidos, sin problemas de movilidad.",2,2,1
tengo hipermovilidad,1,1,2
estoy inmovilizado,1,1,0
puedo caminar y correr,1,1,1
"veo muy mal pero tengo hipersensibilidad auditiva, por otro lado tengo exceso de movimiento.",0,2,2
no veo casi nadao seasin problemas de oidoo seapuedo caminar y correr.,0,1,1
"sin problemas de vista pero mi oido es normal, camino perfectamente.",1,1,1
ando con muletas,1,1,0
no tengo problemas oculares - oigo bien ademas soy hiperactivo.,1,1,2
me duele el ojo izquierdo aunque oigo lo normal pero no puedo mover las piernas.,0,1,0
no soporto abrir los ojos del dolor pero tengo tics motores.,0,1,2
hiper visiono seaestoy inmovilizado.,2,1,0
llevo lentillas y veo bien,1,1,1
hiper vision. tengo tics motores.,2,1,2
ando con muletas,1,1,0
siento dolor en los ojos aunque tengo sordera profunda. no me puedo mover.,0,0,0
"me duele el ojo derecho, por otro lado tengo un tapon aunque me muevo con normalidad.",0,0,1
hiper vision - sin problemas de movilidad.,2,1,1
"no soporto las luces brillantes, los sonidos agudos me dan dolor de cabeza aunque soy muy lento caminando.",2,2,0
tengo hipersensibilidad visualtambiencamino perfectamente.,2,1,1
soy ciego,0,1,1
"mi agudeza visual es promedio y tengo muy poca audicion, por otro lado soy muy lento caminando.",1,0,0
la luz me deslumbra demasiado. escucho todo muy apagado ademas no puedo estar sentado mucho tiempo.,2,0,2
"mi agudeza visual es promedio, tengo sordera profunda ademas tengo movilidad muy reducida.",1,0,0
tengo vision normalo seasin problemas de oidoo seapuedo caminar y correr.,1,1,1
no escucho nada,1,0,1
oido muy fino,1,2,1
veo lo necesario y tengo hipermovilidad.,1,1,2
veo lo necesarioo seatengo hipersensibilidad al ruido ademas soy hiperactivo.,1,2,2
mi vista es normalo seatengo muy poca audicion aunque puedo andar sin problemas.,1,0,1
tengo un tapon,1,0,1
veo destellos constantementetambienmi oido es normal pero soy paraplejico.,2,1,0
me duelen los ojos permanentemente - tengo audicion normaltambiensoy paralitico.,0,1,0
"los brillos me hacen daño en los ojos, tengo muy poca audiciontambienme muevo compulsivamente.",2,0,2
he perdido el ojo izquierdotambienno escucho en absoluto aunque puedo andar sin problemas.,0,0,1
veo lo necesario ademas tengo audicion nula y puedo caminar y correr.,1,0,1
tengo vision normal,1,1,1
no tengo problemas oculares - sin problemas de oido pero camino bien.,1,1,1
"veo perfectamente, por otro lado mi oido es normal, camino muy lento.",1,1,0
no veo en absolutoo seame muevo con normalidad.,0,1,1
tengo vision normal y los sonidos agudos me dan dolor de cabeza - no me puedo mover.,1,2,0
tengo muy poca vision y demasiado veloz.,0,1,2
tengo sensibilidad extrema a la luz - tengo hipermovilidad.,2,1,2
"mis ojos estan inflamados y duelen, por otro lado uso lenguaje de señas. puedo caminar y correr.",0,0,1
he perdido el ojo izquierdo. tengo un oido demasiado sensible aunque tengo hipermovilidad.,0,2,2
tengo problemas en la vista ademas escucho los ruidos demasiado fuertes pero camino bien.,0,2,1
"veo bientambienoigo bien, por otro lado tengo hipermovilidad.",1,1,2
"no soporto las luces brillantes, por otro lado sin problemas de movilidad.",2,1,1
no soporto las luces brillantes - tengo audicion nula aunque tengo tics motores.,2,0,2
uso baston para ciegos ademas los sonidos agudos me dan dolor de cabeza. no me puedo quedar quieto.,0,2,2
tengo hipersensibilidad a la luz,2,1,1
tengo hipersensibilidad auditiva,1,2,1
tengo vision normal y ando en silla de ruedas.,1,1,0
no soporto las luces brillantes pero soy muy lento caminando.,2,1,0
tengo dolor ocular ademas oigo muy mal y camino muy lento.,0,0,0
oido demasiado fino,1,2,1
veo perfectamente aunque estoy inmovilizado.,1,1,0
veo destellos constantementeo sealos ruidos fuertes me aturden. demasiado veloz.,2,2,2
veo perfectamenteo seano puedo mover las piernas.,1,1,0
"tengo hipersensibilidad a la luz ademas tengo un tapon, tengo movilidad muy reducida.",2,0,0
los brillos me hacen daño en los ojos - no soporto el volumen altotambientengo exceso de movimiento.,2,2,2
no oigo nada,1,0,1
uso gafas para leer - camino bien.,1,1,1
tengo vision nula pero uso lenguaje de señas pero me muevo con normalidad.,0,0,1
"tengo fotofobia, estoy inmovilizado.",2,1,0
no soporto las luces brillantes aunque los sonidos agudos me dan dolor de cabeza ademas soy hiperactivo.,2,2,2
uso lenguaje de señas,1,0,1
"me duelen los ojos, por otro lado tengo audicion normalo seacamino perfectamente.",0,1,1
hiper vision pero escucho las conversaciones sin problematambienpuedo andar sin problemas.,2,1,1
veo destellos constantemente y camino bien.,2,1,1
oigo lo normal,1,1,1
"no tengo problemas oculares, por otro lado oido demasiado finotambiensoy hiperactivo.",1,2,2
"super vision, mi oido es normal pero puedo caminar y correr.",2,1,1
"veo lo necesario y oido muy fino, ando en silla de ruedas.",1,2,0
oigo muy mal,1,0,1
veo bien. no puedo mover las piernas.,1,1,0
me molesta mucho la luz. oido demasiado finotambiensoy muy lento caminando.,2,2,0
mi agudeza visual es promedio - escucho perfectamente ademas camino perfectamente.,1,1,1
"no veo en absoluto ademas uso lenguaje de señas, por otro lado me cuesta mucho caminar.",0,0,0
camino perfectamente,1,1,1
"no soporto las luces brillantes, por otro lado mi movilidad es normal.",2,1,1
me molesta mucho la luz y mi movilidad es normal.,2,1,1
he perdido el ojo derecho,0,1,1
no tengo problemas oculares aunque mi movilidad es normal.,1,1,1
mis ojos estan inflamados y dueleno seano escucho nada - camino perfectamente.,0,0,1
veo destellos constantemente,2,1,1
no tengo problemas oculares aunque escucho todo muy apagado - tengo exceso de movimiento.,1,0,2
mi vista es normal,1,1,1
"no veo en absolutoo seasin problemas de oido, voy en baston.",0,1,0
"hiper vision - oido demasiado fino, tengo necesidad constante de moverme.",2,2,2
"tengo fotofobia, los ruidos fuertes me aturden. mi movilidad es normal.",2,2,1
me cuesta mucho caminar,1,1,0
tengo vision normaltambiensuper oidoo seano puedo estar sentado mucho tiempo.,1,2,2
puedo caminar y correr,1,1,1
veo perfectamentetambienno puedo mover las piernas.,1,1,0
me molesta mucho la luz ademas no me puedo mover.,2,1,0
me molesta mucho la luz,2,1,1
mis ojos estan inflamados y duelen aunque oigo muy mal aunque tengo tics motores.,0,0,2
tengo muy poca audicion,1,0,1
no escucho nada,1,0,1
"veo bien, por otro lado oigo muy mal ademas soy hiperactivo.",1,0,2
no tengo problemas oculares y no soporto el volumen alto aunque camino bien.,1,2,1
veo destellos constantemente pero no soporto el volumen alto. soy paralitico.,2,2,0
he perdido el ojo izquierdo,0,1,1
me molesta mucho la luz ademas no escucho en absolutotambientengo necesidad constante de moverme.,2,0,2
ceguera absoluta y escucho las conversaciones sin problema - puedo andar sin problemas.,0,1,1
veo lo necesariotambienpuedo andar sin problemas.,1,1,1
veo bien ademas escucho los ruidos demasiado fuertes y me cuesta mucho caminar.,1,2,0
oigo muy mal,1,0,1
"veo bien, por otro lado mi movilidad es normal.",1,1,1
oigo muy mal,1,0,1
soy ciego,0,1,1
la luz me deslumbra demasiadoo seatengo dificultad para andar.,2,1,0
veo destellos constantemente - oido muy fino - tengo problemas al caminar.,2,2,0
escucho perfectamente,1,1,1
siento dolor en los ojos aunque camino bien.,0,1,1
veo destellos constantemente - mi oido es normal aunque estoy inmovilizado.,2,1,0
me molesta mucho la luz pero sin problemas de movilidad.,2,1,1
los brillos me hacen daño en los ojoso seasin problemas de oido pero tengo problemas al caminar.,2,1,0
"llevo lentillas y veo bien, tengo audicion normal. ando en silla de ruedas.",1,1,0
veo bieno seatengo problemas al caminar.,1,1,0
tengo vision normal,1,1,1
los sonidos agudos me dan dolor de cabeza,1,2,1
me molesta mucho la luz. tengo hipersensibilidad auditivatambientengo problemas al caminar.,2,2,0
uso baston para ciegos aunque no escucho en absoluto aunque soy muy lento caminando.,0,0,0
no veo en absoluto aunque mi oido es normal. camino bien.,0,1,1
uso baston para ciegos,0,1,1
"llevo lentillas y veo bien, oigo lo normalo seasoy muy lento caminando.",1,1,0
uso gafas para leer pero tengo hiperacusia. soy paraplejico.,1,2,0
me duele el ojo izquierdo. tengo hipermovilidad.,0,1,2
me duelen los ojos pero tengo audicion normal ademas puedo andar sin problemas.,0,1,1
"ceguera absolutao seaoido muy fino, por otro lado camino bien.",0,2,1
ceguera absoluta. tengo sordera y demasiado veloz.,0,0,2
me duelen los ojoso seaoigo lo normal aunque soy hiperactivo.,0,1,2
los brillos me hacen daño en los ojos pero tengo audicion nula - soy hiperactivo.,2,0,2
soy ciego ademas uso lenguaje de señas pero tengo tics motores.,0,0,2
no tengo problemas ocularestambienpuedo andar sin problemas.,1,1,1
no soporto las luces brillanteso seame muevo compulsivamente.,2,1,2
estoy ciego y puedo andar sin problemas.,0,1,1
he perdido el ojo izquierdo ademas tengo un tapontambienpuedo caminar y correr.,0,0,1
"los brillos me hacen daño en los ojos, por otro lado oido demasiado fino - tengo problemas al caminar.",2,2,0
veo lo necesario,1,1,1
veo perfectamentetambienescucho todo muy apagadotambientengo inquietud motora extrema.,1,0,2
uso baston para ciegos. los ruidos fuertes me aturdentambienpuedo caminar y correr.,0,2,1
super visiontambienescucho las conversaciones sin problema ademas voy en baston.,2,1,0
tengo vision normal. sin problemas de movilidad.,1,1,1
escucho perfectamente,1,1,1
me duele el ojo derechoo seatengo un tapon aunque camino muy lento.,0,0,0
llevo lentillas y veo bien,1,1,1
los brillos me hacen daño en los ojos ademas los sonidos agudos me dan dolor de cabeza ademas soy muy lento caminando.,2,2,0
he perdido el ojo derecho - me cuesta mucho caminar.,0,1,0
mi oido es normal,1,1,1
veo destellos constantemente y no escucho nada ademas no me puedo quedar quieto.,2,0,2
"super vision ademas tengo sordera, camino bien.",2,0,1
mi vista es normal pero tengo un oido demasiado sensible aunque camino muy lento.,1,2,0
"veo lo necesario, por otro lado tengo hipersensibilidad al ruidotambienme muevo con normalidad.",1,2,1
siento dolor en los ojos y soy paraplejico.,0,1,0
"me duele el ojo derecho - tengo un oido demasiado sensible, tengo problemas al caminar.",0,2,0
tengo movilidad muy reducida,1,1,0
tengo sensibilidad extrema a la luz aunque tengo hiperacusia aunque me muevo compulsivamente.,2,2,2
tengo vision normal aunque oido demasiado fino. camino bien.,1,2,1
me duelen los ojos al mirar y uso lenguaje de señastambienpuedo caminar y correr.,0,0,1
no soporto abrir los ojos del dolor aunque tengo sordera profunda - me muevo compulsivamente.,0,0,2
mi vista es normalo seatengo hipersensibilidad al ruidotambiensoy hiperactivo.,1,2,2
no veo en absoluto,0,1,1
tengo audicion nula,1,0,1
tengo hipersensibilidad visual pero oigo lo normal ademas sin problemas de movilidad.,2,1,1
"tengo hipersensibilidad visual, por otro lado oigo bien ademas ando con muletas.",2,1,0
hiper vision,2,1,1
llevo lentillas y veo bien y soy sordo aunque tengo necesidad constante de moverme.,1,0,2
tengo hiperactividad,1,1,2
la luz me deslumbra demasiado pero oigo bien y puedo caminar y correr.,2,1,1
soy hiperactivo,1,1,2
super vision,2,1,1
no tengo problemas oculares pero soy sordo aunque no me puedo quedar quieto.,1,0,2
"tengo sensibilidad extrema a la luz, no escucho en absoluto - puedo caminar y correr.",2,0,1
me molesta mucho la luz. me muevo compulsivamente.,2,1,2
mi oido es normal,1,1,1
perdi los ojos,0,1,1
no tengo problemas oculares aunque tengo hipersensibilidad al ruido aunque tengo hipermovilidad.,1,2,2
"tengo muy poca vision, tengo hiperacusiatambiencamino bien.",0,2,1
llevo lentillas y veo bien - tengo hipersensibilidad al ruidotambienme muevo compulsivamente.,1,2,2
"veo bien, por otro lado tengo sordera profunda pero mi movilidad es normal.",1,0,1
estoy ciego - escucho los ruidos demasiado fuertes y no puedo mover las piernas.,0,2,0
me muevo compulsivamente,1,1,2
hiper vision y tengo tics motores.,2,1,2
veo lo necesariotambienno puedo estar sentado mucho tiempo.,1,1,2
"tengo vision nula, por otro lado tengo sordera profundatambienestoy inmovilizado.",0,0,0
"tengo vision normal, no soporto el volumen alto, por otro lado camino perfectamente.",1,2,1
"tengo fotofobia, los sonidos agudos me dan dolor de cabeza pero camino perfectamente.",2,2,1
tengo hiperacusia,1,2,1
perdi la vista - los sonidos agudos me dan dolor de cabeza pero me muevo con normalidad.,0,2,1
tengo fotofobia ademas los sonidos agudos me dan dolor de cabezatambienpuedo andar sin problemas.,2,2,1
veo lo necesario. oido muy fino y sin problemas de movilidad.,1,2,1
super vision,2,1,1
siento dolor en los ojos aunque tengo exceso de movimiento.,0,1,2
veo bien aunque tengo hipersensibilidad al ruido ademas sin problemas de movilidad.,1,2,1
tengo vision normal aunque camino muy lento.,1,1,0
perdi la vista,0,1,1
"la luz me deslumbra demasiado, no escucho nada - mi movilidad es normal.",2,0,1
los brillos me hacen daño en los ojos ademas tengo necesidad constante de moverme.,2,1,2
super vision - tengo un oido demasiado sensible pero sin problemas de movilidad.,2,2,1
"veo perfectamente, por otro lado sin problemas de oido, por otro lado estoy inmovilizado.",1,1,0
"veo bien, por otro lado oido demasiado finoo seami movilidad es normal.",1,2,1
mi vista es normal,1,1,1
me molestan mucho los ruidos,1,2,1
mis ojos estan inflamados y duelen,0,1,1
la luz me deslumbra demasiadoo seatengo hipermovilidad.,2,1,2
"tengo sensibilidad extrema a la luz, por otro lado tengo un oido demasiado sensible pero no puedo caminar.",2,2,0
sin problemas de oido,1,1,1
"mi agudeza visual es promediotambienlos sonidos agudos me dan dolor de cabeza, por otro lado tengo hiperactividad.",1,2,2
me molesta mucho la luzo seatengo hipersensibilidad auditivatambienpuedo caminar y correr.,2,2,1
tengo sensibilidad extrema a la luz - mi oido es normalo seapuedo caminar y correr.,2,1,1
llevo lentillas y veo bien,1,1,1
me duelen los ojoso seasoy hiperactivo.,0,1,2
super vision y soy sordo y puedo caminar y correr.,2,0,1
veo lo necesario aunque me muevo con normalidad.,1,1,1
los brillos me hacen daño en los ojostambienescucho perfectamente aunque me cuesta mucho caminar.,2,1,0
"veo destellos constantemente, escucho perfectamente - camino perfectamente.",2,1,1
camino perfectamente,1,1,1
camino muy lento,1,1,0
estoy ciego,0,1,1
"no veo nada, por otro lado tengo un oido demasiado sensible, camino muy lento.",0,2,0
"tengo vision nula, tengo audicion normal - me muevo con normalidad.",0,1,1
soy paraplejico,1,1,0
tengo inquietud motora extrema,1,1,2
camino muy lento,1,1,0
soy ciego,0,1,1
"tengo vision normal, por otro lado sin problemas de movilidad.",1,1,1
no tengo problemas oculares,1,1,1
tengo dolor ocular aunque tengo movilidad muy reducida.,0,1,0
no tengo problemas oculareso seame cuesta mucho caminar.,1,1,0
tengo hipersensibilidad visualo seaescucho las conversaciones sin problemao seano puedo estar sentado mucho tiempo.,2,1,2
no puedo estar sentado mucho tiempo,1,1,2
estoy ciego pero no puedo caminar.,0,1,0
tengo vision nula ademas escucho las conversaciones sin problema ademas soy paraplejico.,0,1,0
he perdido el ojo derechoo seasoy sordoo seatengo tics motores.,0,0,2
escucho los ruidos demasiado fuertes,1,2,1
"hiper vision. mi oido es normal, por otro lado soy muy lento caminando.",2,1,0
veo perfectamente y tengo hiperactividad.,1,1,2
sin problemas de vista - tengo sordera profunda y estoy inmovilizado.,1,0,0
me duelen los ojos permanentemente,0,1,1
oigo lo normal,1,1,1
tengo sensibilidad extrema a la luz y tengo tics motores.,2,1,2
me duelen los ojos y soy hiperactivo.,0,1,2
"mi agudeza visual es promediotambienescucho las conversaciones sin problema, tengo hipermovilidad.",1,1,2
me duelen los ojos al mirar,0,1,1
llevo lentillas y veo bien,1,1,1
"uso gafas para leer, me molestan mucho los ruidos y camino bien.",1,2,1
super vision,2,1,1
sin problemas de vista y escucho los ruidos demasiado fuertes. sin problemas de movilidad.,1,2,1
tengo muy poca vision. mi movilidad es normal.,0,1,1
"la luz me deslumbra demasiado, por otro lado camino muy lento.",2,1,0
no soporto las luces brillantes. puedo andar sin problemas.,2,1,1
uso lenguaje de señas,1,0,1
tengo un oido demasiado sensible,1,2,1
"me duele el ojo izquierdo, tengo sordera ademas tengo hiperactividad.",0,0,2
sin problemas de vista y no soporto el volumen alto ademas tengo hiperactividad.,1,2,2
tengo hipersensibilidad al ruido,1,2,1
sin problemas de movilidad,1,1,1
mi vista es normaltambientengo un tapon - mi movilidad es normal.,1,0,1
tengo sordera,1,0,1
no soporto las luces brillantestambientengo hiperactividad.,2,1,2
llevo lentillas y veo bieno seauso lenguaje de señas ademas tengo inquietud motora extrema.,1,0,2
sin problemas de movilidad,1,1,1
super vision ademas mi movilidad es normal.,2,1,1
super oido,1,2,1
no puedo mover las piernas,1,1,0
"veo bien y oigo bien, por otro lado tengo problemas al caminar.",1,1,0
"tengo hipersensibilidad a la luz, escucho perfectamente - camino muy lento.",2,1,0
tengo hipermovilidad,1,1,2
veo destellos constantemente,2,1,1
soy hiperactivo,1,1,2
no tengo problemas ocularestambienpuedo andar sin problemas.,1,1,1
puedo caminar y correr,1,1,1
tengo muy poca vision,0,1,1
mi agudeza visual es promedio. soy paralitico.,1,1,0
"llevo lentillas y veo bien, no soporto el volumen alto y demasiado veloz.",1,2,2
tengo vision nula aunque oido muy fino - tengo hiperactividad.,0,2,2
me duelen los ojos permanentemente. oigo muy mal - mi movilidad es normal.,0,0,1
"veo muy mal, por otro lado oido muy finotambienme cuesta mucho caminar.",0,2,0
ando en silla de ruedas,1,1,0
puedo caminar y correr,1,1,1
tengo dolor ocular aunque me molestan mucho los ruidos y tengo exceso de movimiento.,0,2,2
uso gafas para leer ademas los sonidos agudos me dan dolor de cabeza aunque no puedo estar sentado mucho tiempo.,1,2,2
tengo audicion normal,1,1,1
"veo lo necesario, sin problemas de oido pero sin problemas de movilidad.",1,1,1
uso gafas para leer,1,1,1
siento dolor en los ojos pero tengo tics motores.,0,1,2
puedo andar sin problemas,1,1,1
camino perfectamente,1,1,1
me cuesta mucho caminar,1,1,0
"los brillos me hacen daño en los ojos, tengo movilidad muy reducida.",2,1,0
"tengo dolor constante en los ojos, puedo andar sin problemas.",0,1,1
uso baston para ciegos ademas no me puedo quedar quieto.,0,1,2
no escucho nada,1,0,1
no tengo problemas oculares aunque los ruidos fuertes me aturden. tengo hiperactividad.,1,2,2
veo destellos constantementetambienescucho las conversaciones sin problema ademas camino perfectamente.,2,1,1
camino perfectamente,1,1,1
veo muy mal,0,1,1
veo lo necesario - tengo audicion normal aunque ando con muletas.,1,1,0
tengo un oido demasiado sensible,1,2,1
oido demasiado fino,1,2,1
tengo hiperacusia,1,2,1
sin problemas de vista. escucho perfectamenteo seame muevo compulsivamente.,1,1,2
no soporto las luces brillantes ademas sin problemas de oido y ando en silla de ruedas.,2,1,0
"super vision - oido muy fino, por otro lado no puedo estar sentado mucho tiempo.",2,2,2
"tengo hipersensibilidad visual - no escucho nada, soy muy lento caminando.",2,0,0
tengo vision normal. no soporto el volumen altotambiencamino perfectamente.,1,2,1
"estoy ciego aunque tengo audicion normal, por otro lado tengo problemas al caminar.",0,1,0
me cuesta mucho caminar,1,1,0
no tengo problemas oculares ademas tengo hipersensibilidad al ruido - ando con muletas.,1,2,0
me duele el ojo derecho - camino bien.,0,1,1
mi vista es normal,1,1,1
"me duelen los ojos ademas mi oido es normal, por otro lado camino muy lento.",0,1,0
tengo tics motores,1,1,2
tengo problemas en la vista,0,1,1
tengo audicion nula,1,0,1
tengo hipersensibilidad visual ademas oido demasiado finoo seasoy paraplejico.,2,2,0
mis ojos estan inflamados y duelen,0,1,1
tengo problemas en la vista y tengo sordera profunda ademas tengo hipermovilidad.,0,0,2
tengo vision normal,1,1,1
"no soporto abrir los ojos del dolor, tengo tics motores.",0,1,2
veo bien ademas puedo andar sin problemas.,1,1,1
tengo problemas en la vistao seatengo problemas al caminar.,0,1,0
oigo lo normal,1,1,1
tengo vision nula y no soporto el volumen alto. puedo andar sin problemas.,0,2,1
me molesta mucho la luz,2,1,1
"me duelen los ojos permanentemente, soy sordo - puedo andar sin problemas.",0,0,1
no soporto abrir los ojos del dolor,0,1,1
tengo un tapon,1,0,1
"no soporto las luces brillantes, por otro lado tengo un oido demasiado sensible - mi movilidad es normal.",2,2,1
no escucho en absoluto,1,0,1
"siento dolor en los ojos, por otro lado tengo hipersensibilidad auditiva - demasiado veloz.",0,2,2
"la luz me deslumbra demasiado, por otro lado me molestan mucho los ruidos - me muevo con normalidad.",2,2,1
"mi vista es normal, por otro lado tengo hipersensibilidad al ruidoo seasoy muy lento caminando.",1,2,0
veo destellos constantemente pero me muevo con normalidad.,2,1,1
oigo bien,1,1,1
los brillos me hacen daño en los ojos - escucho las conversaciones sin problemao seano me puedo quedar quieto.,2,1,2
"tengo vision normal y mi oido es normal, por otro lado camino bien.",1,1,1
estoy ciegotambienoigo bientambienme muevo compulsivamente.,0,1,2
no escucho en absoluto,1,0,1
no veo nada aunque camino muy lento.,0,1,0
"me duelen los ojos aunque tengo un oido demasiado sensible, por otro lado no puedo mover las piernas.",0,2,0
"tengo fotofobia, por otro lado tengo audicion nula ademas tengo hipermovilidad.",2,0,2
sin problemas de oido,1,1,1
me muevo con normalidad,1,1,1
mi agudeza visual es promedio - camino perfectamente.,1,1,1
tengo hipersensibilidad a la luz aunque no escucho en absolutotambiensoy hiperactivo.,2,0,2
hiper visiontambienno puedo estar sentado mucho tiempo.,2,1,2
hiper vision y oigo muy malo seano puedo estar sentado mucho tiempo.,2,0,2
siento dolor en los ojostambiensin problemas de movilidad.,0,1,1
llevo lentillas y veo bien ademas sin problemas de oido ademas voy en baston.,1,1,0
no tengo problemas ocularestambienoigo lo normalo seasin problemas de movilidad.,1,1,1
tengo dolor constante en los ojos - tengo exceso de movimiento.,0,1,2
"no soporto las luces brillantes aunque no escucho en absoluto, por otro lado no puedo estar sentado mucho tiempo.",2,0,2
super vision pero tengo hiperacusia pero tengo movilidad muy reducida.,2,2,0
oigo lo normal,1,1,1
perdi los ojoso seatengo sorderao seaestoy inmovilizado.,0,0,0
"no soporto las luces brillantes, tengo sorderao seami movilidad es normal.",2,0,1
no tengo problemas oculares,1,1,1
mi agudeza visual es promedioo seauso lenguaje de señas ademas no me puedo quedar quieto.,1,0,2
"la luz me deslumbra demasiado. escucho los ruidos demasiado fuertes, por otro lado camino bien.",2,2,1
perdi los ojos,0,1,1
mi vista es normal. puedo caminar y correr.,1,1,1
"veo perfectamentetambienno oigo nada, tengo exceso de movimiento.",1,0,2
oigo lo normal,1,1,1
sin problemas de oido,1,1,1
"sin problemas de vista, por otro lado demasiado veloz.",1,1,2
siento dolor en los ojos aunque los ruidos fuertes me aturdentambiensoy hiperactivo.,0,2,2
veo bien,1,1,1
ando con muletas,1,1,0
ceguera absoluta. demasiado veloz.,0,1,2
hiper vision pero tengo audicion normalo seano me puedo mover.,2,1,0
"sin problemas de vista, sin problemas de movilidad.",1,1,1
he perdido el ojo izquierdo y escucho las conversaciones sin problema ademas voy en baston.,0,1,0
super vision ademas oigo lo normal ademas soy muy lento caminando.,2,1,0
veo muy maltambiensoy paraplejico.,0,1,0
"tengo fotofobia, por otro lado ando en silla de ruedas.",2,1,0
tengo sensibilidad extrema a la luz ademas camino perfectamente.,2,1,1
no puedo caminar,1,1,0
veo destellos constantemente pero me molestan mucho los ruidos pero puedo andar sin problemas.,2,2,1
sin problemas de vista ademas tengo movilidad muy reducida.,1,1,0
tengo vision normal ademas los ruidos fuertes me aturden aunque soy paraplejico.,1,2,0
mi vista es normal y oigo lo normal - soy hiperactivo.,1,1,2
tengo dolor constante en los ojos. puedo caminar y correr.,0,1,1
me molesta mucho la luz aunque escucho perfectamente pero tengo hipermovilidad.,2,1,2
tengo vision nula y no soporto el volumen alto aunque tengo movilidad muy reducida.,0,2,0
no tengo problemas oculares - oigo lo normalo seasin problemas de movilidad.,1,1,1
mis ojos estan inflamados y duelentambientengo exceso de movimiento.,0,1,2
la luz me deslumbra demasiado y sin problemas de oido. me cuesta mucho caminar.,2,1,0
llevo lentillas y veo bien y escucho todo muy apagado aunque sin problemas de movilidad.,1,0,1
veo destellos constantemente - tengo hipersensibilidad al ruido aunque voy en baston.,2,2,0
escucho perfectamente,1,1,1
sin problemas de movilidad,1,1,1
veo lo necesario y escucho las conversaciones sin problema - ando con muletas.,1,1,0
"super vision, los sonidos agudos me dan dolor de cabeza. sin problemas de movilidad.",2,2,1
"ceguera absoluta, por otro lado uso lenguaje de señas, por otro lado camino perfectamente.",0,0,1
mi movilidad es normal,1,1,1
estoy ciego aunque tengo problemas al caminar.,0,1,0
veo perfectamente pero camino perfectamente.,1,1,1
tengo fotofobiao seami oido es normal. mi movilidad es normal.,2,1,1
tengo fotofobia. puedo andar sin problemas.,2,1,1
veo perfectamente pero oigo bieno seame muevo compulsivamente.,1,1,2
mi vista es normal ademas tengo audicion normalo seatengo hiperactividad.,1,1,2
llevo lentillas y veo bien ademas voy en baston.,1,1,0
tengo fotofobiatambienoigo lo normalo seame muevo con normalidad.,2,1,1
no puedo estar sentado mucho tiempo,1,1,2
me molesta mucho la luz - mi oido es normal. ando con muletas.,2,1,0
he perdido el ojo derecho,0,1,1
tengo hipersensibilidad a la luz,2,1,1
puedo andar sin problemas,1,1,1
tengo vision nula aunque tengo hipersensibilidad al ruido aunque tengo hiperactividad.,0,2,2
tengo sordera,1,0,1
no escucho nada,1,0,1
tengo hipersensibilidad a la luz. sin problemas de oido aunque no me puedo quedar quieto.,2,1,2
oigo lo normal,1,1,1
sin problemas de movilidad,1,1,1
"los brillos me hacen daño en los ojos, escucho los ruidos demasiado fuertes pero puedo andar sin problemas.",2,2,1
uso gafas para leer. los ruidos fuertes me aturden pero sin problemas de movilidad.,1,2,1
hiper vision y tengo exceso de movimiento.,2,1,2
oigo bien,1,1,1
tengo hipersensibilidad a la luz y escucho perfectamente aunque demasiado veloz.,2,1,2
tengo hipersensibilidad a la luz,2,1,1
mi vista es normal pero tengo audicion normaltambiensoy paralitico.,1,1,0
veo lo necesario aunque tengo sordera y ando en silla de ruedas.,1,0,0
tengo inquietud motora extrema,1,1,2
camino bien,1,1,1
soy muy lento caminando,1,1,0
tengo hipersensibilidad visual pero tengo audicion nula pero me cuesta mucho caminar.,2,0,0
tengo sensibilidad extrema a la luztambientengo hiperacusiao seacamino bien.,2,2,1
"veo todo muy borroso, tengo un oido demasiado sensible. estoy inmovilizado.",0,2,0
no soporto las luces brillantes y demasiado veloz.,2,1,2
siento dolor en los ojostambienoigo lo normal pero puedo andar sin problemas.,0,1,1
veo bien - los ruidos fuertes me aturdeno seatengo dificultad para andar.,1,2,0
uso gafas para leer ademas escucho perfectamente pero demasiado veloz.,1,1,2
me muevo con normalidad,1,1,1
la luz me deslumbra demasiadoo seasin problemas de movilidad.,2,1,1
camino bien,1,1,1
no puedo estar sentado mucho tiempo,1,1,2
tengo problemas en la vistatambiencamino bien.,0,1,1
mi vista es normal - tengo necesidad constante de moverme.,1,1,2
"sin problemas de vista, tengo problemas al caminar.",1,1,0
no escucho en absoluto,1,0,1
perdi la vista - tengo un oido demasiado sensibleo seatengo necesidad constante de moverme.,0,2,2
mi agudeza visual es promedio ademas oido demasiado fino. mi movilidad es normal.,1,2,1
tengo problemas en la vista ademas no puedo caminar.,0,1,0
super vision,2,1,1
sin problemas de vista y escucho todo muy apagado ademas soy paraplejico.,1,0,0
puedo andar sin problemas,1,1,1
tengo un oido demasiado sensible,1,2,1
sin problemas de movilidad,1,1,1
tengo muy poca vision pero uso lenguaje de señas y soy hiperactivo.,0,0,2
me duelen los ojos ademas tengo un oido demasiado sensible pero tengo inquietud motora extrema.,0,2,2
no puedo caminar,1,1,0
soy ciego,0,1,1
tengo audicion nula,1,0,1
he perdido el ojo izquierdo. tengo muy poca audicion aunque no puedo mover las piernas.,0,0,0
no tengo problemas oculares,1,1,1
tengo ceguera total aunque sin problemas de movilidad.,0,1,1
veo bientambientengo hipermovilidad.,1,1,2
me molesta mucho la luz,2,1,1
"tengo vision normal, tengo hiperacusia ademas tengo problemas al caminar.",1,2,0
"ceguera absoluta, sin problemas de oido ademas tengo hipermovilidad.",0,1,2
tengo hipersensibilidad visual - oido muy fino ademas no me puedo mover.,2,2,0
sin problemas de oido,1,1,1
tengo audicion nula,1,0,1
"me duele el ojo derecho, camino perfectamente.",0,1,1
veo lo necesario,1,1,1
mi vista es normal aunque camino bien.,1,1,1
tengo dolor constante en los ojos,0,1,1
camino perfectamente,1,1,1
"mi agudeza visual es promedio, tengo movilidad muy reducida.",1,1,0
tengo vision normal pero oido demasiado fino y me muevo compulsivamente.,1,2,2
mis ojos estan inflamados y duelen aunque soy hiperactivo.,0,1,2
tengo vision normaltambiensoy hiperactivo.,1,1,2
mi movilidad es normal,1,1,1
camino perfectamente,1,1,1
"mi agudeza visual es promedio - no soporto el volumen alto, camino muy lento.",1,2,0
mi vista es normal y soy sordotambienvoy en baston.,1,0,0
siento dolor en los ojos aunque tengo inquietud motora extrema.,0,1,2
tengo dificultad para andar,1,1,0
me duelen los ojos permanentemente. tengo tics motores.,0,1,2
me molesta mucho la luz - me muevo con normalidad.,2,1,1
"tengo fotofobia, por otro lado tengo hipersensibilidad al ruido pero tengo hipermovilidad.",2,2,2
veo lo necesario pero oido muy fino - camino muy lento.,1,2,0
veo bien. uso lenguaje de señas. tengo hipermovilidad.,1,0,2
escucho todo muy apagado,1,0,1
he perdido el ojo izquierdotambienlos ruidos fuertes me aturden - me muevo compulsivamente.,0,2,2
"super vision pero tengo sordera, por otro lado no puedo mover las piernas.",2,0,0
escucho las conversaciones sin problema,1,1,1
puedo caminar y correr,1,1,1
tengo vision normal pero ando con muletas.,1,1,0
soy paraplejico,1,1,0
me duelen los ojos permanentementeo seami movilidad es normal.,0,1,1
"me duelen los ojos al mirar, por otro lado no escucho en absoluto. no me puedo quedar quieto.",0,0,2
tengo dolor constante en los ojos pero tengo muy poca audicion ademas soy paraplejico.,0,0,0
"soy ciego, por otro lado oigo lo normal, soy paralitico.",0,1,0
mi agudeza visual es promedio pero tengo hipersensibilidad auditiva aunque sin problemas de movilidad.,1,2,1
tengo dolor oculartambienme muevo con normalidad.,0,1,1
me muevo con normalidad,1,1,1
"la luz me deslumbra demasiado aunque no soporto el volumen alto, tengo problemas al caminar.",2,2,0
veo lo necesario. tengo sordera pero camino perfectamente.,1,0,1
tengo problemas en la vista ademas oido muy fino aunque mi movilidad es normal.,0,2,1
mis ojos estan inflamados y duelen,0,1,1
oigo bien,1,1,1
me cuesta mucho caminar,1,1,0
me muevo con normalidad,1,1,1
los brillos me hacen daño en los ojostambientengo audicion normal y no me puedo mover.,2,1,0
tengo sensibilidad extrema a la luz - mi oido es normal. no puedo mover las piernas.,2,1,0
estoy ciego pero soy hiperactivo.,0,1,2
he perdido el ojo izquierdo,0,1,1
tengo sensibilidad extrema a la luz aunque super oido pero no puedo estar sentado mucho tiempo.,2,2,2
tengo problemas en la vistatambienno soporto el volumen alto pero sin problemas de movilidad.,0,2,1
ceguera absoluta pero escucho las conversaciones sin problemao seatengo exceso de movimiento.,0,1,2
no soporto las luces brillantes - tengo dificultad para andar.,2,1,0
camino perfectamente,1,1,1
la luz me deslumbra demasiado pero uso lenguaje de señas aunque estoy inmovilizado.,2,0,0
tengo dolor constante en los ojos pero tengo problemas al caminar.,0,1,0
mi vista es normaltambienlos sonidos agudos me dan dolor de cabeza y tengo movilidad muy reducida.,1,2,0
"no soporto las luces brillantes, por otro lado mi oido es normal y tengo problemas al caminar.",2,1,0
sin problemas de vista,1,1,1
"mi vista es normal. oido demasiado fino, por otro lado estoy inmovilizado.",1,2,0
"hiper vision, por otro lado tengo hiperacusia - puedo caminar y correr.",2,2,1
puedo caminar y correr,1,1,1
tengo sordera,1,0,1
tengo hipersensibilidad a la luz. puedo caminar y correr.,2,1,1
mi vista es normal y no escucho nadatambienme muevo con normalidad.,1,0,1
"siento dolor en los ojoso seame molestan mucho los ruidos, por otro lado tengo hiperactividad.",0,2,2
"no tengo problemas oculares, por otro lado camino bien.",1,1,1
camino muy lento,1,1,0
me muevo con normalidad,1,1,1
tengo sensibilidad extrema a la luzo seame muevo con normalidad.,2,1,1
sin problemas de oido,1,1,1
"no soporto las luces brillantes, por otro lado escucho los ruidos demasiado fuertes ademas tengo tics motores.",2,2,2
"mi vista es normal, tengo tics motores.",1,1,2
tengo inquietud motora extrema,1,1,2
tengo problemas en la vista,0,1,1
perdi la vista - me muevo con normalidad.,0,1,1
veo destellos constantementetambientengo tics motores.,2,1,2
"me molesta mucho la luzo seaoigo bien, por otro lado demasiado veloz.",2,1,2
mi agudeza visual es promediotambientengo hiperactividad.,1,1,2
no tengo problemas oculares aunque oigo bien pero tengo necesidad constante de moverme.,1,1,2
soy paralitico,1,1,0
veo bien,1,1,1
veo bieno seame muevo compulsivamente.,1,1,2
tengo un oido demasiado sensible,1,2,1
veo lo necesario y los ruidos fuertes me aturden - soy hiperactivo.,1,2,2
tengo fotofobiao seatengo un tapon - tengo tics motores.,2,0,2
"hiper vision, oido muy finoo seatengo hipermovilidad.",2,2,2
"tengo hipersensibilidad a la luz aunque tengo sordera, por otro lado me muevo con normalidad.",2,0,1
tengo hipersensibilidad al ruido,1,2,1
uso baston para ciegos,0,1,1
veo destellos constantemente aunque camino perfectamente.,2,1,1
no soporto abrir los ojos del doloro seaescucho perfectamenteo seasoy muy lento caminando.,0,1,0
super visiontambientengo exceso de movimiento.,2,1,2
me molestan mucho los ruidos,1,2,1
super visiono seano oigo nada y puedo caminar y correr.,2,0,1
me duelen los ojos permanentemente aunque tengo inquietud motora extrema.,0,1,2
me cuesta mucho caminar,1,1,0
mi oido es normal,1,1,1
"tengo dolor oculartambientengo sordera, por otro lado soy hiperactivo.",0,0,2
tengo dolor ocular aunque me molestan mucho los ruidostambienme muevo con normalidad.,0,2,1
demasiado veloz,1,1,2
tengo hipersensibilidad visualtambientengo exceso de movimiento.,2,1,2
tengo hipersensibilidad a la luz,2,1,1
"me duelen los ojos, por otro lado me molestan mucho los ruidos aunque mi movilidad es normal.",0,2,1
"super vision, me muevo con normalidad.",2,1,1
tengo audicion nula,1,0,1
demasiado veloz,1,1,2
uso gafas para leer. oigo bientambiencamino muy lento.,1,1,0
me duelen los ojos permanentemente aunque no soporto el volumen alto pero tengo problemas al caminar.,0,2,0
tengo sensibilidad extrema a la luztambiencamino bien.,2,1,1
llevo lentillas y veo bientambienoigo muy maltambientengo exceso de movimiento.,1,0,2
"tengo fotofobia, por otro lado tengo audicion normal ademas no puedo estar sentado mucho tiempo.",2,1,2
veo perfectamente,1,1,1
veo lo necesario,1,1,1
veo perfectamente,1,1,1
uso lenguaje de señas,1,0,1
tengo hipersensibilidad a la luz pero sin problemas de movilidad.,2,1,1
veo perfectamente aunque oigo bientambienmi movilidad es normal.,1,1,1
mi vista es normaltambientengo hipersensibilidad al ruido pero me muevo con normalidad.,1,2,1
veo todo muy borroso aunque no soporto el volumen alto. no puedo estar sentado mucho tiempo.,0,2,2
demasiado veloz,1,1,2
tengo fotofobia pero puedo andar sin problemas.,2,1,1
sin problemas de vistao seame muevo con normalidad.,1,1,1
demasiado veloz,1,1,2
escucho las conversaciones sin problema,1,1,1
tengo sensibilidad extrema a la luztambienuso lenguaje de señas - camino perfectamente.,2,0,1
"tengo fotofobia, por otro lado escucho perfectamentetambiensoy muy lento caminando.",2,1,0
no veo en absolutoo seame cuesta mucho caminar.,0,1,0
ceguera absoluta ademas sin problemas de movilidad.,0,1,1
tengo vision normalo seaestoy inmovilizado.,1,1,0
ceguera absolutatambiensuper oido. tengo problemas al caminar.,0,2,0
"he perdido el ojo derecho, por otro lado soy sordo, por otro lado no me puedo quedar quieto.",0,0,2
oigo muy mal,1,0,1
tengo hiperactividad,1,1,2
veo perfectamente ademas soy sordo pero soy paralitico.,1,0,0
no veo nada pero oigo lo normalo seasoy hiperactivo.,0,1,2
sin problemas de vista. tengo audicion nula aunque no puedo estar sentado mucho tiempo.,1,0,2
tengo hipersensibilidad visual ademas tengo hiperacusiao seatengo exceso de movimiento.,2,2,2
soy ciego ademas puedo caminar y correr.,0,1,1
"tengo sensibilidad extrema a la luz, por otro lado mi movilidad es normal.",2,1,1
uso gafas para leer - tengo hiperactividad.,1,1,2
"perdi los ojos, por otro lado tengo movilidad muy reducida.",0,1,0
me duele el ojo izquierdo pero escucho perfectamentetambienno puedo mover las piernas.,0,1,0
"tengo vision normal, por otro lado no escucho en absoluto - camino bien.",1,0,1
"veo lo necesario, por otro lado oido muy fino. ando en silla de ruedas.",1,2,0
me duele el ojo derechotambientengo sorderatambientengo hiperactividad.,0,0,2
mi oido es normal,1,1,1
"tengo hipersensibilidad a la luz. escucho los ruidos demasiado fuertes, por otro lado soy muy lento caminando.",2,2,0
la luz me deslumbra demasiadotambienmi movilidad es normal.,2,1,1
la luz me deslumbra demasiado ademas los sonidos agudos me dan dolor de cabeza. voy en baston.,2,2,0
uso gafas para leer pero tengo hipersensibilidad auditiva aunque puedo andar sin problemas.,1,2,1
"no veo casi nada y oigo lo normal, por otro lado camino bien.",0,1,1
no tengo problemas oculareso sealos ruidos fuertes me aturden pero tengo problemas al caminar.,1,2,0
tengo vision nula aunque ando en silla de ruedas.,0,1,0
veo bien y super oidotambientengo necesidad constante de moverme.,1,2,2
"super vision, tengo audicion nula - tengo exceso de movimiento.",2,0,2
"super vision, por otro lado camino bien.",2,1,1
camino muy lento,1,1,0
tengo movilidad muy reducida,1,1,0
"ceguera absoluta ademas no oigo nada, estoy inmovilizado.",0,0,0
oido demasiado fino,1,2,1
super vision,2,1,1
tengo hiperacusia,1,2,1
"veo lo necesario, por otro lado tengo sordera profunda. sin problemas de movilidad.",1,0,1
mi agudeza visual es promedio aunque camino bien.,1,1,1
no tengo problemas oculares pero camino bien.,1,1,1
me duele el ojo izquierdo,0,1,1
super vision aunque escucho todo muy apagado. no me puedo mover.,2,0,0
"tengo fotofobia, camino perfectamente.",2,1,1
no tengo problemas oculares. tengo inquietud motora extrema.,1,1,2
no escucho en absoluto,1,0,1
"veo perfectamente, por otro lado sin problemas de oido, puedo andar sin problemas.",1,1,1
"no soporto las luces brillantes, no escucho en absoluto y tengo hipermovilidad.",2,0,2
mi agudeza visual es promedio - oigo lo normalo seacamino bien.,1,1,1
tengo hipersensibilidad visual,2,1,1
"tengo sensibilidad extrema a la luz, por otro lado tengo necesidad constante de moverme.",2,1,2
veo lo necesario pero uso lenguaje de señas - camino perfectamente.,1,0,1
"me molesta mucho la luz, por otro lado puedo andar sin problemas.",2,1,1
veo muy mal. me molestan mucho los ruidoso seasin problemas de movilidad.,0,2,1
tengo hipersensibilidad visual,2,1,1
mi vista es normal,1,1,1
"veo perfectamente, por otro lado oigo lo normal, por otro lado puedo caminar y correr.",1,1,1
no puedo mover las piernas,1,1,0
perdi la vista. no escucho nada. soy muy lento caminando.,0,0,0
veo destellos constantemente aunque uso lenguaje de señas. mi movilidad es normal.,2,0,1
camino perfectamente,1,1,1
puedo caminar y correr,1,1,1
escucho los ruidos demasiado fuertes,1,2,1
"no soporto abrir los ojos del dolor, no escucho en absoluto - tengo tics motores.",0,0,2
llevo lentillas y veo bien pero los ruidos fuertes me aturden ademas soy hiperactivo.,1,2,2
veo bien,1,1,1
"sin problemas de vista, por otro lado escucho los ruidos demasiado fuertes, ando en silla de ruedas.",1,2,0
me molesta mucho la luz y no me puedo quedar quieto.,2,1,2
tengo vision normal,1,1,1
tengo vision nula - tengo sordera profunda - puedo andar sin problemas.,0,0,1
no veo casi nadao seatengo un tapon aunque tengo inquietud motora extrema.,0,0,2
"uso baston para ciegos pero no escucho en absoluto, tengo inquietud motora extrema.",0,0,2
uso gafas para leer - tengo audicion normaltambiensin problemas de movilidad.,1,1,1
"super vision, por otro lado puedo andar sin problemas.",2,1,1
mi vista es normal y no me puedo quedar quieto.,1,1,2
me duelen los ojos al mirar ademas oigo muy mal - puedo andar sin problemas.,0,0,1
me duele el ojo izquierdo pero sin problemas de oido pero camino perfectamente.,0,1,1
"no soporto las luces brillantes, por otro lado camino muy lento.",2,1,0
oigo bien,1,1,1
no puedo estar sentado mucho tiempo,1,1,2
voy en baston,1,1,0
uso baston para ciegos,0,1,1
tengo vision normal,1,1,1
"super vision, por otro lado tengo hipersensibilidad auditivatambienpuedo andar sin problemas.",2,2,1
"tengo sensibilidad extrema a la luz, por otro lado no puedo caminar.",2,1,0
veo destellos constantemente,2,1,1
tengo sordera,1,0,1
me duelen los ojos al mirar - mi oido es normal - soy hiperactivo.,0,1,2
llevo lentillas y veo bien ademas no oigo nada. tengo hipermovilidad.,1,0,2
tengo hipermovilidad,1,1,2
veo todo muy borrosotambienno oigo nada ademas no me puedo mover.,0,0,0
"hiper vision, por otro lado no puedo caminar.",2,1,0
mi oido es normal,1,1,1
hiper vision,2,1,1
"no veo nada - no oigo nada, por otro lado camino bien.",0,0,1
tengo vision normal,1,1,1
sin problemas de oido,1,1,1
los brillos me hacen daño en los ojos ademas mi movilidad es normal.,2,1,1
uso gafas para leer aunque ando con muletas.,1,1,0
me duele el ojo derecho,0,1,1
me duele el ojo izquierdo,0,1,1
"tengo vision normal, me muevo con normalidad.",1,1,1
no soporto las luces brillantes pero demasiado veloz.,2,1,2
tengo sensibilidad extrema a la luz ademas me muevo con normalidad.,2,1,1
"veo bien, no escucho en absoluto ademas soy paralitico.",1,0,0
los brillos me hacen daño en los ojos. sin problemas de oido pero tengo necesidad constante de moverme.,2,1,2
sin problemas de oido,1,1,1
no puedo mover las piernas,1,1,0
"tengo sensibilidad extrema a la luz, oigo bientambientengo tics motores.",2,1,2
veo destellos constantementeo seaescucho las conversaciones sin problemao seavoy en baston.,2,1,0
tengo sensibilidad extrema a la luz ademas los ruidos fuertes me aturden - tengo hipermovilidad.,2,2,2
soy hiperactivo,1,1,2
"tengo ceguera totaltambienlos ruidos fuertes me aturden, puedo caminar y correr.",0,2,1
tengo un oido demasiado sensible,1,2,1
"tengo hipersensibilidad visualo seaoigo muy mal, puedo andar sin problemas.",2,0,1
hiper vision,2,1,1
siento dolor en los ojos aunque tengo inquietud motora extrema.,0,1,2
mi oido es normal,1,1,1
tengo vision nulatambientengo audicion nula ademas tengo inquietud motora extrema.,0,0,2
tengo vision nula,0,1,1
"no soporto las luces brillantes, no soporto el volumen alto aunque puedo andar sin problemas.",2,2,1
me molesta mucho la luz - tengo hiperactividad.,2,1,2
no escucho en absoluto,1,0,1
tengo hipersensibilidad visual,2,1,1
hiper vision pero tengo hiperacusia y puedo caminar y correr.,2,2,1
veo lo necesario ademas soy paralitico.,1,1,0
uso baston para ciegoso seatengo tics motores.,0,1,2
perdi la vista pero los ruidos fuertes me aturden - me muevo con normalidad.,0,2,1
mi vista es normaltambienmi movilidad es normal.,1,1,1
los brillos me hacen daño en los ojos ademas soy sordotambienpuedo andar sin problemas.,2,0,1
no me puedo mover,1,1,0
veo perfectamente. tengo un oido demasiado sensible pero demasiado veloz.,1,2,2
tengo fotofobiao seami oido es normal y no me puedo mover.,2,1,0
mi agudeza visual es promedio,1,1,1
super visiontambiensin problemas de oidoo seacamino perfectamente.,2,1,1
mi agudeza visual es promedio,1,1,1
soy hiperactivo,1,1,2
"los brillos me hacen daño en los ojoso seatengo muy poca audicion, por otro lado tengo inquietud motora extrema.",2,0,2
"no soporto las luces brillantes, no soporto el volumen alto. camino bien.",2,2,1
uso baston para ciegos,0,1,1
"veo muy mal. tengo hipersensibilidad auditiva, camino bien.",0,2,1
los brillos me hacen daño en los ojos,2,1,1
veo perfectamente,1,1,1
"tengo problemas en la vista, por otro lado no soporto el volumen alto aunque no me puedo quedar quieto.",0,2,2
la luz me deslumbra demasiadoo sealos sonidos agudos me dan dolor de cabeza - soy hiperactivo.,2,2,2
veo lo necesario - sin problemas de oido. tengo hiperactividad.,1,1,2
veo lo necesario,1,1,1
mi vista es normal y mi movilidad es normal.,1,1,1
tengo sordera profunda,1,0,1
la luz me deslumbra demasiado ademas no me puedo quedar quieto.,2,1,2
"mi vista es normal, por otro lado mi oido es normaltambienno me puedo mover.",1,1,0
"tengo vision normal, por otro lado soy muy lento caminando.",1,1,0
sin problemas de vista,1,1,1
no me puedo quedar quieto,1,1,2
"no soporto las luces brillantes, escucho los ruidos demasiado fuertes - tengo necesidad constante de moverme.",2,2,2
la luz me deslumbra demasiado y mi oido es normal aunque tengo tics motores.,2,1,2
super vision,2,1,1
sin problemas de movilidad,1,1,1
tengo fotofobiatambienno me puedo quedar quieto.,2,1,2
"tengo sensibilidad extrema a la luz, por otro lado me molestan mucho los ruidos ademas camino perfectamente.",2,2,1
no escucho en absoluto,1,0,1
me molesta mucho la luz y soy paraplejico.,2,1,0
estoy ciego y tengo hipermovilidad.,0,1,2
tengo hipersensibilidad al ruido,1,2,1
tengo inquietud motora extrema,1,1,2
llevo lentillas y veo bien,1,1,1
oigo bien,1,1,1
tengo inquietud motora extrema,1,1,2
tengo muy poca vision aunque oido muy fino - ando con muletas.,0,2,0
uso gafas para leer pero tengo hipermovilidad.,1,1,2
no soporto las luces brillantestambiencamino perfectamente.,2,1,1
"veo lo necesario, por otro lado tengo sordera profunda, por otro lado puedo caminar y correr.",1,0,1
"no tengo problemas oculares, por otro lado tengo sordera profunda - tengo inquietud motora extrema.",1,0,2
me duelen los ojos al mirar. camino bien.,0,1,1
veo bien aunque escucho los ruidos demasiado fuertes. voy en baston.,1,2,0
tengo tics motores,1,1,2
estoy ciego,0,1,1
camino muy lento,1,1,0
"mis ojos estan inflamados y duelen, tengo un oido demasiado sensible y tengo exceso de movimiento.",0,2,2
tengo hipersensibilidad a la luz. tengo hipermovilidad.,2,1,2
no soporto las luces brillantes,2,1,1
"no tengo problemas oculares, por otro lado escucho todo muy apagado - soy paraplejico.",1,0,0
ceguera absoluta - tengo audicion normalo seaestoy inmovilizado.,0,1,0
tengo hipersensibilidad a la luz - no escucho nadao seaestoy inmovilizado.,2,0,0
tengo hipersensibilidad visual y no soporto el volumen alto. tengo inquietud motora extrema.,2,2,2
hiper visiono seaescucho las conversaciones sin problemao seacamino muy lento.,2,1,0
no me puedo quedar quieto,1,1,2
sin problemas de vista. escucho las conversaciones sin problema - soy paralitico.,1,1,0
escucho todo muy apagado,1,0,1
no escucho en absoluto,1,0,1
oigo bien,1,1,1
soy ciego,0,1,1
no veo casi nada. me muevo con normalidad.,0,1,1
puedo caminar y correr,1,1,1
me duelen los ojos al miraro seasin problemas de oido y voy en baston.,0,1,0
veo perfectamente aunque tengo necesidad constante de moverme.,1,1,2
veo bien ademas puedo caminar y correr.,1,1,1
tengo dolor ocular,0,1,1
"los brillos me hacen daño en los ojos, por otro lado tengo un oido demasiado sensible aunque mi movilidad es normal.",2,2,1
no veo en absoluto ademas soy hiperactivo.,0,1,2
me duelen los ojos permanentemente. puedo andar sin problemas.,0,1,1
la luz me deslumbra demasiado,2,1,1
"tengo muy poca vision, oido demasiado fino aunque tengo inquietud motora extrema.",0,2,2
"sin problemas de vista, puedo caminar y correr.",1,1,1
me molestan mucho los ruidos,1,2,1
oigo lo normal,1,1,1
"veo lo necesario ademas tengo sordera, por otro lado mi movilidad es normal.",1,0,1
"me duele el ojo izquierdotambientengo audicion nula, por otro lado tengo inquietud motora extrema.",0,0,2
no tengo problemas oculareso seaoigo lo normal aunque soy paralitico.,1,1,0
"no soporto las luces brillantes, por otro lado tengo audicion normal ademas sin problemas de movilidad.",2,1,1
tengo fotofobia ademas los sonidos agudos me dan dolor de cabeza y tengo problemas al caminar.,2,2,0
"veo muy mal, por otro lado escucho perfectamente, por otro lado tengo movilidad muy reducida.",0,1,0
super vision - uso lenguaje de señas aunque soy hiperactivo.,2,0,2
la luz me deslumbra demasiadotambienescucho todo muy apagado pero voy en baston.,2,0,0
siento dolor en los ojostambientengo audicion normaltambienme muevo con normalidad.,0,1,1
"tengo problemas en la vista y tengo audicion normal, mi movilidad es normal.",0,1,1
"me duelen los ojos permanentemente, oigo muy mal ademas soy hiperactivo.",0,0,2
sin problemas de vista,1,1,1
super oido,1,2,1
veo destellos constantemente ademas demasiado veloz.,2,1,2
no escucho nada,1,0,1
puedo caminar y correr,1,1,1
me duelen los ojos permanentemente - tengo sordera profunda aunque me cuesta mucho caminar.,0,0,0
tengo fotofobiao seatengo muy poca audicion - mi movilidad es normal.,2,0,1
soy paraplejico,1,1,0
tengo hipersensibilidad a la luz y camino bien.,2,1,1
tengo hipersensibilidad al ruido,1,2,1
me molesta mucho la luz ademas no puedo estar sentado mucho tiempo.,2,1,2
uso lenguaje de señas,1,0,1
"no veo casi nada, tengo hipersensibilidad auditiva ademas camino perfectamente.",0,2,1
tengo problemas al caminar,1,1,0
no oigo nada,1,0,1
no soporto el volumen alto,1,2,1
"veo perfectamente, tengo hiperactividad.",1,1,2
me duele el ojo izquierdotambienvoy en baston.,0,1,0
"la luz me deslumbra demasiado, mi movilidad es normal.",2,1,1
no soporto las luces brillantes ademas soy paraplejico.,2,1,0
"tengo dolor ocular y no escucho nada, camino muy lento.",0,0,0
tengo fotofobia,2,1,1
hiper vision y soy sordo pero soy hiperactivo.,2,0,2
"me duelen los ojos, camino bien.",0,1,1
"me molesta mucho la luz - los sonidos agudos me dan dolor de cabeza, no puedo estar sentado mucho tiempo.",2,2,2
soy ciego,0,1,1
"tengo fotofobia, puedo andar sin problemas.",2,1,1
veo perfectamente - tengo hipersensibilidad auditivao seame cuesta mucho caminar.,1,2,0
uso gafas para leer y no puedo estar sentado mucho tiempo.,1,1,2
"uso baston para ciegos, por otro lado escucho perfectamente y tengo inquietud motora extrema.",0,1,2
"llevo lentillas y veo bien. oido demasiado fino, por otro lado camino muy lento.",1,2,0
veo perfectamentetambiencamino muy lento.,1,1,0
ceguera absolutao seatengo hiperactividad.,0,1,2
tengo inquietud motora extrema,1,1,2
tengo muy poca vision pero oigo lo normal y puedo andar sin problemas.,0,1,1
puedo andar sin problemas,1,1,1
"llevo lentillas y veo bien aunque tengo audicion normal, tengo hiperactividad.",1,1,2
"tengo problemas en la vista, no me puedo quedar quieto.",0,1,2
me molesta mucho la luz. oido demasiado fino pero me muevo compulsivamente.,2,2,2
los ruidos fuertes me aturden,1,2,1
veo lo necesarioo seatengo hipermovilidad.,1,1,2
"mi vista es normal pero tengo hipersensibilidad auditiva, por otro lado puedo caminar y correr.",1,2,1
veo muy mal y tengo sordera profunda - tengo dificultad para andar.,0,0,0
"no tengo problemas oculares, tengo audicion normal pero camino muy lento.",1,1,0
tengo problemas en la vistatambienme muevo con normalidad.,0,1,1
me cuesta mucho caminar,1,1,0
sin problemas de vista pero oigo muy malo seatengo tics motores.,1,0,2
sin problemas de vista y oigo lo normal pero soy paralitico.,1,1,0
tengo hipersensibilidad a la luztambienno puedo caminar.,2,1,0
tengo vision normal,1,1,1
no veo nada,0,1,1
uso gafas para leer ademas super oido ademas camino perfectamente.,1,2,1
escucho las conversaciones sin problema,1,1,1
super vision ademas camino bien.,2,1,1
uso lenguaje de señas,1,0,1
uso gafas para leer y tengo muy poca audicion ademas camino perfectamente.,1,0,1
"tengo hipersensibilidad a la luz, me muevo compulsivamente.",2,1,2
me molesta mucho la luz. super oido - no puedo caminar.,2,2,0
"tengo hipersensibilidad visual, tengo hipersensibilidad auditiva - sin problemas de movilidad.",2,2,1
llevo lentillas y veo bieno seacamino perfectamente.,1,1,1
mi movilidad es normal,1,1,1
"uso gafas para leer pero tengo muy poca audicion, por otro lado tengo problemas al caminar.",1,0,0
mi vista es normal - mi movilidad es normal.,1,1,1
tengo sensibilidad extrema a la luz aunque tengo audicion nulatambienvoy en baston.,2,0,0
camino perfectamente,1,1,1
camino perfectamente,1,1,1
siento dolor en los ojos pero tengo hiperactividad.,0,1,2
"veo muy maltambienme molestan mucho los ruidos, no me puedo quedar quieto.",0,2,2
llevo lentillas y veo bientambienoigo lo normal ademas soy hiperactivo.,1,1,2
uso gafas para leer. soy paraplejico.,1,1,0
camino muy lento,1,1,0
tengo hipersensibilidad auditiva,1,2,1
tengo audicion normal,1,1,1
me muevo con normalidad,1,1,1
tengo movilidad muy reducida,1,1,0
"la luz me deslumbra demasiado, por otro lado oigo lo normaltambiensin problemas de movilidad.",2,1,1
veo todo muy borrosoo seaescucho perfectamenteo seacamino perfectamente.,0,1,1
tengo vision normal,1,1,1
no oigo nada,1,0,1
super vision. me molestan mucho los ruidos y no puedo estar sentado mucho tiempo.,2,2,2
perdi la vista,0,1,1
"he perdido el ojo izquierdoo seaoigo bien, tengo exceso de movimiento.",0,1,2
veo perfectamente. estoy inmovilizado.,1,1,0
veo lo necesario,1,1,1
veo lo necesario,1,1,1
"mi agudeza visual es promedio aunque escucho perfectamente, por otro lado me muevo compulsivamente.",1,1,2
estoy ciego - escucho todo muy apagadotambienno me puedo mover.,0,0,0
no tengo problemas oculares. ando con muletas.,1,1,0
uso gafas para leer - escucho perfectamente ademas puedo andar sin problemas.,1,1,1
tengo sordera profunda,1,0,1
"mi agudeza visual es promedio aunque los ruidos fuertes me aturden, puedo andar sin problemas.",1,2,1
me duelen los ojos al mirar,0,1,1
"veo bien pero uso lenguaje de señas, por otro lado ando con muletas.",1,0,0
tengo problemas en la vista,0,1,1
tengo hipersensibilidad a la luz y voy en baston.,2,1,0
"tengo problemas en la vista ademas escucho los ruidos demasiado fuertes, por otro lado camino muy lento.",0,2,0
me molesta mucho la luztambiencamino perfectamente.,2,1,1
oido muy fino,1,2,1
mi vista es normal. me muevo compulsivamente.,1,1,2
"he perdido el ojo derecho, tengo muy poca audicion ademas puedo caminar y correr.",0,0,1
mi vista es normalo seatengo hipersensibilidad auditiva. demasiado veloz.,1,2,2
veo perfectamente,1,1,1
uso gafas para leero seacamino perfectamente.,1,1,1
llevo lentillas y veo bien. camino muy lento.,1,1,0
veo perfectamente - tengo un oido demasiado sensibletambienno puedo caminar.,1,2,0
"veo destellos constantemente, no escucho nada - tengo problemas al caminar.",2,0,0
mi movilidad es normal,1,1,1
no tengo problemas oculares aunque oigo lo normaltambienando con muletas.,1,1,0
me muevo con normalidad,1,1,1
"veo lo necesario, por otro lado oigo muy mal, puedo andar sin problemas.",1,0,1
uso baston para ciegos,0,1,1
sin problemas de vista,1,1,1
veo bien pero tengo exceso de movimiento.,1,1,2
puedo caminar y correr,1,1,1
perdi los ojos y los sonidos agudos me dan dolor de cabeza pero mi movilidad es normal.,0,2,1
camino perfectamente,1,1,1
uso baston para ciegos y camino bien.,0,1,1
tengo sensibilidad extrema a la luz y escucho las conversaciones sin problema ademas no puedo estar sentado mucho tiempo.,2,1,2
tengo tics motores,1,1,2
"tengo vision normal. escucho todo muy apagado, por otro lado soy hiperactivo.",1,0,2
me molesta mucho la luz,2,1,1
"tengo vision normalo seauso lenguaje de señas, me cuesta mucho caminar.",1,0,0
veo lo necesario aunque me molestan mucho los ruidos y soy paralitico.,1,2,0
tengo movilidad muy reducida,1,1,0
"super vision, por otro lado oido muy fino y puedo andar sin problemas.",2,2,1
mi movilidad es normal,1,1,1
uso baston para ciegos. sin problemas de oido pero tengo inquietud motora extrema.,0,1,2
los brillos me hacen daño en los ojos aunque tengo hipersensibilidad auditiva ademas mi movilidad es normal.,2,2,1
tengo hipersensibilidad visualo seano puedo estar sentado mucho tiempo.,2,1,2
tengo problemas en la vista ademas los ruidos fuertes me aturden aunque no puedo mover las piernas.,0,2,0
tengo hipermovilidad,1,1,2
llevo lentillas y veo bien y no me puedo quedar quieto.,1,1,2
uso gafas para leer aunque tengo sorderatambiensoy muy lento caminando.,1,0,0
"no veo en absoluto, por otro lado tengo inquietud motora extrema.",0,1,2
uso gafas para leer aunque mi oido es normal pero no puedo mover las piernas.,1,1,0
"llevo lentillas y veo bieno seatengo un oido demasiado sensible, tengo exceso de movimiento.",1,2,2
veo perfectamente pero tengo un oido demasiado sensible ademas no puedo estar sentado mucho tiempo.,1,2,2
no soporto las luces brillanteso seapuedo caminar y correr.,2,1,1
puedo andar sin problemas,1,1,1
"mi vista es normal, por otro lado tengo hipersensibilidad auditiva, camino bien.",1,2,1
no soporto las luces brillanteso seaestoy inmovilizado.,2,1,0
"tengo hipersensibilidad visual y oigo bien, ando en silla de ruedas.",2,1,0
"no tengo problemas oculares pero soy sordo, por otro lado tengo hiperactividad.",1,0,2
no soporto las luces brillantes ademas demasiado veloz.,2,1,2
veo lo necesario aunque sin problemas de movilidad.,1,1,1
tengo vision normal aunque los ruidos fuertes me aturden - puedo andar sin problemas.,1,2,1
me duele el ojo derechoo seacamino perfectamente.,0,1,1
veo perfectamente pero uso lenguaje de señas y no puedo mover las piernas.,1,0,0
siento dolor en los ojoso seasoy paraplejico.,0,1,0
veo perfectamente,1,1,1
sin problemas de oido,1,1,1
"mi vista es normal y tengo sordera profunda, tengo problemas al caminar.",1,0,0
siento dolor en los ojoso seavoy en baston.,0,1,0
"la luz me deslumbra demasiado, escucho las conversaciones sin problemao seatengo movilidad muy reducida.",2,1,0
oigo bien,1,1,1
mi vista es normal,1,1,1
no oigo nada,1,0,1
"ceguera absoluta aunque mi oido es normal, por otro lado puedo andar sin problemas.",0,1,1
"super vision, tengo inquietud motora extrema.",2,1,2
escucho perfectamente,1,1,1
veo bien aunque soy hiperactivo.,1,1,2
me duele el ojo derecho ademas escucho los ruidos demasiado fuertes aunque estoy inmovilizado.,0,2,0
tengo vision normalo sealos sonidos agudos me dan dolor de cabeza y me cuesta mucho caminar.,1,2,0
"tengo muy poca vision, los ruidos fuertes me aturdentambienando con muletas.",0,2,0
sin problemas de oido,1,1,1
hiper vision,2,1,1
sin problemas de vista. oido muy fino y tengo problemas al caminar.,1,2,0
no soporto las luces brillantes,2,1,1
tengo audicion normal,1,1,1
me muevo compulsivamente,1,1,2
me molesta mucho la luz,2,1,1
tengo hipersensibilidad visual,2,1,1
no tengo problemas oculares y tengo un oido demasiado sensible y me muevo compulsivamente.,1,2,2
los brillos me hacen daño en los ojos - voy en baston.,2,1,0
"veo destellos constantemente aunque oigo lo normal, por otro lado ando con muletas.",2,1,0
los brillos me hacen daño en los ojos ademas tengo tics motores.,2,1,2
mi movilidad es normal,1,1,1
tengo vision normal,1,1,1
mi vista es normal ademas sin problemas de oidoo seatengo inquietud motora extrema.,1,1,2
puedo caminar y correr,1,1,1
no veo en absolutotambientengo un oido demasiado sensible aunque me muevo compulsivamente.,0,2,2
no tengo problemas oculares,1,1,1
hiper vision aunque los sonidos agudos me dan dolor de cabeza ademas camino muy lento.,2,2,0
"tengo vision normal, por otro lado tengo un tapon. soy muy lento caminando.",1,0,0
"tengo hipersensibilidad a la luz aunque uso lenguaje de señas, por otro lado camino perfectamente.",2,0,1
tengo audicion normal,1,1,1
soy paraplejico,1,1,0
escucho los ruidos demasiado fuertes,1,2,1
mi vista es normalo seacamino muy lento.,1,1,0
tengo audicion normal,1,1,1
no tengo problemas oculareso seacamino perfectamente.,1,1,1
veo perfectamente - tengo hiperactividad.,1,1,2
no tengo problemas oculares,1,1,1
"no veo casi nada - oigo muy mal, por otro lado sin problemas de movilidad.",0,0,1
camino perfectamente,1,1,1
tengo hipersensibilidad auditiva,1,2,1
"llevo lentillas y veo bien, por otro lado uso lenguaje de señas y soy muy lento caminando.",1,0,0
me duelen los ojos al mirar,0,1,1
"tengo vision normal, por otro lado no escucho en absolutoo seacamino bien.",1,0,1
ando con muletas,1,1,0
veo bien aunque puedo caminar y correr.,1,1,1
tengo muy poca vision. mi oido es normalo seami movilidad es normal.,0,1,1
no escucho en absoluto,1,0,1
la luz me deslumbra demasiadotambienoigo muy mal. soy paraplejico.,2,0,0
soy muy lento caminando,1,1,0
sin problemas de vista pero tengo tics motores.,1,1,2
"veo lo necesario pero tengo un oido demasiado sensible, me muevo con normalidad.",1,2,1
escucho las conversaciones sin problema,1,1,1
tengo un oido demasiado sensible,1,2,1
me molesta mucho la luz,2,1,1
mi oido es normal,1,1,1
no soporto abrir los ojos del doloro seatengo dificultad para andar.,0,1,0
"veo muy mal, tengo tics motores.",0,1,2
veo todo muy borroso y camino bien.,0,1,1
tengo ceguera total aunque los ruidos fuertes me aturdeno seame muevo compulsivamente.,0,2,2
tengo necesidad constante de moverme,1,1,2
tengo dolor constante en los ojos aunque ando en silla de ruedas.,0,1,0
mis ojos estan inflamados y duelen,0,1,1
mis ojos estan inflamados y dueleno seaoido demasiado fino ademas soy muy lento caminando.,0,2,0
veo muy mal ademas mi movilidad es normal.,0,1,1
super vision y oigo lo normal pero sin problemas de movilidad.,2,1,1
"veo muy mal, no me puedo mover.",0,1,0
"veo destellos constantementeo seano soporto el volumen alto, me cuesta mucho caminar.",2,2,0
hiper vision ademas oigo bientambienme muevo con normalidad.,2,1,1
"veo lo necesario, escucho todo muy apagado ademas tengo problemas al caminar.",1,0,0
me duelen los ojos permanentementeo seame muevo con normalidad.,0,1,1
no puedo estar sentado mucho tiempo,1,1,2
"veo muy mal, por otro lado tengo movilidad muy reducida.",0,1,0
tengo sensibilidad extrema a la luzo seaescucho todo muy apagadotambiensoy paralitico.,2,0,0
"tengo muy poca vision, tengo audicion normal aunque tengo exceso de movimiento.",0,1,2
no tengo problemas oculares - tengo problemas al caminar.,1,1,0
"tengo dolor ocular, por otro lado tengo audicion normal pero mi movilidad es normal.",0,1,1
no veo casi nada,0,1,1
tengo vision nula y soy paralitico.,0,1,0
super vision - sin problemas de movilidad.,2,1,1
tengo un oido demasiado sensible,1,2,1
veo destellos constantemente. no escucho nada. tengo necesidad constante de moverme.,2,0,2
tengo hipersensibilidad visual,2,1,1
he perdido el ojo izquierdotambientengo un tapon y estoy inmovilizado.,0,0,0
mi agudeza visual es promedio y sin problemas de movilidad.,1,1,1
no veo casi nada pero puedo andar sin problemas.,0,1,1
no tengo problemas oculares aunque ando con muletas.,1,1,0
puedo andar sin problemas,1,1,1
"veo bien, tengo un tapon, por otro lado tengo tics motores.",1,0,2
no soporto abrir los ojos del dolor y oido demasiado finoo seasin problemas de movilidad.,0,2,1
"tengo hipersensibilidad visual, por otro lado tengo hiperacusiatambienpuedo andar sin problemas.",2,2,1
veo destellos constantemente aunque camino perfectamente.,2,1,1
me duele el ojo izquierdo. tengo hiperacusia y demasiado veloz.,0,2,2
tengo fotofobiao seano me puedo mover.,2,1,0
no tengo problemas oculares pero mi oido es normal. camino bien.,1,1,1
"tengo hipersensibilidad a la luz, super oido. tengo necesidad constante de moverme.",2,2,2
me molesta mucho la luztambienoigo bien pero tengo exceso de movimiento.,2,1,2
veo destellos constantementetambienando con muletas.,2,1,0
mi agudeza visual es promedio. camino perfectamente.,1,1,1
uso baston para ciegostambientengo hipersensibilidad al ruido ademas voy en baston.,0,2,0
uso lenguaje de señas,1,0,1
no soporto las luces brillantes - escucho todo muy apagado - tengo dificultad para andar.,2,0,0
"sin problemas de vista, me muevo compulsivamente.",1,1,2
soy hiperactivo,1,1,2
"tengo hipersensibilidad a la luz, por otro lado tengo hipersensibilidad al ruido, por otro lado sin problemas de movilidad.",2,2,1
puedo andar sin problemas,1,1,1
soy ciego. no soporto el volumen alto. me cuesta mucho caminar.,0,2,0
"mi vista es normal pero escucho perfectamente, por otro lado no me puedo quedar quieto.",1,1,2
escucho las conversaciones sin problema,1,1,1
veo perfectamente pero oido demasiado fino - tengo tics motores.,1,2,2
"hiper vision, por otro lado tengo tics motores.",2,1,2
no soporto el volumen alto,1,2,1
"siento dolor en los ojoso seano oigo nada, soy muy lento caminando.",0,0,0
tengo vision nula y me muevo con normalidad.,0,1,1
siento dolor en los ojos - no puedo estar sentado mucho tiempo.,0,1,2
veo perfectamente aunque mi movilidad es normal.,1,1,1
no soporto las luces brillantes pero tengo sordera aunque tengo hipermovilidad.,2,0,2
oido demasiado fino,1,2,1
no tengo problemas oculares aunque tengo hipermovilidad.,1,1,2
tengo audicion normal,1,1,1
"mi vista es normal - escucho las conversaciones sin problema, por otro lado tengo problemas al caminar.",1,1,0
"sin problemas de vista, por otro lado soy paraplejico.",1,1,0
tengo vision nula y oigo bien - camino perfectamente.,0,1,1
tengo dolor ocularo seame muevo compulsivamente.,0,1,2
veo perfectamente - tengo un tapono seatengo hipermovilidad.,1,0,2
no veo en absoluto ademas no oigo nadao seapuedo andar sin problemas.,0,0,1
sin problemas de vistao seaescucho perfectamente. camino perfectamente.,1,1,1
"tengo hipersensibilidad a la luz, por otro lado oigo muy mal aunque soy paralitico.",2,0,0
mi agudeza visual es promedioo seano escucho en absoluto pero tengo inquietud motora extrema.,1,0,2
"veo bien, por otro lado soy sordo ademas tengo exceso de movimiento.",1,0,2
llevo lentillas y veo bien aunque no me puedo quedar quieto.,1,1,2
"no soporto las luces brillantestambientengo hipersensibilidad al ruido, no me puedo mover.",2,2,0
veo todo muy borrosotambienoido demasiado fino - puedo andar sin problemas.,0,2,1
tengo sensibilidad extrema a la luz,2,1,1
la luz me deslumbra demasiado aunque tengo necesidad constante de moverme.,2,1,2
no soporto abrir los ojos del dolor pero puedo andar sin problemas.,0,1,1
tengo ceguera totaltambienme muevo con normalidad.,0,1,1
veo bien,1,1,1
veo perfectamente ademas escucho los ruidos demasiado fuertes aunque puedo andar sin problemas.,1,2,1
veo bieno seaescucho los ruidos demasiado fuertes pero me muevo compulsivamente.,1,2,2
"llevo lentillas y veo bien, por otro lado sin problemas de movilidad.",1,1,1
he perdido el ojo izquierdo,0,1,1
hiper vision,2,1,1
veo muy mal,0,1,1
"los brillos me hacen daño en los ojos aunque tengo audicion nula, camino perfectamente.",2,0,1
tengo hipersensibilidad visualo seaoido demasiado fino. me muevo con normalidad.,2,2,1
veo bien y sin problemas de movilidad.,1,1,1
me molesta mucho la luztambientengo tics motores.,2,1,2
tengo hipersensibilidad visual. tengo dificultad para andar.,2,1,0
tengo sensibilidad extrema a la luz,2,1,1
llevo lentillas y veo bieno seaoigo bientambientengo dificultad para andar.,1,1,0
tengo hipersensibilidad a la luz pero oigo bien y tengo tics motores.,2,1,2
tengo sensibilidad extrema a la luztambienpuedo andar sin problemas.,2,1,1
llevo lentillas y veo bien pero tengo audicion nula - tengo problemas al caminar.,1,0,0
uso gafas para leero seaoigo lo normal pero ando en silla de ruedas.,1,1,0
"llevo lentillas y veo bien, por otro lado escucho los ruidos demasiado fuertes - me muevo compulsivamente.",1,2,2
mi vista es normal pero oigo bien pero ando en silla de ruedas.,1,1,0
tengo audicion normal,1,1,1
me molestan mucho los ruidos,1,2,1
uso lenguaje de señas,1,0,1
"veo todo muy borroso, me muevo compulsivamente.",0,1,2
me molesta mucho la luz,2,1,1
tengo dolor ocular pero puedo andar sin problemas.,0,1,1
"mi vista es normal, me muevo con normalidad.",1,1,1
"los brillos me hacen daño en los ojos, puedo andar sin problemas.",2,1,1
tengo audicion normal,1,1,1
veo perfectamente aunque no oigo nada pero soy paralitico.,1,0,0
me duele el ojo derecho,0,1,1
puedo caminar y correr,1,1,1
siento dolor en los ojos - tengo audicion normal aunque estoy inmovilizado.,0,1,0
tengo hipersensibilidad visual pero tengo inquietud motora extrema.,2,1,2
super vision,2,1,1
siento dolor en los ojoso seasin problemas de oido aunque me muevo con normalidad.,0,1,1
"ceguera absoluta, por otro lado no soporto el volumen alto aunque tengo necesidad constante de moverme.",0,2,2
hiper vision,2,1,1
"mi agudeza visual es promedio. escucho perfectamente, por otro lado soy hiperactivo.",1,1,2
veo lo necesariotambientengo dificultad para andar.,1,1,0
escucho las conversaciones sin problema,1,1,1
me molesta mucho la luz y tengo un oido demasiado sensible. ando en silla de ruedas.,2,2,0
"los brillos me hacen daño en los ojos, por otro lado voy en baston.",2,1,0
sin problemas de vista aunque escucho las conversaciones sin problema - tengo tics motores.,1,1,2
tengo sordera profunda,1,0,1
veo perfectamente ademas puedo andar sin problemas.,1,1,1
perdi la vista. ando en silla de ruedas.,0,1,0
me duele el ojo izquierdotambienoido demasiado fino pero puedo andar sin problemas.,0,2,1
super oido,1,2,1
veo lo necesario pero no puedo estar sentado mucho tiempo.,1,1,2
mi agudeza visual es promedio aunque me muevo con normalidad.,1,1,1
no puedo caminar,1,1,0
tengo audicion normal,1,1,1
llevo lentillas y veo bien pero oigo bien. no puedo estar sentado mucho tiempo.,1,1,2
"tengo dolor ocular, oigo lo normalo seapuedo andar sin problemas.",0,1,1
"hiper vision, por otro lado oigo lo normal pero soy hiperactivo.",2,1,2
me molesta mucho la luz ademas oido demasiado fino aunque puedo andar sin problemas.,2,2,1
tengo exceso de movimiento,1,1,2
no puedo estar sentado mucho tiempo,1,1,2
tengo hipermovilidad,1,1,2
mi vista es normal y oigo lo normal pero tengo hiperactividad.,1,1,2
no veo nada - camino bien.,0,1,1
"la luz me deslumbra demasiado, por otro lado tengo un tapon ademas tengo movilidad muy reducida.",2,0,0
mi movilidad es normal,1,1,1
mi agudeza visual es promedio,1,1,1
la luz me deslumbra demasiadoo seaescucho todo muy apagado aunque sin problemas de movilidad.,2,0,1
los brillos me hacen daño en los ojoso sealos sonidos agudos me dan dolor de cabezao seatengo problemas al caminar.,2,2,0
tengo dolor ocular pero tengo muy poca audicion ademas puedo caminar y correr.,0,0,1
"llevo lentillas y veo bien, por otro lado sin problemas de movilidad.",1,1,1
tengo sensibilidad extrema a la luz. tengo hiperacusia. tengo exceso de movimiento.,2,2,2
sin problemas de vista aunque mi movilidad es normal.,1,1,1
"tengo hipersensibilidad visual, sin problemas de movilidad.",2,1,1
mi vista es normal. tengo problemas al caminar.,1,1,0
"veo destellos constantementetambientengo hipersensibilidad auditiva, por otro lado no puedo mover las piernas.",2,2,0
puedo andar sin problemas,1,1,1
llevo lentillas y veo bien aunque uso lenguaje de señas y no me puedo quedar quieto.,1,0,2
"los brillos me hacen daño en los ojos ademas uso lenguaje de señas, camino perfectamente.",2,0,1
"uso gafas para leer, ando con muletas.",1,1,0
tengo sensibilidad extrema a la luz - soy sordo - tengo hiperactividad.,2,0,2
camino perfectamente,1,1,1
"tengo vision nula, por otro lado tengo necesidad constante de moverme.",0,1,2
tengo vision normal y sin problemas de movilidad.,1,1,1
tengo hipersensibilidad visual aunque escucho las conversaciones sin problema ademas tengo hipermovilidad.,2,1,2
"tengo vision normal, por otro lado oigo lo normal ademas camino bien.",1,1,1
hiper vision ademas escucho perfectamente aunque me muevo compulsivamente.,2,1,2
he perdido el ojo derechoo seatengo hipermovilidad.,0,1,2
"tengo vision normal, no soporto el volumen alto, mi movilidad es normal.",1,2,1
soy ciegotambienoigo muy mal - demasiado veloz.,0,0,2
tengo ceguera totaltambiensuper oido aunque me muevo con normalidad.,0,2,1
"tengo fotofobia, escucho perfectamente - tengo dificultad para andar.",2,1,0
estoy ciego - no puedo mover las piernas.,0,1,0
super oido,1,2,1
"perdi la vista, no puedo caminar.",0,1,0
mi agudeza visual es promedio pero tengo hiperacusia aunque camino perfectamente.,1,2,1
"tengo muy poca vision, por otro lado escucho los ruidos demasiado fuertes ademas tengo problemas al caminar.",0,2,0
"tengo vision normal, oigo muy mal, estoy inmovilizado.",1,0,0
tengo sordera profunda,1,0,1
no tengo problemas oculares pero tengo un oido demasiado sensible. camino perfectamente.,1,2,1
veo bieno seatengo un tapon ademas tengo problemas al caminar.,1,0,0
"tengo problemas en la vista, por otro lado oigo lo normaltambienmi movilidad es normal.",0,1,1
hiper vision y no oigo nadatambiencamino bien.,2,0,1
no veo casi nada y sin problemas de movilidad.,0,1,1
perdi los ojos aunque me muevo compulsivamente.,0,1,2
mi vista es normal pero oigo bien ademas tengo hipermovilidad.,1,1,2
mi vista es normalo seasuper oido aunque no me puedo mover.,1,2,0
"mi agudeza visual es promedio ademas soy sordo, no me puedo mover.",1,0,0
oigo lo normal,1,1,1
veo perfectamenteo seatengo audicion normal pero no puedo mover las piernas.,1,1,0
tengo dificultad para andar,1,1,0
me molesta mucho la luz - tengo hipersensibilidad al ruidotambienpuedo caminar y correr.,2,2,1
tengo hipersensibilidad a la luz pero me molestan mucho los ruidos aunque no puedo caminar.,2,2,0
veo bien. oido demasiado fino ademas me cuesta mucho caminar.,1,2,0
hiper vision,2,1,1
me muevo con normalidad,1,1,1
"me duele el ojo derecho, por otro lado no soporto el volumen alto pero no puedo estar sentado mucho tiempo.",0,2,2
tengo hipersensibilidad visual pero no me puedo quedar quieto.,2,1,2
no soporto abrir los ojos del dolor y oido muy finoo seaestoy inmovilizado.,0,2,0
no soporto las luces brillantestambienme cuesta mucho caminar.,2,1,0
super vision,2,1,1
soy sordo,1,0,1
"no soporto las luces brillantes, tengo necesidad constante de moverme.",2,1,2
uso baston para ciegostambienando con muletas.,0,1,0
he perdido el ojo izquierdoo seaescucho las conversaciones sin problematambienno me puedo mover.,0,1,0
no tengo problemas oculares - oigo bien aunque puedo caminar y correr.,1,1,1
uso gafas para leer. oigo bien y soy paraplejico.,1,1,0
no soporto las luces brillantes,2,1,1
"uso gafas para leer, por otro lado tengo tics motores.",1,1,2
demasiado veloz,1,1,2
tengo hipersensibilidad visual pero tengo hipersensibilidad al ruido. ando con muletas.,2,2,0
hiper visiontambiensin problemas de oidotambientengo hiperactividad.,2,1,2
sin problemas de oido,1,1,1
los brillos me hacen daño en los ojos ademas me muevo compulsivamente.,2,1,2
los brillos me hacen daño en los ojos y tengo muy poca audicion. no me puedo quedar quieto.,2,0,2
veo bien,1,1,1
"he perdido el ojo izquierdo, por otro lado no me puedo mover.",0,1,0
"no soporto las luces brillantes - tengo hipersensibilidad auditiva, soy paraplejico.",2,2,0
"sin problemas de vista, por otro lado tengo sordera profunda pero tengo movilidad muy reducida.",1,0,0
tengo vision normal ademas no escucho en absolutoo seacamino bien.,1,0,1
perdi los ojos,0,1,1
"tengo dolor constante en los ojoso seaescucho perfectamente, por otro lado ando en silla de ruedas.",0,1,0
"uso gafas para leer, por otro lado oigo lo normal aunque no puedo estar sentado mucho tiempo.",1,1,2
"mi agudeza visual es promedio - soy sordo, por otro lado tengo exceso de movimiento.",1,0,2
veo perfectamente - mi oido es normaltambientengo movilidad muy reducida.,1,1,0
camino bien,1,1,1
me molesta mucho la luz pero mi oido es normal aunque puedo caminar y correr.,2,1,1
oigo lo normal,1,1,1
veo destellos constantemente ademas camino bien.,2,1,1
"tengo sensibilidad extrema a la luztambienno escucho en absoluto, camino perfectamente.",2,0,1
"tengo vision normal, soy sordo y camino muy lento.",1,0,0
tengo un tapon,1,0,1
escucho los ruidos demasiado fuertes,1,2,1
me molesta mucho la luz,2,1,1
puedo caminar y correr,1,1,1
mi movilidad es normal,1,1,1
tengo hipersensibilidad visual - sin problemas de oido pero tengo movilidad muy reducida.,2,1,0
tengo dolor ocular aunque tengo audicion normalo seasoy paralitico.,0,1,0
uso baston para ciegos pero los ruidos fuertes me aturden pero tengo movilidad muy reducida.,0,2,0
super vision ademas tengo audicion normal - mi movilidad es normal.,2,1,1
tengo vision normal pero no oigo nadatambientengo exceso de movimiento.,1,0,2
tengo vision normal,1,1,1
no soporto las luces brillantes y tengo un oido demasiado sensible - sin problemas de movilidad.,2,2,1
"llevo lentillas y veo bien, por otro lado tengo sordera profundatambienestoy inmovilizado.",1,0,0
tengo vision normal aunque escucho los ruidos demasiado fuertes pero tengo exceso de movimiento.,1,2,2
veo lo necesario,1,1,1
no tengo problemas ocularestambientengo sorderatambienno puedo caminar.,1,0,0
tengo sensibilidad extrema a la luz ademas escucho las conversaciones sin problema pero puedo andar sin problemas.,2,1,1
no soporto el volumen alto,1,2,1
no soporto las luces brillantes,2,1,1
super vision aunque oido demasiado finoo seame cuesta mucho caminar.,2,2,0
los sonidos agudos me dan dolor de cabeza,1,2,1
tengo sensibilidad extrema a la luz,2,1,1
veo perfectamente - sin problemas de movilidad.,1,1,1
"hiper vision, por otro lado demasiado veloz.",2,1,2
tengo hiperacusia,1,2,1
"veo lo necesario y oido demasiado fino, tengo necesidad constante de moverme.",1,2,2
"llevo lentillas y veo bien, por otro lado me molestan mucho los ruidos - no puedo mover las piernas.",1,2,0
no veo nada pero tengo sordera ademas estoy inmovilizado.,0,0,0
no escucho nada,1,0,1
"no soporto las luces brillantes, por otro lado no escucho nada aunque camino bien.",2,0,1
tengo vision nula pero me muevo con normalidad.,0,1,1
llevo lentillas y veo bien ademas camino perfectamente.,1,1,1
sin problemas de vista aunque demasiado veloz.,1,1,2
"me duele el ojo izquierdo, por otro lado soy paralitico.",0,1,0
tengo sensibilidad extrema a la luz. soy sordo ademas camino perfectamente.,2,0,1
"no soporto las luces brillantes - tengo un tapon, por otro lado sin problemas de movilidad.",2,0,1
veo muy mal. uso lenguaje de señas y camino perfectamente.,0,0,1
no veo casi nada - demasiado veloz.,0,1,2
voy en baston,1,1,0
mi agudeza visual es promedioo seaescucho todo muy apagado ademas me muevo compulsivamente.,1,0,2
"he perdido el ojo izquierdo. tengo sordera profunda, mi movilidad es normal.",0,0,1
me duelen los ojos permanentemente pero los ruidos fuertes me aturden - soy paralitico.,0,2,0
uso gafas para leer,1,1,1
soy muy lento caminando,1,1,0
me muevo compulsivamente,1,1,2
tengo dolor ocular aunque sin problemas de movilidad.,0,1,1
"veo destellos constantementeo seaescucho perfectamente, puedo caminar y correr.",2,1,1
veo bien ademas puedo caminar y correr.,1,1,1
la luz me deslumbra demasiado pero camino perfectamente.,2,1,1
perdi los ojostambiensin problemas de movilidad.,0,1,1
"uso gafas para leer y escucho perfectamente, sin problemas de movilidad.",1,1,1
escucho perfectamente,1,1,1
"hiper vision, no puedo mover las piernas.",2,1,0
uso gafas para leer aunque tengo sordera pero ando en silla de ruedas.,1,0,0
hiper vision. tengo tics motores.,2,1,2
veo lo necesario aunque sin problemas de oido ademas camino perfectamente.,1,1,1
me duele el ojo derecho. camino bien.,0,1,1
"veo destellos constantementetambientengo un oido demasiado sensible, camino bien.",2,2,1
no tengo problemas oculares,1,1,1
tengo dolor ocular ademas oigo bieno seatengo dificultad para andar.,0,1,0
escucho los ruidos demasiado fuertes,1,2,1
tengo necesidad constante de moverme,1,1,2
me duele el ojo derecho - camino perfectamente.,0,1,1
"veo lo necesario y oigo bien, voy en baston.",1,1,0
la luz me deslumbra demasiado pero tengo hiperacusia - tengo inquietud motora extrema.,2,2,2
"veo destellos constantemente y tengo audicion nula, por otro lado ando en silla de ruedas.",2,0,0
"tengo problemas en la vista, tengo audicion nula y soy paraplejico.",0,0,0
estoy ciego - los sonidos agudos me dan dolor de cabeza aunque mi movilidad es normal.,0,2,1
"veo destellos constantemente, por otro lado escucho las conversaciones sin problematambiensoy hiperactivo.",2,1,2
tengo muy poca vision pero puedo andar sin problemas.,0,1,1
no puedo estar sentado mucho tiempo,1,1,2
veo perfectamente ademas mi movilidad es normal.,1,1,1
tengo problemas en la vista aunque mi oido es normal aunque soy hiperactivo.,0,1,2
camino perfectamente,1,1,1
me duelen los ojos. soy paralitico.,0,1,0
perdi la vista,0,1,1
escucho las conversaciones sin problema,1,1,1
tengo ceguera total y mi movilidad es normal.,0,1,1
veo destellos constantemente y puedo caminar y correr.,2,1,1
me molesta mucho la luz pero soy paralitico.,2,1,0
perdi la vista,0,1,1
escucho perfectamente,1,1,1
"siento dolor en los ojos y escucho las conversaciones sin problema, por otro lado tengo dificultad para andar.",0,1,0
tengo hipersensibilidad a la luz pero escucho perfectamente pero tengo hipermovilidad.,2,1,2
"tengo sensibilidad extrema a la luz, soy paraplejico.",2,1,0
tengo hipersensibilidad visualtambienescucho perfectamente aunque camino perfectamente.,2,1,1
voy en baston,1,1,0
no soporto abrir los ojos del dolor - tengo audicion nula aunque tengo inquietud motora extrema.,0,0,2
"tengo vision normal, camino perfectamente.",1,1,1
"sin problemas de vista, por otro lado oigo bien - tengo necesidad constante de moverme.",1,1,2
me molesta mucho la luz - tengo un tapontambientengo tics motores.,2,0,2
escucho todo muy apagado,1,0,1
tengo dolor oculartambiensin problemas de movilidad.,0,1,1
"llevo lentillas y veo bien pero oigo muy mal, ando con muletas.",1,0,0
"no veo en absolutotambiensuper oido, puedo caminar y correr.",0,2,1
no veo casi nada pero no me puedo mover.,0,1,0
escucho perfectamente,1,1,1
tengo sensibilidad extrema a la luztambiensoy paraplejico.,2,1,0
mi vista es normal pero camino bien.,1,1,1
"uso gafas para leer, por otro lado soy sordo, por otro lado mi movilidad es normal.",1,0,1
puedo caminar y correr,1,1,1
mi vista es normal,1,1,1
no veo casi nadao seaescucho los ruidos demasiado fuertes pero no puedo mover las piernas.,0,2,0
tengo hipersensibilidad visual pero oigo lo normaltambientengo exceso de movimiento.,2,1,2
veo perfectamentetambienmi oido es normal - me muevo compulsivamente.,1,1,2
"veo todo muy borroso, por otro lado oido demasiado finoo seapuedo caminar y correr.",0,2,1
mi agudeza visual es promedio y soy sordo pero sin problemas de movilidad.,1,0,1
tengo muy poca vision aunque oigo lo normal aunque puedo caminar y correr.,0,1,1
la luz me deslumbra demasiadotambienmi oido es normaltambienando en silla de ruedas.,2,1,0
veo perfectamente ademas tengo sorderatambientengo dificultad para andar.,1,0,0
"tengo ceguera total y oigo bien, mi movilidad es normal.",0,1,1
perdi los ojos aunque soy muy lento caminando.,0,1,0
no oigo nada,1,0,1
mis ojos estan inflamados y duelen - oido muy fino - puedo caminar y correr.,0,2,1
mi vista es normal,1,1,1
llevo lentillas y veo bien - oido muy fino ademas no me puedo quedar quieto.,1,2,2
veo destellos constantemente - super oido ademas ando con muletas.,2,2,0
tengo vision normaltambientengo audicion nula aunque demasiado veloz.,1,0,2
tengo vision normalo seatengo un tapon y camino muy lento.,1,0,0
los brillos me hacen daño en los ojos,2,1,1
uso baston para ciegos - tengo audicion normal. no me puedo quedar quieto.,0,1,2
"tengo fotofobia, por otro lado oido demasiado fino, por otro lado camino bien.",2,2,1
super vision,2,1,1
oido demasiado fino,1,2,1
no veo casi nada y tengo hipermovilidad.,0,1,2
"uso gafas para leer, por otro lado oigo bien ademas no puedo mover las piernas.",1,1,0
tengo problemas en la vista aunque escucho perfectamente - puedo andar sin problemas.,0,1,1
veo lo necesariotambientengo un oido demasiado sensibleo seano puedo estar sentado mucho tiempo.,1,2,2
perdi los ojos ademas super oido y no puedo estar sentado mucho tiempo.,0,2,2
veo perfectamentetambientengo hipersensibilidad al ruido ademas ando con muletas.,1,2,0
tengo vision nula pero no puedo mover las piernas.,0,1,0
sin problemas de vista ademas soy sordo - puedo caminar y correr.,1,0,1
no veo casi nadatambientengo un oido demasiado sensible. me muevo con normalidad.,0,2,1
no soporto abrir los ojos del dolortambienno puedo caminar.,0,1,0
no soporto las luces brillantes aunque me muevo con normalidad.,2,1,1
sin problemas de vistatambienpuedo andar sin problemas.,1,1,1
mi vista es normal pero uso lenguaje de señas aunque estoy inmovilizado.,1,0,0
"llevo lentillas y veo bien, escucho perfectamente ademas demasiado veloz.",1,1,2
tengo hiperactividad,1,1,2
"tengo vision normal, tengo sordera profunda ademas no me puedo mover.",1,0,0
tengo necesidad constante de moverme,1,1,2
veo destellos constantemente ademas escucho las conversaciones sin problema. sin problemas de movilidad.,2,1,1
veo destellos constantemente y voy en baston.,2,1,0
sin problemas de vista y sin problemas de movilidad.,1,1,1
tengo movilidad muy reducida,1,1,0
mi agudeza visual es promedio - tengo sordera. camino bien.,1,0,1
me muevo compulsivamente,1,1,2
mi oido es normal,1,1,1
escucho los ruidos demasiado fuertes,1,2,1
uso baston para ciegos ademas no escucho en absoluto aunque puedo andar sin problemas.,0,0,1
tengo hipersensibilidad a la luztambientengo hipersensibilidad al ruidoo seatengo problemas al caminar.,2,2,0
uso baston para ciegos pero tengo sordera profunda - me cuesta mucho caminar.,0,0,0
"veo perfectamente, por otro lado no escucho nada, por otro lado soy muy lento caminando.",1,0,0
tengo dolor constante en los ojos pero no escucho en absoluto pero tengo hipermovilidad.,0,0,2
tengo fotofobia y soy sordo. tengo hipermovilidad.,2,0,2
hiper visiontambienoigo bientambiensoy hiperactivo.,2,1,2
escucho los ruidos demasiado fuertes,1,2,1
soy paraplejico,1,1,0
siento dolor en los ojos aunque escucho los ruidos demasiado fuertes pero no puedo estar sentado mucho tiempo.,0,2,2
estoy ciego - sin problemas de movilidad.,0,1,1
llevo lentillas y veo bien. ando con muletas.,1,1,0
tengo hipersensibilidad visual pero tengo sordera profunda y tengo inquietud motora extrema.,2,0,2
"tengo hipersensibilidad a la luzo seatengo un oido demasiado sensible, por otro lado puedo andar sin problemas.",2,2,1
veo bien aunque tengo muy poca audicion aunque puedo caminar y correr.,1,0,1
no tengo problemas oculares aunque no puedo mover las piernas.,1,1,0
he perdido el ojo derecho y tengo audicion normal. tengo exceso de movimiento.,0,1,2
hiper vision ademas tengo hipersensibilidad auditiva aunque camino bien.,2,2,1
veo muy mal ademas tengo hiperacusia aunque demasiado veloz.,0,2,2
"no veo casi nada, sin problemas de oidoo seame muevo compulsivamente.",0,1,2
"tengo muy poca visiono seaescucho todo muy apagado, por otro lado tengo problemas al caminar.",0,0,0
mi agudeza visual es promediotambientengo sordera pero puedo caminar y correr.,1,0,1
los brillos me hacen daño en los ojos,2,1,1
tengo vision nula y sin problemas de oidoo seano puedo caminar.,0,1,0
tengo problemas al caminar,1,1,0
veo muy maltambienoigo bieno seasoy paraplejico.,0,1,0
no tengo problemas oculares,1,1,1
me duelen los ojos - oigo bien aunque no puedo estar sentado mucho tiempo.,0,1,2
veo lo necesario. mi movilidad es normal.,1,1,1
no veo casi nada ademas no escucho nada - tengo hipermovilidad.,0,0,2
hiper visiono seasoy sordo - estoy inmovilizado.,2,0,0
tengo fotofobia aunque tengo inquietud motora extrema.,2,1,2
perdi los ojos y soy paralitico.,0,1,0
llevo lentillas y veo bien. tengo hipersensibilidad al ruido. camino bien.,1,2,1
tengo hipersensibilidad a la luz - super oidotambientengo hiperactividad.,2,2,2
veo lo necesariotambienno puedo caminar.,1,1,0
los brillos me hacen daño en los ojos ademas tengo un oido demasiado sensibletambienando con muletas.,2,2,0
llevo lentillas y veo bien,1,1,1
veo perfectamente - soy paralitico.,1,1,0
he perdido el ojo derecho ademas me muevo con normalidad.,0,1,1
veo bieno sealos ruidos fuertes me aturdeno seacamino bien.,1,2,1
hiper vision. camino bien.,2,1,1
veo destellos constantemente ademas sin problemas de movilidad.,2,1,1
tengo fotofobia,2,1,1
tengo audicion normal,1,1,1
tengo ceguera total,0,1,1
no soporto las luces brillantes,2,1,1
"tengo ceguera total aunque mi oido es normal, por otro lado mi movilidad es normal.",0,1,1
no escucho nada,1,0,1
"perdi los ojos. sin problemas de oido, tengo hipermovilidad.",0,1,2
estoy ciego ademas escucho perfectamente ademas camino muy lento.,0,1,0
camino perfectamente,1,1,1
no soporto las luces brillantes ademas los ruidos fuertes me aturdentambientengo hiperactividad.,2,2,2
mi vista es normal y mi oido es normal. tengo exceso de movimiento.,1,1,2
camino perfectamente,1,1,1
mi agudeza visual es promedio pero tengo hipersensibilidad al ruido. tengo hiperactividad.,1,2,2
los ruidos fuertes me aturden,1,2,1
"tengo sensibilidad extrema a la luz, oigo bien - tengo dificultad para andar.",2,1,0
sin problemas de vista - tengo audicion nulao seatengo tics motores.,1,0,2
estoy ciego - tengo hiperacusia ademas tengo necesidad constante de moverme.,0,2,2
"tengo vision normal pero tengo sordera, no puedo mover las piernas.",1,0,0
mi agudeza visual es promedioo seasoy paraplejico.,1,1,0
soy ciego ademas uso lenguaje de señastambiensoy paralitico.,0,0,0
me duelen los ojoso seano puedo estar sentado mucho tiempo.,0,1,2
no veo casi nada y los sonidos agudos me dan dolor de cabeza - tengo problemas al caminar.,0,2,0
no tengo problemas oculares y tengo sordera profunda ademas tengo inquietud motora extrema.,1,0,2
"tengo fotofobia, tengo hipersensibilidad al ruidoo seano me puedo quedar quieto.",2,2,2
tengo hiperacusia,1,2,1
tengo hipersensibilidad a la luz,2,1,1
puedo caminar y correr,1,1,1
super visiono seano me puedo quedar quieto.,2,1,2
tengo hipermovilidad,1,1,2
no soporto abrir los ojos del dolortambienpuedo andar sin problemas.,0,1,1
uso gafas para leer aunque tengo audicion normal pero sin problemas de movilidad.,1,1,1
me molesta mucho la luz pero mi oido es normal. sin problemas de movilidad.,2,1,1
tengo audicion normal,1,1,1
"tengo fotofobia, por otro lado los ruidos fuertes me aturdentambientengo necesidad constante de moverme.",2,2,2
ceguera absolutao seapuedo caminar y correr.,0,1,1
uso baston para ciegoso seasin problemas de movilidad.,0,1,1
veo todo muy borroso y tengo hiperactividad.,0,1,2
"tengo vision nula ademas escucho todo muy apagado, por otro lado no puedo caminar.",0,0,0
oido demasiado fino,1,2,1
"mi vista es normal, voy en baston.",1,1,0
"ceguera absoluta y escucho los ruidos demasiado fuertes, por otro lado tengo necesidad constante de moverme.",0,2,2
me molesta mucho la luz,2,1,1
"no tengo problemas oculares, camino muy lento.",1,1,0
uso gafas para leer,1,1,1
tengo hipersensibilidad visual pero tengo movilidad muy reducida.,2,1,0
no veo en absoluto pero tengo muy poca audicion y soy paraplejico.,0,0,0
"veo lo necesario y oigo bien, por otro lado estoy inmovilizado.",1,1,0
perdi los ojos - me muevo con normalidad.,0,1,1
tengo exceso de movimiento,1,1,2
no soporto abrir los ojos del dolor pero tengo hipermovilidad.,0,1,2
no tengo problemas oculares,1,1,1
"tengo problemas en la vista pero tengo hiperacusia, por otro lado no puedo caminar.",0,2,0
"veo bien, tengo un oido demasiado sensibleo seano puedo caminar.",1,2,0
siento dolor en los ojos pero puedo caminar y correr.,0,1,1
me molesta mucho la luzo seapuedo caminar y correr.,2,1,1
la luz me deslumbra demasiado y tengo inquietud motora extrema.,2,1,2
"sin problemas de vista, por otro lado oigo muy mal aunque soy muy lento caminando.",1,0,0
no puedo caminar,1,1,0
tengo hipersensibilidad a la luz y tengo un tapono seacamino bien.,2,0,1
veo destellos constantemente. mi movilidad es normal.,2,1,1
mi oido es normal,1,1,1
super vision,2,1,1
tengo hipersensibilidad visual aunque escucho perfectamenteo seavoy en baston.,2,1,0
tengo hipersensibilidad visual,2,1,1
no tengo problemas oculares,1,1,1
no tengo problemas oculares,1,1,1
no veo nada,0,1,1
tengo problemas en la vistatambienoigo bien. me muevo con normalidad.,0,1,1
estoy ciego. puedo caminar y correr.,0,1,1
sin problemas de vista,1,1,1
me duele el ojo derecho y mi oido es normal ademas ando en silla de ruedas.,0,1,0
he perdido el ojo derechoo seatengo un oido demasiado sensible ademas no puedo caminar.,0,2,0
camino bien,1,1,1
"me duelen los ojos permanentemente, por otro lado tengo movilidad muy reducida.",0,1,0
veo bien y escucho perfectamente y puedo andar sin problemas.,1,1,1
"los brillos me hacen daño en los ojos ademas tengo muy poca audicion, por otro lado puedo caminar y correr.",2,0,1
"tengo hipersensibilidad a la luz, por otro lado sin problemas de movilidad.",2,1,1
me duelen los ojos al mirar ademas no puedo estar sentado mucho tiempo.,0,1,2
perdi los ojos - los ruidos fuertes me aturdentambienpuedo caminar y correr.,0,2,1
no escucho nada,1,0,1
"tengo fotofobia y soy sordo, por otro lado sin problemas de movilidad.",2,0,1
la luz me deslumbra demasiado y los sonidos agudos me dan dolor de cabeza. soy muy lento caminando.,2,2,0
hiper vision,2,1,1
tengo vision normalo seame cuesta mucho caminar.,1,1,0
"los brillos me hacen daño en los ojos, por otro lado tengo sorderatambienmi movilidad es normal.",2,0,1
no tengo problemas oculares - uso lenguaje de señas y mi movilidad es normal.,1,0,1
sin problemas de oido,1,1,1
"tengo dolor ocular pero sin problemas de oido, por otro lado no me puedo quedar quieto.",0,1,2
hiper visiono seaescucho las conversaciones sin problema ademas puedo andar sin problemas.,2,1,1
super vision aunque oido muy fino - tengo hiperactividad.,2,2,2
"uso gafas para leer, camino bien.",1,1,1
"veo bien, por otro lado tengo sordera - tengo hiperactividad.",1,0,2
tengo hipersensibilidad a la luztambientengo hipersensibilidad auditiva ademas camino bien.,2,2,1
mi agudeza visual es promedioo seasoy hiperactivo.,1,1,2
no veo casi nada,0,1,1
no veo nada,0,1,1
escucho las conversaciones sin problema,1,1,1
sin problemas de movilidad,1,1,1
escucho las conversaciones sin problema,1,1,1
me duelen los ojos permanentemente y mi movilidad es normal.,0,1,1
hiper vision y tengo un tapon aunque mi movilidad es normal.,2,0,1
super visiontambientengo hipersensibilidad auditiva. tengo necesidad constante de moverme.,2,2,2
tengo muy poca vision ademas escucho perfectamentetambiensoy muy lento caminando.,0,1,0
super vision aunque tengo un oido demasiado sensibleo seademasiado veloz.,2,2,2
"super vision, por otro lado escucho perfectamentetambiencamino perfectamente.",2,1,1
me duelen los ojos permanentemente ademas puedo andar sin problemas.,0,1,1
tengo hipersensibilidad a la luz aunque estoy inmovilizado.,2,1,0
siento dolor en los ojostambientengo muy poca audicion y sin problemas de movilidad.,0,0,1
mi vista es normal,1,1,1
tengo sensibilidad extrema a la luz ademas tengo un oido demasiado sensible aunque puedo andar sin problemas.,2,2,1
me duelen los ojos al mirar ademas tengo inquietud motora extrema.,0,1,2
tengo problemas en la vista pero tengo dificultad para andar.,0,1,0
"no soporto las luces brillantes y tengo sordera profunda, camino perfectamente.",2,0,1
tengo hipersensibilidad a la luz ademas sin problemas de oido aunque mi movilidad es normal.,2,1,1
no veo casi nada - oigo bien pero puedo andar sin problemas.,0,1,1
los ruidos fuertes me aturden,1,2,1
tengo sensibilidad extrema a la luz ademas no puedo estar sentado mucho tiempo.,2,1,2
"tengo sensibilidad extrema a la luz pero tengo audicion normal, por otro lado tengo tics motores.",2,1,2
me molesta mucho la luz y tengo sordera profundao seasoy paraplejico.,2,0,0
hiper vision. no escucho nadatambienme muevo con normalidad.,2,0,1
ceguera absoluta pero tengo hiperacusia. camino perfectamente.,0,2,1
tengo un oido demasiado sensible,1,2,1
tengo muy poca vision. oigo bien y mi movilidad es normal.,0,1,1
soy sordo,1,0,1
"sin problemas de vista, por otro lado no oigo nada y tengo hiperactividad.",1,0,2
no escucho en absoluto,1,0,1
"super vision, soy sordo ademas puedo andar sin problemas.",2,0,1
no soporto las luces brillanteso seano soporto el volumen altotambienpuedo andar sin problemas.,2,2,1
estoy ciego pero escucho las conversaciones sin problematambiensoy paralitico.,0,1,0
veo destellos constantemente pero no escucho en absolutotambiencamino perfectamente.,2,0,1
"tengo vision nula, por otro lado puedo caminar y correr.",0,1,1
mi vista es normalo sealos sonidos agudos me dan dolor de cabeza ademas no me puedo mover.,1,2,0
me duelen los ojos al mirar aunque escucho las conversaciones sin problemao seano me puedo mover.,0,1,0
tengo dolor ocular,0,1,1
llevo lentillas y veo bien aunque tengo hipersensibilidad al ruido pero mi movilidad es normal.,1,2,1
"uso baston para ciegos aunque tengo muy poca audicion, por otro lado puedo andar sin problemas.",0,0,1
veo perfectamente aunque sin problemas de oido ademas sin problemas de movilidad.,1,1,1
"perdi los ojos aunque escucho las conversaciones sin problema, por otro lado tengo exceso de movimiento.",0,1,2
mis ojos estan inflamados y duelen,0,1,1
no soporto abrir los ojos del doloro seasoy hiperactivo.,0,1,2
uso baston para ciegos,0,1,1
escucho las conversaciones sin problema,1,1,1
no tengo problemas oculares - no puedo estar sentado mucho tiempo.,1,1,2
me muevo con normalidad,1,1,1
me molesta mucho la luzo seatengo sorderatambientengo inquietud motora extrema.,2,0,2
"me molesta mucho la luztambienno oigo nada, por otro lado tengo inquietud motora extrema.",2,0,2
super vision,2,1,1
escucho perfectamente,1,1,1
la luz me deslumbra demasiado. mi movilidad es normal.,2,1,1
me duele el ojo izquierdo y mi oido es normal aunque estoy inmovilizado.,0,1,0
"super vision, camino bien.",2,1,1
me duelen los ojos al mirar pero escucho las conversaciones sin problema ademas no puedo estar sentado mucho tiempo.,0,1,2
tengo vision normalo seademasiado veloz.,1,1,2
"tengo hipersensibilidad visual, por otro lado uso lenguaje de señas, puedo andar sin problemas.",2,0,1
veo bien. tengo un oido demasiado sensibletambienno puedo mover las piernas.,1,2,0
uso baston para ciegos aunque tengo exceso de movimiento.,0,1,2
"sin problemas de vista, por otro lado uso lenguaje de señas - soy paraplejico.",1,0,0
veo perfectamenteo sealos sonidos agudos me dan dolor de cabeza aunque soy paraplejico.,1,2,0
los brillos me hacen daño en los ojoso seatengo problemas al caminar.,2,1,0
tengo sensibilidad extrema a la luz,2,1,1
tengo audicion nula,1,0,1
mi movilidad es normal,1,1,1
"tengo hipersensibilidad a la luz, mi oido es normaltambientengo exceso de movimiento.",2,1,2
hiper vision,2,1,1
he perdido el ojo izquierdo y escucho perfectamente pero sin problemas de movilidad.,0,1,1
puedo andar sin problemas,1,1,1
me molestan mucho los ruidos,1,2,1
"he perdido el ojo derecho, tengo necesidad constante de moverme.",0,1,2
no soporto abrir los ojos del doloro seaescucho las conversaciones sin problema y tengo dificultad para andar.,0,1,0
tengo vision normal - escucho las conversaciones sin problema ademas ando con muletas.,1,1,0
veo lo necesarioo seaescucho perfectamente y no puedo mover las piernas.,1,1,0
demasiado veloz,1,1,2
veo bien ademas ando con muletas.,1,1,0
"perdi los ojos, por otro lado tengo audicion nula, soy paraplejico.",0,0,0
"hiper visiontambienno soporto el volumen alto, soy muy lento caminando.",2,2,0
sin problemas de vista. tengo sordera profunda pero tengo hipermovilidad.,1,0,2
tengo sordera,1,0,1
me duele el ojo izquierdoo seacamino perfectamente.,0,1,1
los brillos me hacen daño en los ojostambienno puedo mover las piernas.,2,1,0
oigo bien,1,1,1
tengo hipersensibilidad visualo sealos sonidos agudos me dan dolor de cabeza pero no puedo caminar.,2,2,0
los brillos me hacen daño en los ojostambienme muevo compulsivamente.,2,1,2
la luz me deslumbra demasiado. no escucho en absoluto pero mi movilidad es normal.,2,0,1
"uso baston para ciegos, me muevo compulsivamente.",0,1,2
voy en baston,1,1,0
veo destellos constantemente aunque escucho las conversaciones sin problemao seacamino perfectamente.,2,1,1
hiper vision - tengo exceso de movimiento.,2,1,2
"la luz me deslumbra demasiadotambientengo hiperacusia, mi movilidad es normal.",2,2,1
veo perfectamente - voy en baston.,1,1,0
llevo lentillas y veo bien aunque puedo andar sin problemas.,1,1,1
super vision. escucho perfectamente y camino bien.,2,1,1
veo lo necesario. sin problemas de oidotambiendemasiado veloz.,1,1,2
la luz me deslumbra demasiado y tengo tics motores.,2,1,2
veo perfectamente pero soy hiperactivo.,1,1,2
oido demasiado fino,1,2,1
mi agudeza visual es promedioo seaescucho perfectamente ademas no me puedo quedar quieto.,1,1,2
no puedo caminar,1,1,0
"los brillos me hacen daño en los ojos, por otro lado demasiado veloz.",2,1,2
veo destellos constantemente. oigo muy mal pero puedo caminar y correr.,2,0,1
los ruidos fuertes me aturden,1,2,1
mi movilidad es normal,1,1,1
llevo lentillas y veo bien,1,1,1
veo todo muy borrosoo seaoigo muy mal - no puedo estar sentado mucho tiempo.,0,0,2
la luz me deslumbra demasiado. oigo muy mal - sin problemas de movilidad.,2,0,1
tengo ceguera totalo seaoigo bien aunque tengo inquietud motora extrema.,0,1,2
"he perdido el ojo derecho, tengo hiperacusia, camino perfectamente.",0,2,1
"veo bien, por otro lado soy hiperactivo.",1,1,2
veo todo muy borroso ademas tengo hiperacusia ademas puedo caminar y correr.,0,2,1
"no tengo problemas oculares, por otro lado tengo hipersensibilidad auditiva - camino bien.",1,2,1
sin problemas de vista aunque camino bien.,1,1,1
los brillos me hacen daño en los ojostambienmi movilidad es normal.,2,1,1
mi agudeza visual es promedio,1,1,1
no me puedo mover,1,1,0
oigo lo normal,1,1,1
veo bien,1,1,1
"veo destellos constantemente, por otro lado escucho perfectamente ademas mi movilidad es normal.",2,1,1
"tengo problemas en la vistatambientengo hiperacusia, no puedo estar sentado mucho tiempo.",0,2,2
"uso gafas para leer, oigo lo normal. ando con muletas.",1,1,0
"tengo ceguera total, por otro lado no puedo mover las piernas.",0,1,0
tengo hipersensibilidad a la luz aunque los sonidos agudos me dan dolor de cabezao seatengo movilidad muy reducida.,2,2,0
soy ciegotambientengo sordera profundao seacamino perfectamente.,0,0,1
sin problemas de vista pero mi movilidad es normal.,1,1,1
tengo problemas en la vista,0,1,1
"no tengo problemas oculares, por otro lado tengo un tapon aunque camino bien.",1,0,1
veo bien aunque oido demasiado fino - no puedo estar sentado mucho tiempo.,1,2,2
"tengo fotofobia, por otro lado escucho las conversaciones sin problemao seame muevo compulsivamente.",2,1,2
escucho las conversaciones sin problema,1,1,1
mi vista es normal,1,1,1
tengo hipersensibilidad auditiva,1,2,1
llevo lentillas y veo bien aunque no soporto el volumen alto. voy en baston.,1,2,0
"veo todo muy borroso. oigo bien, puedo andar sin problemas.",0,1,1
"super vision ademas los sonidos agudos me dan dolor de cabeza, no me puedo quedar quieto.",2,2,2
"sin problemas de vista, por otro lado tengo exceso de movimiento.",1,1,2
"no tengo problemas oculares, por otro lado tengo hiperacusia y estoy inmovilizado.",1,2,0
no tengo problemas oculares - oigo lo normalo seatengo hiperactividad.,1,1,2
veo destellos constantemente,2,1,1
mi agudeza visual es promediotambienno me puedo mover.,1,1,0
"tengo fotofobia, mi movilidad es normal.",2,1,1
me duelen los ojos - camino muy lento.,0,1,0
tengo audicion nula,1,0,1
uso baston para ciegos ademas tengo muy poca audicion ademas soy hiperactivo.,0,0,2
ando con muletas,1,1,0
llevo lentillas y veo bien aunque tengo movilidad muy reducida.,1,1,0
tengo hipermovilidad,1,1,2
los brillos me hacen daño en los ojos - no me puedo quedar quieto.,2,1,2
estoy ciego,0,1,1
hiper vision ademas no soporto el volumen alto - no puedo mover las piernas.,2,2,0
"estoy ciego, por otro lado soy hiperactivo.",0,1,2
super visiontambientengo audicion nula aunque no me puedo quedar quieto.,2,0,2
oigo lo normal,1,1,1
no tengo problemas oculares pero tengo hiperactividad.,1,1,2
super vision,2,1,1
llevo lentillas y veo bien,1,1,1
"no veo casi nada, por otro lado camino perfectamente.",0,1,1
camino perfectamente,1,1,1
veo destellos constantemente pero escucho perfectamente aunque mi movilidad es normal.,2,1,1
"siento dolor en los ojos, por otro lado ando en silla de ruedas.",0,1,0
veo todo muy borrosotambienoido demasiado finotambientengo hipermovilidad.,0,2,2
"estoy ciego, no soporto el volumen alto - tengo tics motores.",0,2,2
no tengo problemas oculares,1,1,1
veo destellos constantemente pero no puedo estar sentado mucho tiempo.,2,1,2
no tengo problemas oculares. me muevo con normalidad.,1,1,1
mi agudeza visual es promedio,1,1,1
ando en silla de ruedas,1,1,0
tengo sensibilidad extrema a la luz - no escucho nada - tengo movilidad muy reducida.,2,0,0
tengo fotofobia aunque sin problemas de oido aunque tengo inquietud motora extrema.,2,1,2
tengo vision nula y oido muy finotambienme muevo con normalidad.,0,2,1
siento dolor en los ojoso seaoigo lo normal pero soy paraplejico.,0,1,0
uso baston para ciegos pero ando en silla de ruedas.,0,1,0
veo perfectamenteo seaescucho perfectamente y tengo hipermovilidad.,1,1,2
tengo fotofobia. me cuesta mucho caminar.,2,1,0
"uso gafas para leer, por otro lado voy en baston.",1,1,0
"tengo vision normal, uso lenguaje de señas. tengo exceso de movimiento.",1,0,2
super vision,2,1,1
llevo lentillas y veo bieno seatengo hipersensibilidad auditiva pero camino perfectamente.,1,2,1
perdi los ojostambienoigo bien ademas camino bien.,0,1,1
tengo tics motores,1,1,2
veo destellos constantemente,2,1,1
veo perfectamente ademas tengo audicion nula - tengo dificultad para andar.,1,0,0
no escucho nada,1,0,1
"uso gafas para leer aunque super oido, por otro lado sin problemas de movilidad.",1,2,1
"veo lo necesario, no me puedo quedar quieto.",1,1,2
camino bien,1,1,1
"me duele el ojo izquierdo, por otro lado soy sordotambienno puedo mover las piernas.",0,0,0
hiper vision y tengo hipersensibilidad al ruido - sin problemas de movilidad.,2,2,1
tengo hipersensibilidad visual y tengo hipermovilidad.,2,1,2
"tengo vision nula, me muevo con normalidad.",0,1,1
estoy ciego ademas tengo audicion normal aunque sin problemas de movilidad.,0,1,1
veo lo necesario aunque sin problemas de oidotambiencamino bien.,1,1,1
"sin problemas de vista y sin problemas de oido, por otro lado no me puedo mover.",1,1,0
tengo inquietud motora extrema,1,1,2
"ceguera absoluta, escucho los ruidos demasiado fuertes. camino bien.",0,2,1
"mi agudeza visual es promedio ademas sin problemas de oido, soy muy lento caminando.",1,1,0
"tengo muy poca vision, tengo inquietud motora extrema.",0,1,2
tengo hipersensibilidad a la luz,2,1,1
"tengo vision normal, tengo audicion normal. camino muy lento.",1,1,0
"la luz me deslumbra demasiadoo seatengo muy poca audicion, puedo andar sin problemas.",2,0,1
tengo muy poca audicion,1,0,1
perdi la vista y camino perfectamente.,0,1,1
sin problemas de vista. tengo hipermovilidad.,1,1,2
"no veo casi nada ademas oido demasiado fino, por otro lado tengo movilidad muy reducida.",0,2,0
llevo lentillas y veo bieno seatengo hipersensibilidad al ruido aunque tengo hiperactividad.,1,2,2
super vision aunque no me puedo mover.,2,1,0
"no soporto las luces brillantes, por otro lado puedo andar sin problemas.",2,1,1
tengo vision normalo seatengo hipersensibilidad auditiva ademas camino bien.,1,2,1
no soporto las luces brillantes,2,1,1
llevo lentillas y veo bien aunque mi oido es normalo seaando con muletas.,1,1,0
"super vision, por otro lado puedo andar sin problemas.",2,1,1
tengo hipersensibilidad visual. escucho perfectamenteo seatengo dificultad para andar.,2,1,0
me duelen los ojos y tengo audicion nulao seame cuesta mucho caminar.,0,0,0
los brillos me hacen daño en los ojos - no escucho nada - no puedo estar sentado mucho tiempo.,2,0,2
no soporto las luces brillantes,2,1,1
"veo bien - escucho perfectamente, por otro lado sin problemas de movilidad.",1,1,1
sin problemas de vista aunque me molestan mucho los ruidos pero tengo exceso de movimiento.,1,2,2
"veo perfectamente, me molestan mucho los ruidos ademas soy paraplejico.",1,2,0
tengo vision nula. tengo audicion normal y puedo andar sin problemas.,0,1,1
escucho perfectamente,1,1,1
puedo caminar y correr,1,1,1
"estoy ciego, por otro lado tengo sordera aunque tengo dificultad para andar.",0,0,0
"super vision, escucho las conversaciones sin problema y camino bien.",2,1,1
tengo fotofobia ademas ando con muletas.,2,1,0
sin problemas de vista ademas me muevo compulsivamente.,1,1,2
llevo lentillas y veo bien aunque oigo muy malo seame muevo con normalidad.,1,0,1
veo perfectamente ademas tengo dificultad para andar.,1,1,0
sin problemas de movilidad,1,1,1
llevo lentillas y veo bien. oigo lo normalo seatengo tics motores.,1,1,2
"uso baston para ciegos, oigo lo normal y tengo problemas al caminar.",0,1,0
"tengo vision normal, no me puedo mover.",1,1,0
me molesta mucho la luz - ando con muletas.,2,1,0
tengo sordera profunda,1,0,1
tengo inquietud motora extrema,1,1,2
tengo vision normal,1,1,1
tengo audicion normal,1,1,1
he perdido el ojo derecho - soy sordotambiensin problemas de movilidad.,0,0,1
me muevo compulsivamente,1,1,2
veo lo necesariotambienoigo bien. camino bien.,1,1,1
mi vista es normal,1,1,1
"perdi la vista, por otro lado sin problemas de movilidad.",0,1,1
sin problemas de oido,1,1,1
veo lo necesario y puedo andar sin problemas.,1,1,1
veo bieno seasuper oido. camino muy lento.,1,2,0
"tengo vision normal, me molestan mucho los ruidos. puedo caminar y correr.",1,2,1
escucho perfectamente,1,1,1
me molestan mucho los ruidos,1,2,1
me cuesta mucho caminar,1,1,0
mi agudeza visual es promedio y estoy inmovilizado.,1,1,0
no veo en absolutotambiencamino bien.,0,1,1
tengo muy poca visiontambientengo muy poca audicion. puedo andar sin problemas.,0,0,1
perdi la vista,0,1,1
veo destellos constantementeo seavoy en baston.,2,1,0
mi movilidad es normal,1,1,1
"llevo lentillas y veo bien aunque oigo lo normal, por otro lado soy paralitico.",1,1,0
"mis ojos estan inflamados y duelentambienescucho perfectamente, por otro lado voy en baston.",0,1,0
"uso baston para ciegos, puedo andar sin problemas.",0,1,1
mi vista es normal - super oido pero tengo necesidad constante de moverme.,1,2,2
siento dolor en los ojostambienmi movilidad es normal.,0,1,1
"veo destellos constantemente pero super oido, sin problemas de movilidad.",2,2,1
veo destellos constantemente aunque no puedo caminar.,2,1,0
"me duelen los ojos al mirar, oigo lo normal y mi movilidad es normal.",0,1,1
"no veo casi nada, por otro lado tengo necesidad constante de moverme.",0,1,2
"mi vista es normal, por otro lado no me puedo quedar quieto.",1,1,2
mi agudeza visual es promediotambientengo muy poca audicion aunque tengo hipermovilidad.,1,0,2
"uso gafas para leer aunque los sonidos agudos me dan dolor de cabeza, por otro lado no puedo estar sentado mucho tiempo.",1,2,2
tengo ceguera total,0,1,1
"tengo dolor constante en los ojos, tengo hipersensibilidad auditiva. puedo andar sin problemas.",0,2,1
no soporto las luces brillantes pero tengo un oido demasiado sensible ademas no puedo estar sentado mucho tiempo.,2,2,2
"no tengo problemas oculares, por otro lado puedo caminar y correr.",1,1,1
hiper vision,2,1,1
me muevo compulsivamente,1,1,2
veo lo necesario pero no soporto el volumen alto pero puedo caminar y correr.,1,2,1
no tengo problemas oculares y escucho los ruidos demasiado fuertes ademas puedo andar sin problemas.,1,2,1
tengo vision normaltambientengo dificultad para andar.,1,1,0
tengo fotofobia,2,1,1
super vision,2,1,1
tengo vision normal pero tengo exceso de movimiento.,1,1,2
sin problemas de movilidad,1,1,1
"tengo ceguera totaltambienno escucho en absoluto, tengo hiperactividad.",0,0,2
mi agudeza visual es promedio pero tengo hipersensibilidad al ruido pero tengo problemas al caminar.,1,2,0
ceguera absoluta - tengo audicion nulao seapuedo andar sin problemas.,0,0,1
no soporto el volumen alto,1,2,1
"no veo en absoluto, tengo audicion normaltambienmi movilidad es normal.",0,1,1
uso gafas para leero seatengo hipersensibilidad al ruido - no puedo caminar.,1,2,0
uso baston para ciegos pero tengo movilidad muy reducida.,0,1,0
los brillos me hacen daño en los ojoso seatengo hiperactividad.,2,1,2
mi vista es normal,1,1,1
me molesta mucho la luz ademas escucho las conversaciones sin problema ademas sin problemas de movilidad.,2,1,1
veo destellos constantementeo seasin problemas de oido. tengo tics motores.,2,1,2
tengo hipersensibilidad al ruido,1,2,1
me molesta mucho la luz,2,1,1
no soporto las luces brillantes ademas oido demasiado fino pero puedo andar sin problemas.,2,2,1
veo muy mal,0,1,1
tengo problemas en la vista. tengo audicion normal aunque demasiado veloz.,0,1,2
"veo lo necesario pero mi oido es normal, por otro lado no puedo estar sentado mucho tiempo.",1,1,2
escucho todo muy apagado,1,0,1
no me puedo quedar quieto,1,1,2
tengo dolor constante en los ojos pero sin problemas de movilidad.,0,1,1
uso gafas para leer. no oigo nada aunque ando en silla de ruedas.,1,0,0
veo destellos constantemente,2,1,1
"siento dolor en los ojos - tengo muy poca audicion, tengo dificultad para andar.",0,0,0
"veo lo necesario, por otro lado oido muy finotambiendemasiado veloz.",1,2,2
mi vista es normal,1,1,1
"los brillos me hacen daño en los ojos, por otro lado mi movilidad es normal.",2,1,1
tengo vision nulatambienlos ruidos fuertes me aturden aunque no me puedo mover.,0,2,0
veo destellos constantementetambienme molestan mucho los ruidostambientengo movilidad muy reducida.,2,2,0
veo bien pero tengo dificultad para andar.,1,1,0
tengo vision nula aunque oigo lo normalo seacamino muy lento.,0,1,0
los ruidos fuertes me aturden,1,2,1
me molesta mucho la luz,2,1,1
tengo muy poca vision,0,1,1
"me molesta mucho la luz - me molestan mucho los ruidos, por otro lado sin problemas de movilidad.",2,2,1
tengo sordera,1,0,1
"no tengo problemas oculares ademas mi oido es normal, ando en silla de ruedas.",1,1,0
veo perfectamente,1,1,1
super visiono seaescucho los ruidos demasiado fuerteso seacamino bien.,2,2,1
tengo audicion nula,1,0,1
hiper vision ademas tengo inquietud motora extrema.,2,1,2
sin problemas de oido,1,1,1
tengo fotofobia,2,1,1
me cuesta mucho caminar,1,1,0
ceguera absoluta aunque puedo andar sin problemas.,0,1,1
tengo dolor ocular,0,1,1
camino muy lento,1,1,0
"he perdido el ojo derecho, por otro lado puedo caminar y correr.",0,1,1
tengo ceguera total aunque oigo muy mal ademas sin problemas de movilidad.,0,0,1
uso gafas para leer ademas tengo hiperacusia ademas estoy inmovilizado.,1,2,0
mi vista es normal pero escucho los ruidos demasiado fuertestambienando en silla de ruedas.,1,2,0
no me puedo mover,1,1,0
mi vista es normal,1,1,1
"veo muy mal, tengo muy poca audiciono seacamino bien.",0,0,1
"tengo hipersensibilidad a la luz aunque escucho todo muy apagado, por otro lado camino muy lento.",2,0,0
tengo muy poca audicion,1,0,1
mi movilidad es normal,1,1,1
mis ojos estan inflamados y duelen,0,1,1
"sin problemas de vista, me muevo con normalidad.",1,1,1
"tengo hipersensibilidad a la luz, por otro lado uso lenguaje de señastambiencamino bien.",2,0,1
"veo muy mal, por otro lado tengo hiperactividad.",0,1,2
llevo lentillas y veo bien,1,1,1
la luz me deslumbra demasiado. me muevo con normalidad.,2,1,1
tengo tics motores,1,1,2
"perdi los ojostambientengo un tapon, puedo caminar y correr.",0,0,1
puedo caminar y correr,1,1,1
tengo problemas al caminar,1,1,0
me molesta mucho la luz ademas soy sordo y soy muy lento caminando.,2,0,0
los sonidos agudos me dan dolor de cabeza,1,2,1
"no soporto las luces brillantes ademas mi oido es normal, soy paraplejico.",2,1,0
mi agudeza visual es promedio,1,1,1
"veo destellos constantemente ademas tengo sordera profunda, no me puedo quedar quieto.",2,0,2
"me duele el ojo izquierdo, por otro lado puedo caminar y correr.",0,1,1
mis ojos estan inflamados y duelen,0,1,1
"me molesta mucho la luz. escucho perfectamente, por otro lado tengo movilidad muy reducida.",2,1,0
he perdido el ojo derecho aunque tengo audicion normal - tengo tics motores.,0,1,2
veo bien,1,1,1
veo bien pero me muevo con normalidad.,1,1,1
llevo lentillas y veo bien - oido demasiado finoo seame muevo con normalidad.,1,2,1
veo destellos constantemente ademas escucho perfectamentetambientengo tics motores.,2,1,2
mi movilidad es normal,1,1,1
la luz me deslumbra demasiado. oigo lo normaltambientengo necesidad constante de moverme.,2,1,2
mi agudeza visual es promedio aunque escucho los ruidos demasiado fuertes y camino perfectamente.,1,2,1
camino bien,1,1,1
tengo hiperacusia,1,2,1
tengo hipersensibilidad visual y tengo hipersensibilidad al ruido ademas camino muy lento.,2,2,0
tengo hipersensibilidad visual - no escucho en absoluto ademas no me puedo mover.,2,0,0
soy sordo,1,0,1
oigo bien,1,1,1
veo destellos constantementetambientengo sorderatambiensoy paralitico.,2,0,0
tengo un oido demasiado sensible,1,2,1
demasiado veloz,1,1,2
tengo inquietud motora extrema,1,1,2
estoy inmovilizado,1,1,0
super visiono seasoy muy lento caminando.,2,1,0
"estoy ciego, tengo hipersensibilidad al ruido, por otro lado mi movilidad es normal.",0,2,1
tengo dolor ocular,0,1,1
ando en silla de ruedas,1,1,0
tengo hipersensibilidad a la luz,2,1,1
veo bien aunque voy en baston.,1,1,0
no soporto las luces brillantes. super oidotambienno puedo caminar.,2,2,0
mis ojos estan inflamados y duelen,0,1,1
sin problemas de vista. no soporto el volumen alto. tengo hipermovilidad.,1,2,2
"llevo lentillas y veo bien, tengo audicion nulatambientengo exceso de movimiento.",1,0,2
ando con muletas,1,1,0
tengo hipersensibilidad al ruido,1,2,1
"sin problemas de vista, oigo bien. tengo hipermovilidad.",1,1,2
"uso gafas para leer, no oigo nada pero ando en silla de ruedas.",1,0,0
"tengo hipersensibilidad visual, por otro lado los sonidos agudos me dan dolor de cabeza. soy paraplejico.",2,2,0
me molesta mucho la luz,2,1,1
veo todo muy borroso ademas tengo un oido demasiado sensible pero soy muy lento caminando.,0,2,0
mi movilidad es normal,1,1,1
mi vista es normal aunque sin problemas de movilidad.,1,1,1
mi agudeza visual es promedio - mi movilidad es normal.,1,1,1
tengo tics motores,1,1,2
veo bien y escucho todo muy apagado. ando con muletas.,1,0,0
uso baston para ciegos. oido demasiado fino - sin problemas de movilidad.,0,2,1
tengo problemas en la vista. escucho perfectamente pero tengo hipermovilidad.,0,1,2
oigo muy mal,1,0,1
tengo necesidad constante de moverme,1,1,2
"perdi la vista, no escucho en absoluto, por otro lado sin problemas de movilidad.",0,0,1
tengo ceguera total y tengo hipermovilidad.,0,1,2
super visiontambiensin problemas de oido y camino perfectamente.,2,1,1
los sonidos agudos me dan dolor de cabeza,1,2,1
uso baston para ciegoso seademasiado veloz.,0,1,2
"tengo ceguera total aunque tengo muy poca audicion, por otro lado puedo caminar y correr.",0,0,1
tengo hipersensibilidad visualtambiensoy sordo y me muevo con normalidad.,2,0,1
ceguera absolutatambiensoy sordotambienpuedo andar sin problemas.,0,0,1
ando con muletas,1,1,0
llevo lentillas y veo bien aunque puedo caminar y correr.,1,1,1
me duele el ojo izquierdo,0,1,1
escucho todo muy apagado,1,0,1
hiper visiontambiensoy paralitico.,2,1,0
"tengo vision normal - tengo muy poca audicion, por otro lado mi movilidad es normal.",1,0,1
tengo vision normal y soy paraplejico.,1,1,0
hiper vision - escucho perfectamente - ando con muletas.,2,1,0
soy paraplejico,1,1,0
me molesta mucho la luz. no escucho en absolutotambienmi movilidad es normal.,2,0,1
llevo lentillas y veo bien ademas escucho todo muy apagadotambiensoy muy lento caminando.,1,0,0
me duele el ojo derecho pero oido muy fino aunque camino muy lento.,0,2,0
"veo bien - escucho las conversaciones sin problema, tengo hipermovilidad.",1,1,2
puedo caminar y correr,1,1,1
veo bieno seaescucho perfectamente. sin problemas de movilidad.,1,1,1
no soporto el volumen alto,1,2,1
me muevo compulsivamente,1,1,2
no veo nadao seatengo hipersensibilidad al ruido aunque tengo movilidad muy reducida.,0,2,0
no veo nada ademas escucho perfectamente ademas puedo caminar y correr.,0,1,1
"no tengo problemas ocularestambientengo audicion normal, tengo problemas al caminar.",1,1,0
"perdi los ojos, tengo audicion normal, por otro lado ando en silla de ruedas.",0,1,0
veo perfectamente - los sonidos agudos me dan dolor de cabeza aunque tengo dificultad para andar.,1,2,0
estoy inmovilizado,1,1,0
"no tengo problemas oculares aunque oigo lo normal, no me puedo mover.",1,1,0
estoy ciego - ando en silla de ruedas.,0,1,0
oigo bien,1,1,1
"no soporto las luces brillantes, soy muy lento caminando.",2,1,0
tengo fotofobiatambienme molestan mucho los ruidos aunque estoy inmovilizado.,2,2,0
escucho todo muy apagado,1,0,1
tengo sensibilidad extrema a la luz y tengo hipersensibilidad auditiva aunque no puedo estar sentado mucho tiempo.,2,2,2
no veo casi nada,0,1,1
"no tengo problemas oculares, por otro lado soy sordo aunque no me puedo quedar quieto.",1,0,2
llevo lentillas y veo bien y los sonidos agudos me dan dolor de cabeza. no puedo mover las piernas.,1,2,0
soy muy lento caminando,1,1,0
mi movilidad es normal,1,1,1
he perdido el ojo izquierdo ademas tengo hipersensibilidad al ruido aunque no puedo mover las piernas.,0,2,0
tengo muy poca vision,0,1,1
mi movilidad es normal,1,1,1
mi movilidad es normal,1,1,1
"mi agudeza visual es promedio, camino perfectamente.",1,1,1
tengo hipersensibilidad visual aunque tengo movilidad muy reducida.,2,1,0
no me puedo mover,1,1,0
veo bien,1,1,1
veo lo necesario,1,1,1
me duele el ojo derecho pero tengo muy poca audicion - soy paralitico.,0,0,0
mi agudeza visual es promedio aunque me muevo compulsivamente.,1,1,2
me duelen los ojos permanentemente. camino muy lento.,0,1,0
tengo muy poca vision aunque demasiado veloz.,0,1,2
tengo vision normal y me muevo compulsivamente.,1,1,2
sin problemas de oido,1,1,1
la luz me deslumbra demasiado,2,1,1
no soporto abrir los ojos del dolortambientengo hipersensibilidad al ruido aunque puedo andar sin problemas.,0,2,1
me duelen los ojos ademas camino muy lento.,0,1,0
veo lo necesario,1,1,1
tengo necesidad constante de moverme,1,1,2
no tengo problemas oculares. tengo necesidad constante de moverme.,1,1,2
sin problemas de movilidad,1,1,1
no veo en absoluto,0,1,1
tengo ceguera total aunque escucho todo muy apagado aunque soy muy lento caminando.,0,0,0
no tengo problemas oculares - tengo hipermovilidad.,1,1,2
mi agudeza visual es promedio - tengo exceso de movimiento.,1,1,2
mi vista es normal. tengo un tapontambienpuedo caminar y correr.,1,0,1
los brillos me hacen daño en los ojos aunque no escucho nada y tengo tics motores.,2,0,2
veo lo necesario aunque los sonidos agudos me dan dolor de cabeza y sin problemas de movilidad.,1,2,1
"tengo hipersensibilidad a la luz, oigo lo normaltambiensoy paraplejico.",2,1,0
siento dolor en los ojoso seaescucho perfectamente y no puedo caminar.,0,1,0
tengo audicion normal,1,1,1
no tengo problemas oculares y me muevo compulsivamente.,1,1,2
veo lo necesario y tengo un oido demasiado sensible y voy en baston.,1,2,0
me muevo con normalidad,1,1,1
he perdido el ojo izquierdo ademas puedo caminar y correr.,0,1,1
sin problemas de vista pero tengo hipersensibilidad al ruido. mi movilidad es normal.,1,2,1
me duele el ojo derecho. uso lenguaje de señas - tengo dificultad para andar.,0,0,0
mi vista es normaltambienme cuesta mucho caminar.,1,1,0
"me duele el ojo derecho, uso lenguaje de señas pero camino perfectamente.",0,0,1
tengo hipersensibilidad visual ademas mi movilidad es normal.,2,1,1
no oigo nada,1,0,1
los ruidos fuertes me aturden,1,2,1
no escucho nada,1,0,1
perdi la vista - los sonidos agudos me dan dolor de cabezao seacamino perfectamente.,0,2,1
sin problemas de vistao seatengo hipersensibilidad al ruido pero no puedo caminar.,1,2,0
no veo nada - tengo hipersensibilidad al ruidoo seame muevo con normalidad.,0,2,1
me cuesta mucho caminar,1,1,0
mis ojos estan inflamados y duelen,0,1,1
sin problemas de oido,1,1,1
me duelen los ojos al mirartambienoido demasiado fino pero soy muy lento caminando.,0,2,0
no soporto las luces brillantes. tengo audicion normal pero camino bien.,2,1,1
uso gafas para leer y sin problemas de movilidad.,1,1,1
veo lo necesarioo seaescucho los ruidos demasiado fuerteso seatengo hipermovilidad.,1,2,2
tengo sensibilidad extrema a la luz,2,1,1
"los brillos me hacen daño en los ojos, los sonidos agudos me dan dolor de cabeza, por otro lado no me puedo mover.",2,2,0
me molesta mucho la luz - tengo tics motores.,2,1,2
mis ojos estan inflamados y dueleno sealos sonidos agudos me dan dolor de cabezatambientengo necesidad constante de moverme.,0,2,2
veo perfectamenteo seaoigo lo normal y demasiado veloz.,1,1,2
la luz me deslumbra demasiadoo seatengo un tapon aunque tengo dificultad para andar.,2,0,0
escucho perfectamente,1,1,1
super oido,1,2,1
"tengo vision normal, escucho perfectamente, por otro lado sin problemas de movilidad.",1,1,1
me muevo con normalidad,1,1,1
la luz me deslumbra demasiado ademas escucho todo muy apagadoo seasin problemas de movilidad.,2,0,1
tengo fotofobia,2,1,1
oigo muy mal,1,0,1
estoy ciego - escucho todo muy apagado ademas tengo exceso de movimiento.,0,0,2
veo perfectamentetambiensuper oido aunque ando con muletas.,1,2,0
tengo muy poca vision,0,1,1
perdi la vista - escucho perfectamenteo seasoy hiperactivo.,0,1,2
me duelen los ojos permanentemente - tengo un tapono seano me puedo mover.,0,0,0
"tengo hipersensibilidad a la luz, por otro lado tengo un tapontambientengo inquietud motora extrema.",2,0,2
sin problemas de vista,1,1,1
super vision ademas puedo caminar y correr.,2,1,1
me duele el ojo izquierdo ademas tengo hipermovilidad.,0,1,2
mi vista es normal ademas camino perfectamente.,1,1,1
"tengo hipersensibilidad a la luz. no escucho nada, por otro lado puedo caminar y correr.",2,0,1
ceguera absolutatambientengo problemas al caminar.,0,1,0
veo lo necesario ademas soy hiperactivo.,1,1,2
sin problemas de vista,1,1,1
me molesta mucho la luz,2,1,1
he perdido el ojo derecho,0,1,1
perdi los ojos - no oigo nada. me muevo con normalidad.,0,0,1
veo bien pero mi oido es normaltambiensoy paraplejico.,1,1,0
tengo fotofobia,2,1,1
"super vision, tengo hipersensibilidad auditiva. tengo inquietud motora extrema.",2,2,2
"no veo nada, por otro lado mi oido es normalo seatengo problemas al caminar.",0,1,0
"tengo vision nula, por otro lado sin problemas de oido y me muevo compulsivamente.",0,1,2
"mi vista es normal - tengo muy poca audicion, por otro lado puedo andar sin problemas.",1,0,1
mi vista es normal. tengo exceso de movimiento.,1,1,2
tengo vision nula aunque camino bien.,0,1,1
tengo ceguera total. super oido ademas camino perfectamente.,0,2,1
veo todo muy borroso,0,1,1
sin problemas de movilidad,1,1,1
tengo sensibilidad extrema a la luz - tengo sordera profunda pero tengo hipermovilidad.,2,0,2
veo lo necesario y me muevo con normalidad.,1,1,1
super vision - escucho los ruidos demasiado fuertestambientengo movilidad muy reducida.,2,2,0
no veo casi nadao seacamino bien.,0,1,1
tengo vision normalo seaoido muy fino pero puedo caminar y correr.,1,2,1
mi movilidad es normal,1,1,1
me duele el ojo izquierdo ademas tengo movilidad muy reducida.,0,1,0
tengo sordera profunda,1,0,1
veo perfectamente ademas estoy inmovilizado.,1,1,0
veo destellos constantementeo seatengo hiperacusia - ando con muletas.,2,2,0
"no veo en absoluto, por otro lado tengo un oido demasiado sensibletambienmi movilidad es normal.",0,2,1
la luz me deslumbra demasiado pero soy paralitico.,2,1,0
veo lo necesario - tengo audicion nula aunque soy paraplejico.,1,0,0
tengo dificultad para andar,1,1,0
veo muy mal aunque camino perfectamente.,0,1,1
me molestan mucho los ruidos,1,2,1
"tengo dolor constante en los ojos, por otro lado tengo un tapon ademas tengo problemas al caminar.",0,0,0
veo perfectamente,1,1,1
tengo exceso de movimiento,1,1,2
"la luz me deslumbra demasiado, por otro lado oigo bien ademas sin problemas de movilidad.",2,1,1
"uso gafas para leer, me muevo con normalidad.",1,1,1
"perdi los ojos, por otro lado tengo hipersensibilidad al ruido, camino perfectamente.",0,2,1
no tengo problemas oculares,1,1,1
soy hiperactivo,1,1,2
no veo en absoluto y oigo muy mal y mi movilidad es normal.,0,0,1
me muevo con normalidad,1,1,1
"estoy ciego, escucho los ruidos demasiado fuertes, camino bien.",0,2,1
sin problemas de vistao seasoy sordo. no puedo estar sentado mucho tiempo.,1,0,2
escucho los ruidos demasiado fuertes,1,2,1
me muevo compulsivamente,1,1,2
sin problemas de vista ademas oigo bien. me muevo con normalidad.,1,1,1
me duelen los ojos. no puedo estar sentado mucho tiempo.,0,1,2
me molesta mucho la luz. oigo bieno seatengo tics motores.,2,1,2
uso baston para ciegos aunque soy muy lento caminando.,0,1,0
soy sordo,1,0,1
tengo audicion nula,1,0,1
puedo andar sin problemas,1,1,1
los ruidos fuertes me aturden,1,2,1
veo bien aunque tengo muy poca audiciono seapuedo andar sin problemas.,1,0,1
"mi vista es normal, tengo hipersensibilidad al ruidoo seacamino perfectamente.",1,2,1
la luz me deslumbra demasiado,2,1,1
"tengo fotofobia aunque me molestan mucho los ruidos, por otro lado me muevo compulsivamente.",2,2,2
no soporto las luces brillantes - sin problemas de movilidad.,2,1,1
no soporto las luces brillantes pero oigo bien - mi movilidad es normal.,2,1,1
veo perfectamente,1,1,1
llevo lentillas y veo bien ademas sin problemas de oido pero no puedo mover las piernas.,1,1,0
he perdido el ojo izquierdo - sin problemas de oido ademas ando con muletas.,0,1,0
estoy ciego,0,1,1
uso gafas para leer ademas uso lenguaje de señas. tengo hipermovilidad.,1,0,2
"uso baston para ciegos, por otro lado tengo muy poca audicion, por otro lado soy paralitico.",0,0,0
no soporto el volumen alto,1,2,1
veo lo necesariotambienmi oido es normal. no me puedo quedar quieto.,1,1,2
perdi los ojos aunque soy paralitico.,0,1,0
"sin problemas de vistatambienescucho los ruidos demasiado fuertes, por otro lado demasiado veloz.",1,2,2
"no soporto abrir los ojos del dolor, por otro lado tengo problemas al caminar.",0,1,0
hiper vision y sin problemas de oido ademas puedo andar sin problemas.,2,1,1
veo bien. super oido - tengo hipermovilidad.,1,2,2
mi agudeza visual es promedio,1,1,1
tengo hipersensibilidad auditiva,1,2,1
tengo sensibilidad extrema a la luz ademas voy en baston.,2,1,0
me duele el ojo derechoo seame molestan mucho los ruidos y soy paraplejico.,0,2,0
he perdido el ojo izquierdoo seano escucho en absolutotambientengo movilidad muy reducida.,0,0,0
he perdido el ojo derecho aunque tengo un tapon ademas voy en baston.,0,0,0
camino perfectamente,1,1,1
super vision,2,1,1
"no soporto las luces brillantes, oigo bien, camino bien.",2,1,1
me duelen los ojos. uso lenguaje de señas y me cuesta mucho caminar.,0,0,0
llevo lentillas y veo bien,1,1,1
"siento dolor en los ojos y tengo sordera profunda, soy hiperactivo.",0,0,2
mi agudeza visual es promedio. no escucho nadatambiencamino perfectamente.,1,0,1
"no soporto las luces brillantes - tengo hipersensibilidad al ruido, camino bien.",2,2,1
tengo sordera,1,0,1
puedo caminar y correr,1,1,1
uso lenguaje de señas,1,0,1
uso gafas para leer y tengo hipersensibilidad auditiva aunque puedo andar sin problemas.,1,2,1
tengo un tapon,1,0,1
tengo audicion normal,1,1,1
"no tengo problemas oculares, me molestan mucho los ruidos, camino muy lento.",1,2,0
los brillos me hacen daño en los ojos pero oigo muy mal. puedo caminar y correr.,2,0,1
no tengo problemas oculares ademas los sonidos agudos me dan dolor de cabeza y camino perfectamente.,1,2,1
mi movilidad es normal,1,1,1
no veo nada,0,1,1
tengo sensibilidad extrema a la luz aunque tengo muy poca audicion y tengo hipermovilidad.,2,0,2
mi agudeza visual es promedio. soy hiperactivo.,1,1,2
"veo bien pero uso lenguaje de señas, tengo movilidad muy reducida.",1,0,0
me molesta mucho la luzo seano me puedo mover.,2,1,0
sin problemas de vista,1,1,1
me duelen los ojos al mirartambientengo inquietud motora extrema.,0,1,2
mi agudeza visual es promedio pero tengo tics motores.,1,1,2
no veo nada y tengo sordera. voy en baston.,0,0,0
"veo lo necesario, camino bien.",1,1,1
la luz me deslumbra demasiado,2,1,1
he perdido el ojo derechoo seaoigo bien. me muevo compulsivamente.,0,1,2
me duelen los ojos al miraro seatengo tics motores.,0,1,2
no puedo estar sentado mucho tiempo,1,1,2
me duele el ojo derecho aunque demasiado veloz.,0,1,2
uso gafas para leer pero uso lenguaje de señaso seame muevo compulsivamente.,1,0,2
"sin problemas de vistatambientengo audicion normal, puedo andar sin problemas.",1,1,1
"me duelen los ojos al miraro seaescucho las conversaciones sin problema, por otro lado tengo tics motores.",0,1,2
"no soporto las luces brillantes, por otro lado no soporto el volumen alto, camino muy lento.",2,2,0
veo todo muy borrosoo seano puedo estar sentado mucho tiempo.,0,1,2
me cuesta mucho caminar,1,1,0
veo destellos constantemente aunque no puedo estar sentado mucho tiempo.,2,1,2
camino bien,1,1,1
llevo lentillas y veo bieno seatengo necesidad constante de moverme.,1,1,2
hiper vision,2,1,1
super vision pero tengo sordera aunque me muevo con normalidad.,2,0,1
veo perfectamente aunque los sonidos agudos me dan dolor de cabeza. me cuesta mucho caminar.,1,2,0
uso gafas para leertambienno puedo mover las piernas.,1,1,0
veo lo necesario,1,1,1
"tengo vision normal aunque oigo bien, soy paraplejico.",1,1,0
"tengo sensibilidad extrema a la luz, por otro lado escucho perfectamenteo seami movilidad es normal.",2,1,1
me duelen los ojos al mirar y mi oido es normal. tengo tics motores.,0,1,2
tengo hipersensibilidad auditiva,1,2,1
llevo lentillas y veo bien y tengo necesidad constante de moverme.,1,1,2
llevo lentillas y veo bien,1,1,1
super vision y oido muy fino - puedo andar sin problemas.,2,2,1
demasiado veloz,1,1,2
"tengo ceguera total, por otro lado escucho los ruidos demasiado fuertes aunque tengo inquietud motora extrema.",0,2,2
tengo sensibilidad extrema a la luz,2,1,1
tengo fotofobia,2,1,1
"los brillos me hacen daño en los ojos, por otro lado escucho los ruidos demasiado fuertes pero tengo tics motores.",2,2,2
"me duele el ojo derecho, por otro lado tengo un tapon y me cuesta mucho caminar.",0,0,0
siento dolor en los ojoso sealos sonidos agudos me dan dolor de cabeza. estoy inmovilizado.,0,2,0
tengo inquietud motora extrema,1,1,2
veo destellos constantemente. soy muy lento caminando.,2,1,0
tengo fotofobia. los ruidos fuertes me aturdentambientengo inquietud motora extrema.,2,2,2
llevo lentillas y veo bien y sin problemas de movilidad.,1,1,1
"veo perfectamente, por otro lado demasiado veloz.",1,1,2
"veo destellos constantementeo seatengo un oido demasiado sensible, por otro lado estoy inmovilizado.",2,2,0
hiper vision y tengo hipersensibilidad al ruido pero tengo tics motores.,2,2,2
no tengo problemas oculares - tengo audicion nulatambiencamino bien.,1,0,1
"no tengo problemas oculares, por otro lado oido muy finoo seame cuesta mucho caminar.",1,2,0
uso baston para ciegos pero sin problemas de movilidad.,0,1,1
tengo hipersensibilidad a la luz aunque oigo muy mal pero puedo caminar y correr.,2,0,1
super visiono seademasiado veloz.,2,1,2
veo todo muy borroso ademas tengo hiperacusia. camino bien.,0,2,1
camino bien,1,1,1
uso gafas para leer y escucho perfectamente y estoy inmovilizado.,1,1,0
mi oido es normal,1,1,1
mi vista es normal - tengo audicion normal pero tengo tics motores.,1,1,2
escucho perfectamente,1,1,1
no tengo problemas oculares aunque no puedo estar sentado mucho tiempo.,1,1,2
tengo vision normal,1,1,1
no soporto las luces brillanteso seatengo un oido demasiado sensible aunque tengo problemas al caminar.,2,2,0
tengo ceguera total ademas tengo audicion normal pero sin problemas de movilidad.,0,1,1
tengo dolor ocular. puedo andar sin problemas.,0,1,1
veo lo necesario aunque sin problemas de movilidad.,1,1,1
"me duelen los ojos al mirar, puedo caminar y correr.",0,1,1
veo lo necesario - los sonidos agudos me dan dolor de cabeza aunque me muevo con normalidad.,1,2,1
mis ojos estan inflamados y duelen,0,1,1
he perdido el ojo derecho aunque tengo problemas al caminar.,0,1,0
no me puedo mover,1,1,0
veo bien pero oigo lo normal ademas tengo exceso de movimiento.,1,1,2
perdi los ojos y no soporto el volumen alto pero soy hiperactivo.,0,2,2
no tengo problemas oculares y mi movilidad es normal.,1,1,1
oigo bien,1,1,1
tengo dolor constante en los ojos pero super oido. demasiado veloz.,0,2,2
tengo sensibilidad extrema a la luz - sin problemas de movilidad.,2,1,1
veo bientambienno soporto el volumen alto aunque sin problemas de movilidad.,1,2,1
"hiper vision, por otro lado uso lenguaje de señastambienpuedo caminar y correr.",2,0,1
perdi la vista y uso lenguaje de señas. sin problemas de movilidad.,0,0,1
tengo hipersensibilidad a la luz - oigo lo normal aunque me muevo compulsivamente.,2,1,2
he perdido el ojo izquierdoo seaando en silla de ruedas.,0,1,0
camino bien,1,1,1
soy ciego. camino perfectamente.,0,1,1
estoy ciegoo seatengo audicion normalo seatengo necesidad constante de moverme.,0,1,2
"veo destellos constantemente, oigo muy mal, ando en silla de ruedas.",2,0,0
no veo casi nada aunque escucho perfectamente aunque tengo hiperactividad.,0,1,2
veo bien y tengo audicion normal ademas voy en baston.,1,1,0
llevo lentillas y veo bien,1,1,1
mi agudeza visual es promediotambientengo audicion normaltambienno me puedo quedar quieto.,1,1,2
tengo hipersensibilidad a la luz pero no puedo caminar.,2,1,0
los brillos me hacen daño en los ojostambiencamino bien.,2,1,1
no tengo problemas oculares,1,1,1
ceguera absoluta - demasiado veloz.,0,1,2
escucho las conversaciones sin problema,1,1,1
tengo problemas en la vista. soy sordo ademas me muevo con normalidad.,0,0,1
la luz me deslumbra demasiado aunque oigo bien y mi movilidad es normal.,2,1,1
perdi los ojos y soy hiperactivo.,0,1,2
"uso gafas para leer, uso lenguaje de señastambientengo movilidad muy reducida.",1,0,0
"no tengo problemas ocularestambienoigo lo normal, por otro lado voy en baston.",1,1,0
veo perfectamente. no oigo nada y demasiado veloz.,1,0,2
tengo fotofobia ademas no me puedo quedar quieto.,2,1,2
me molesta mucho la luztambienoido muy fino pero puedo caminar y correr.,2,2,1
me duelen los ojos aunque tengo audicion normal - tengo tics motores.,0,1,2
"tengo dolor constante en los ojos, oigo bien, por otro lado estoy inmovilizado.",0,1,0
tengo dolor ocularo seasoy paraplejico.,0,1,0
estoy inmovilizado,1,1,0
soy hiperactivo,1,1,2
mi vista es normaltambientengo hiperacusia aunque soy paralitico.,1,2,0
no tengo problemas oculares,1,1,1
siento dolor en los ojos ademas soy paralitico.,0,1,0
veo perfectamente. escucho los ruidos demasiado fuertes. estoy inmovilizado.,1,2,0
me molesta mucho la luz,2,1,1
uso gafas para leertambiendemasiado veloz.,1,1,2
mi vista es normal ademas camino perfectamente.,1,1,1
veo bien,1,1,1
super vision ademas soy paralitico.,2,1,0
"tengo fotofobia y uso lenguaje de señas, por otro lado camino bien.",2,0,1
"la luz me deslumbra demasiado, por otro lado mi oido es normalo seacamino muy lento.",2,1,0
"me molesta mucho la luz y tengo un oido demasiado sensible, por otro lado soy paraplejico.",2,2,0
uso gafas para leer pero tengo hipersensibilidad auditiva - camino muy lento.,1,2,0
tengo hiperactividad,1,1,2
sin problemas de vistao seame molestan mucho los ruidostambienpuedo caminar y correr.,1,2,1
"tengo muy poca vision aunque mi oido es normal, soy paraplejico.",0,1,0
tengo hipersensibilidad a la luztambientengo problemas al caminar.,2,1,0
"veo lo necesario, no escucho nadatambiencamino bien.",1,0,1
tengo un tapon,1,0,1
"tengo hipersensibilidad a la luz, tengo exceso de movimiento.",2,1,2
tengo hipersensibilidad a la luz - escucho las conversaciones sin problema - no puedo estar sentado mucho tiempo.,2,1,2
llevo lentillas y veo bien. no puedo mover las piernas.,1,1,0
llevo lentillas y veo bien ademas escucho todo muy apagadotambienestoy inmovilizado.,1,0,0
me duele el ojo derecho - tengo audicion nula y camino bien.,0,0,1
super vision ademas escucho todo muy apagado y mi movilidad es normal.,2,0,1
"no tengo problemas oculares pero no escucho nada, tengo hipermovilidad.",1,0,2
"me molesta mucho la luz, por otro lado demasiado veloz.",2,1,2
he perdido el ojo derecho. no escucho nada - tengo problemas al caminar.,0,0,0
tengo sensibilidad extrema a la luz pero voy en baston.,2,1,0
tengo fotofobia,2,1,1
me molesta mucho la luz. tengo inquietud motora extrema.,2,1,2
me molestan mucho los ruidos,1,2,1
me cuesta mucho caminar,1,1,0
veo perfectamente aunque no puedo estar sentado mucho tiempo.,1,1,2
"tengo hipersensibilidad a la luz, tengo un oido demasiado sensible, demasiado veloz.",2,2,2
llevo lentillas y veo bien ademas camino bien.,1,1,1
soy sordo,1,0,1
mis ojos estan inflamados y duelen y tengo hipersensibilidad auditiva. no puedo estar sentado mucho tiempo.,0,2,2
"tengo hipersensibilidad visual pero sin problemas de oido, camino bien.",2,1,1
hiper visiono seaoigo bientambiensoy hiperactivo.,2,1,2
no veo nada aunque tengo exceso de movimiento.,0,1,2
puedo andar sin problemas,1,1,1
super vision y me muevo con normalidad.,2,1,1
veo bien,1,1,1
"veo destellos constantemente, por otro lado tengo hipermovilidad.",2,1,2
"veo destellos constantemente, por otro lado escucho las conversaciones sin problema ademas mi movilidad es normal.",2,1,1
soy paraplejico,1,1,0
mi agudeza visual es promedio pero escucho todo muy apagadoo seano puedo caminar.,1,0,0
"veo lo necesario, por otro lado demasiado veloz.",1,1,2
puedo caminar y correr,1,1,1
"tengo hipersensibilidad a la luz, tengo muy poca audicion. me muevo compulsivamente.",2,0,2
tengo muy poca visiono seaoigo bientambienno me puedo quedar quieto.,0,1,2
me duelen los ojos al mirar - escucho perfectamente - puedo caminar y correr.,0,1,1
escucho los ruidos demasiado fuertes,1,2,1
tengo movilidad muy reducida,1,1,0
tengo problemas al caminar,1,1,0
me duelen los ojos al mirar y ando en silla de ruedas.,0,1,0
tengo hipersensibilidad visual y me molestan mucho los ruidostambienno puedo caminar.,2,2,0
"los brillos me hacen daño en los ojos ademas los ruidos fuertes me aturden, no puedo mover las piernas.",2,2,0
tengo fotofobia aunque me muevo compulsivamente.,2,1,2
tengo hipersensibilidad al ruido,1,2,1
"mi agudeza visual es promedio, por otro lado soy muy lento caminando.",1,1,0
"no soporto abrir los ojos del dolor, mi oido es normal aunque no puedo caminar.",0,1,0
tengo fotofobia ademas no escucho en absolutoo seasoy muy lento caminando.,2,0,0
uso lenguaje de señas,1,0,1
"tengo dolor ocular, oido demasiado fino y camino perfectamente.",0,2,1
"tengo vision nula, me muevo con normalidad.",0,1,1
"veo perfectamentetambienno oigo nada, por otro lado no me puedo quedar quieto.",1,0,2
demasiado veloz,1,1,2
me duele el ojo izquierdo ademas tengo hiperacusia - me muevo con normalidad.,0,2,1
no veo en absoluto,0,1,1
la luz me deslumbra demasiado - tengo muy poca audicion y voy en baston.,2,0,0
veo lo necesario. tengo audicion nula ademas no me puedo mover.,1,0,0
veo destellos constantemente ademas puedo andar sin problemas.,2,1,1
he perdido el ojo derecho aunque oigo lo normal. tengo tics motores.,0,1,2
veo lo necesario ademas escucho los ruidos demasiado fuertes pero camino bien.,1,2,1
veo bien ademas tengo sordera aunque ando en silla de ruedas.,1,0,0
"he perdido el ojo derecho, mi oido es normal - no puedo caminar.",0,1,0
tengo ceguera total. puedo caminar y correr.,0,1,1
uso gafas para leero seaescucho los ruidos demasiado fuertes ademas camino bien.,1,2,1
me molesta mucho la luz pero oigo lo normal. sin problemas de movilidad.,2,1,1
no soporto las luces brillantes,2,1,1
"uso gafas para leero seatengo hipersensibilidad auditiva, demasiado veloz.",1,2,2
mi agudeza visual es promedio,1,1,1
tengo exceso de movimiento,1,1,2
"mi vista es normal, los ruidos fuertes me aturden aunque estoy inmovilizado.",1,2,0
"veo destellos constantemente, mi movilidad es normal.",2,1,1
hiper vision. escucho las conversaciones sin problematambientengo hipermovilidad.,2,1,2
no soporto abrir los ojos del dolor pero sin problemas de movilidad.,0,1,1
"me molesta mucho la luz, por otro lado escucho perfectamente, mi movilidad es normal.",2,1,1
"no soporto las luces brillantes, escucho perfectamente ademas me cuesta mucho caminar.",2,1,0
"sin problemas de vista ademas escucho los ruidos demasiado fuertes, por otro lado camino perfectamente.",1,2,1
tengo fotofobiatambienpuedo caminar y correr.,2,1,1
me duelen los ojos permanentementeo seatengo audicion normalo seaando en silla de ruedas.,0,1,0
me duelen los ojos. no puedo mover las piernas.,0,1,0
"super vision, me molestan mucho los ruidos - camino perfectamente.",2,2,1
siento dolor en los ojostambientengo tics motores.,0,1,2
"no veo casi nada, oigo lo normal, por otro lado sin problemas de movilidad.",0,1,1
tengo problemas al caminar,1,1,0
perdi los ojos - oido muy fino. me muevo compulsivamente.,0,2,2
sin problemas de vista y me molestan mucho los ruidoso seacamino perfectamente.,1,2,1
llevo lentillas y veo bien y oigo bieno seatengo inquietud motora extrema.,1,1,2
"mi agudeza visual es promedio, voy en baston.",1,1,0
tengo hipermovilidad,1,1,2
hiper vision. tengo inquietud motora extrema.,2,1,2
me duelen los ojos permanentemente,0,1,1
camino bien,1,1,1
mi vista es normal y tengo hiperactividad.,1,1,2
escucho las conversaciones sin problema,1,1,1
tengo hiperacusia,1,2,1
camino perfectamente,1,1,1
"no veo casi nada, oigo bien y tengo hipermovilidad.",0,1,2
tengo dolor ocular aunque no escucho en absoluto. sin problemas de movilidad.,0,0,1
veo lo necesario,1,1,1
no veo en absolutotambienescucho todo muy apagado y tengo dificultad para andar.,0,0,0
"tengo vision nula pero tengo hipersensibilidad auditiva, por otro lado camino muy lento.",0,2,0
"tengo ceguera total, por otro lado no puedo caminar.",0,1,0
"sin problemas de vista, los sonidos agudos me dan dolor de cabeza - no puedo mover las piernas.",1,2,0
me molesta mucho la luzo seatengo audicion nula pero tengo hipermovilidad.,2,0,2
camino bien,1,1,1
uso lenguaje de señas,1,0,1
oigo bien,1,1,1
"no soporto las luces brillantes ademas tengo hipersensibilidad al ruido, por otro lado soy muy lento caminando.",2,2,0
he perdido el ojo derecho aunque puedo andar sin problemas.,0,1,1
mi vista es normal,1,1,1
no tengo problemas oculares,1,1,1
"no veo casi nada, soy hiperactivo.",0,1,2
puedo andar sin problemas,1,1,1
super visiono seacamino bien.,2,1,1
he perdido el ojo izquierdotambiencamino perfectamente.,0,1,1
no tengo problemas oculares ademas tengo necesidad constante de moverme.,1,1,2
mi agudeza visual es promedio. sin problemas de movilidad.,1,1,1
no veo casi nadatambientengo hiperactividad.,0,1,2
veo perfectamente - sin problemas de oido y tengo tics motores.,1,1,2
uso baston para ciegos,0,1,1
"tengo vision nula, por otro lado escucho todo muy apagado, camino bien.",0,0,1
no veo casi nadao seano escucho nada. mi movilidad es normal.,0,0,1
soy sordo,1,0,1
no me puedo mover,1,1,0
"veo lo necesariotambienoido muy fino, tengo problemas al caminar.",1,2,0
"tengo vision nula, por otro lado tengo inquietud motora extrema.",0,1,2
"tengo problemas en la vistao seasin problemas de oido, me muevo con normalidad.",0,1,1
llevo lentillas y veo bientambienme molestan mucho los ruidoso seasoy muy lento caminando.,1,2,0
"super vision, tengo audicion normal y no me puedo quedar quieto.",2,1,2
"no veo nada, por otro lado tengo hiperacusia y tengo exceso de movimiento.",0,2,2
la luz me deslumbra demasiadotambienlos sonidos agudos me dan dolor de cabeza ademas sin problemas de movilidad.,2,2,1
veo perfectamente,1,1,1
"veo todo muy borroso, no me puedo mover.",0,1,0
uso gafas para leer aunque no puedo caminar.,1,1,0
puedo andar sin problemas,1,1,1
uso gafas para leer. no escucho nada y camino perfectamente.,1,0,1
"tengo vision normal, por otro lado me muevo compulsivamente.",1,1,2
no puedo caminar,1,1,0
tengo inquietud motora extrema,1,1,2
"veo lo necesario, tengo un tapon pero mi movilidad es normal.",1,0,1
veo destellos constantemente,2,1,1
tengo hipersensibilidad a la luz pero me cuesta mucho caminar.,2,1,0
puedo caminar y correr,1,1,1
los brillos me hacen daño en los ojoso seami oido es normal aunque soy muy lento caminando.,2,1,0
super visiono seasoy paralitico.,2,1,0
veo bien. tengo un tapontambientengo hiperactividad.,1,0,2
uso gafas para leer ademas tengo hiperacusia y tengo exceso de movimiento.,1,2,2
"tengo hipersensibilidad a la luz, por otro lado tengo sordera profunda pero puedo caminar y correr.",2,0,1
"me molesta mucho la luz, tengo exceso de movimiento.",2,1,2
veo perfectamente pero no puedo estar sentado mucho tiempo.,1,1,2
veo todo muy borroso. camino muy lento.,0,1,0
no tengo problemas oculares ademas no escucho en absoluto y me muevo compulsivamente.,1,0,2
"perdi los ojos ademas escucho perfectamente, por otro lado ando con muletas.",0,1,0
sin problemas de vista aunque tengo inquietud motora extrema.,1,1,2
tengo hipersensibilidad visual - tengo hipersensibilidad al ruido pero tengo necesidad constante de moverme.,2,2,2
mi vista es normal y puedo andar sin problemas.,1,1,1
oido demasiado fino,1,2,1
llevo lentillas y veo bientambienme muevo con normalidad.,1,1,1
"uso gafas para leer, uso lenguaje de señas pero tengo necesidad constante de moverme.",1,0,2
no soporto las luces brillantes y no escucho en absolutotambiensin problemas de movilidad.,2,0,1
los brillos me hacen daño en los ojos aunque mi oido es normaltambienno puedo estar sentado mucho tiempo.,2,1,2
"he perdido el ojo izquierdo, tengo sordera ademas no puedo caminar.",0,0,0
la luz me deslumbra demasiadoo seasoy sordo aunque no puedo mover las piernas.,2,0,0
camino bien,1,1,1
tengo vision nula - estoy inmovilizado.,0,1,0
sin problemas de vista aunque oido demasiado finotambienmi movilidad es normal.,1,2,1
los brillos me hacen daño en los ojos,2,1,1
siento dolor en los ojos ademas soy sordo ademas tengo movilidad muy reducida.,0,0,0
tengo problemas en la vista - tengo necesidad constante de moverme.,0,1,2
los brillos me hacen daño en los ojos,2,1,1
me duele el ojo izquierdo. demasiado veloz.,0,1,2
sin problemas de vista,1,1,1
sin problemas de oido,1,1,1
tengo fotofobia aunque tengo tics motores.,2,1,2
tengo fotofobiatambienno puedo caminar.,2,1,0
me duele el ojo derecho - oigo lo normal. tengo dificultad para andar.,0,1,0
"no soporto las luces brillantes ademas los sonidos agudos me dan dolor de cabeza, por otro lado voy en baston.",2,2,0
"tengo vision normal, por otro lado me muevo compulsivamente.",1,1,2
veo lo necesario aunque no soporto el volumen alto aunque sin problemas de movilidad.,1,2,1
tengo dolor ocular y los ruidos fuertes me aturden ademas camino bien.,0,2,1
tengo hipersensibilidad a la luz aunque tengo movilidad muy reducida.,2,1,0
tengo necesidad constante de moverme,1,1,2
sin problemas de oido,1,1,1
"no veo casi nada, por otro lado mi oido es normal. camino perfectamente.",0,1,1
no tengo problemas oculares ademas voy en baston.,1,1,0
"tengo hipersensibilidad a la luz, por otro lado uso lenguaje de señas ademas puedo caminar y correr.",2,0,1
veo lo necesario - no me puedo mover.,1,1,0
tengo sensibilidad extrema a la luz ademas puedo andar sin problemas.,2,1,1
"mi vista es normal, puedo andar sin problemas.",1,1,1
ando en silla de ruedas,1,1,0
"no tengo problemas oculares aunque oigo muy mal, camino bien.",1,0,1
tengo sensibilidad extrema a la luz aunque puedo caminar y correr.,2,1,1
no tengo problemas oculares. sin problemas de oidotambienando con muletas.,1,1,0
veo bien - tengo audicion nula ademas no me puedo quedar quieto.,1,0,2
sin problemas de vista. los sonidos agudos me dan dolor de cabezao seatengo necesidad constante de moverme.,1,2,2
veo todo muy borroso - no oigo nada aunque tengo hipermovilidad.,0,0,2
tengo hipersensibilidad visual. sin problemas de oido. tengo problemas al caminar.,2,1,0
llevo lentillas y veo bien. sin problemas de oidoo seatengo necesidad constante de moverme.,1,1,2
uso gafas para leer,1,1,1
la luz me deslumbra demasiadoo seatengo necesidad constante de moverme.,2,1,2
tengo hipersensibilidad a la luz ademas oido muy finoo seasin problemas de movilidad.,2,2,1
tengo hipersensibilidad visual y no puedo mover las piernas.,2,1,0
no puedo mover las piernas,1,1,0
mi oido es normal,1,1,1
los brillos me hacen daño en los ojoso seasoy paralitico.,2,1,0
"perdi los ojos, tengo hipermovilidad.",0,1,2
"super vision, soy sordotambienno puedo estar sentado mucho tiempo.",2,0,2
"no tengo problemas oculares, por otro lado tengo movilidad muy reducida.",1,1,0
super vision y camino perfectamente.,2,1,1
"mi agudeza visual es promedio, por otro lado tengo sordera - tengo tics motores.",1,0,2
"tengo fotofobia, por otro lado mi oido es normal, por otro lado no me puedo mover.",2,1,0
tengo hipersensibilidad visual pero tengo audicion normal aunque camino muy lento.,2,1,0
veo bien. no escucho en absoluto - puedo andar sin problemas.,1,0,1
tengo muy poca audicion,1,0,1
me molesta mucho la luzo seacamino muy lento.,2,1,0
tengo dificultad para andar,1,1,0
"siento dolor en los ojos ademas tengo audicion nula, mi movilidad es normal.",0,0,1
tengo ceguera total y demasiado veloz.,0,1,2
tengo hipersensibilidad a la luz,2,1,1
me duelen los ojos al miraro seasin problemas de movilidad.,0,1,1
"la luz me deslumbra demasiado, oigo lo normal, por otro lado soy hiperactivo.",2,1,2
me duelen los ojos al mirartambientengo audicion normal pero tengo inquietud motora extrema.,0,1,2
la luz me deslumbra demasiadoo seaestoy inmovilizado.,2,1,0
hiper vision,2,1,1
me duelen los ojostambienme muevo compulsivamente.,0,1,2
no me puedo quedar quieto,1,1,2
uso gafas para leer. sin problemas de movilidad.,1,1,1
me duele el ojo izquierdotambientengo audicion normaltambiendemasiado veloz.,0,1,2
"me duele el ojo derecho, por otro lado soy muy lento caminando.",0,1,0
tengo hipersensibilidad a la luztambientengo problemas al caminar.,2,1,0
tengo hipermovilidad,1,1,2
me duelen los ojos permanentementetambienpuedo andar sin problemas.,0,1,1
no soporto abrir los ojos del doloro seano puedo caminar.,0,1,0
no escucho en absoluto,1,0,1
hiper visiono seaescucho las conversaciones sin problema aunque tengo hiperactividad.,2,1,2
veo todo muy borrosotambientengo muy poca audicion - soy muy lento caminando.,0,0,0
los brillos me hacen daño en los ojostambiensoy paraplejico.,2,1,0
los brillos me hacen daño en los ojos aunque tengo inquietud motora extrema.,2,1,2
hiper vision aunque oigo bien aunque camino bien.,2,1,1
veo bien. mi oido es normal ademas camino bien.,1,1,1
hiper vision,2,1,1
veo bien. tengo hipermovilidad.,1,1,2
me molesta mucho la luz,2,1,1
"me molesta mucho la luz y los ruidos fuertes me aturden, por otro lado mi movilidad es normal.",2,2,1
tengo vision normal pero escucho perfectamente - estoy inmovilizado.,1,1,0
tengo audicion normal,1,1,1
no soporto abrir los ojos del dolortambienpuedo andar sin problemas.,0,1,1
veo destellos constantemente - tengo hiperacusia aunque tengo movilidad muy reducida.,2,2,0
tengo hipersensibilidad al ruido,1,2,1
tengo vision normal ademas tengo movilidad muy reducida.,1,1,0
super vision ademas camino muy lento.,2,1,0
"uso baston para ciegos. tengo audicion nula, por otro lado no puedo caminar.",0,0,0
super oido,1,2,1
no oigo nada,1,0,1
tengo muy poca visiono seatengo inquietud motora extrema.,0,1,2
veo lo necesariotambientengo audicion normalo seasin problemas de movilidad.,1,1,1
tengo vision nula ademas los sonidos agudos me dan dolor de cabeza y soy hiperactivo.,0,2,2
no tengo problemas oculares. escucho perfectamente. soy hiperactivo.,1,1,2
oigo lo normal,1,1,1
me molesta mucho la luz y ando en silla de ruedas.,2,1,0
veo bieno seatengo hipersensibilidad auditiva - tengo tics motores.,1,2,2
me duelen los ojos al mirar y tengo tics motores.,0,1,2
mi vista es normal y oido demasiado fino pero puedo andar sin problemas.,1,2,1
siento dolor en los ojos,0,1,1
tengo muy poca visiono seasin problemas de oido aunque tengo inquietud motora extrema.,0,1,2
oido demasiado fino,1,2,1
veo todo muy borroso - tengo hipersensibilidad al ruido ademas camino bien.,0,2,1
"tengo hipersensibilidad a la luz aunque tengo hipersensibilidad auditiva, estoy inmovilizado.",2,2,0
"me duelen los ojos - mi oido es normal, por otro lado camino muy lento.",0,1,0
sin problemas de oido,1,1,1
tengo vision normal,1,1,1
mi vista es normalo seaescucho los ruidos demasiado fuertes pero tengo necesidad constante de moverme.,1,2,2
no soporto las luces brillantes - no oigo nada - no me puedo mover.,2,0,0
"los brillos me hacen daño en los ojos, escucho los ruidos demasiado fuertes - tengo movilidad muy reducida.",2,2,0
ceguera absoluta ademas soy paralitico.,0,1,0
"tengo hipersensibilidad visual y tengo hiperacusia, voy en baston.",2,2,0
mi agudeza visual es promedio y los ruidos fuertes me aturden. ando en silla de ruedas.,1,2,0
"la luz me deslumbra demasiadotambienescucho las conversaciones sin problema, tengo exceso de movimiento.",2,1,2
tengo ceguera totaltambientengo hipersensibilidad al ruido pero tengo necesidad constante de moverme.,0,2,2
tengo muy poca audicion,1,0,1
"uso gafas para leer y los sonidos agudos me dan dolor de cabeza, por otro lado camino perfectamente.",1,2,1
tengo tics motores,1,1,2
llevo lentillas y veo bien. soy sordo - tengo movilidad muy reducida.,1,0,0
veo destellos constantementetambiendemasiado veloz.,2,1,2
hiper vision ademas tengo sordera profunda - tengo tics motores.,2,0,2
tengo dolor constante en los ojos,0,1,1
los brillos me hacen daño en los ojos,2,1,1
tengo ceguera total ademas demasiado veloz.,0,1,2
me muevo compulsivamente,1,1,2
tengo vision normaltambienmi movilidad es normal.,1,1,1
camino bien,1,1,1
"tengo fotofobia - escucho las conversaciones sin problema, por otro lado tengo exceso de movimiento.",2,1,2
tengo sensibilidad extrema a la luztambienoigo lo normal y soy paraplejico.,2,1,0
me muevo compulsivamente,1,1,2
veo bien y puedo andar sin problemas.,1,1,1
no veo casi nadao seatengo tics motores.,0,1,2
mi vista es normal y no oigo nadao seatengo movilidad muy reducida.,1,0,0
he perdido el ojo derecho. me molestan mucho los ruidos. tengo dificultad para andar.,0,2,0
veo bien - tengo muy poca audicion pero tengo problemas al caminar.,1,0,0
veo perfectamente. tengo sordera profundao seano me puedo quedar quieto.,1,0,2
"tengo hipersensibilidad visual. sin problemas de oido, por otro lado sin problemas de movilidad.",2,1,1
tengo problemas en la vistatambientengo audicion normal y camino bien.,0,1,1
soy ciego pero no escucho nada aunque estoy inmovilizado.,0,0,0
tengo hipersensibilidad visual aunque uso lenguaje de señaso seasoy hiperactivo.,2,0,2
camino perfectamente,1,1,1
veo perfectamente y los ruidos fuertes me aturdentambientengo movilidad muy reducida.,1,2,0
veo lo necesarioo seacamino bien.,1,1,1
me cuesta mucho caminar,1,1,0
puedo andar sin problemas,1,1,1
no soporto las luces brillantes,2,1,1
tengo dolor constante en los ojos y oido muy fino - tengo movilidad muy reducida.,0,2,0
me muevo con normalidad,1,1,1
no tengo problemas oculares,1,1,1
"llevo lentillas y veo bien, por otro lado uso lenguaje de señas aunque soy hiperactivo.",1,0,2
me molesta mucho la luzo seame cuesta mucho caminar.,2,1,0
tengo hipersensibilidad a la luztambienestoy inmovilizado.,2,1,0
uso gafas para leer pero camino muy lento.,1,1,0
los brillos me hacen daño en los ojos. tengo problemas al caminar.,2,1,0
tengo hipersensibilidad al ruido,1,2,1
"tengo hipersensibilidad a la luz, escucho las conversaciones sin problematambienmi movilidad es normal.",2,1,1
"tengo fotofobia, tengo hiperacusia. sin problemas de movilidad.",2,2,1
"mi vista es normal, por otro lado tengo audicion normal ademas me muevo con normalidad.",1,1,1
tengo hipersensibilidad a la luz ademas tengo muy poca audicion. mi movilidad es normal.,2,0,1
soy muy lento caminando,1,1,0
perdi los ojos y escucho perfectamente y puedo caminar y correr.,0,1,1
"no tengo problemas oculares pero los sonidos agudos me dan dolor de cabeza, sin problemas de movilidad.",1,2,1
no soporto las luces brillantes y oigo bieno seatengo necesidad constante de moverme.,2,1,2
uso gafas para leer. puedo caminar y correr.,1,1,1
"veo lo necesario, por otro lado oido muy finoo seademasiado veloz.",1,2,2
me duelen los ojoso seaescucho perfectamente aunque camino muy lento.,0,1,0
"no soporto abrir los ojos del dolor, camino bien.",0,1,1
me duele el ojo derecho. camino perfectamente.,0,1,1
sin problemas de oido,1,1,1
demasiado veloz,1,1,2
siento dolor en los ojos,0,1,1
"no tengo problemas oculares, por otro lado tengo audicion normal, por otro lado mi movilidad es normal.",1,1,1
tengo sensibilidad extrema a la luztambientengo exceso de movimiento.,2,1,2
no tengo problemas ocularestambienno puedo caminar.,1,1,0
sin problemas de vista ademas mi movilidad es normal.,1,1,1
llevo lentillas y veo bien,1,1,1
"me duele el ojo izquierdo, por otro lado no oigo nada y tengo dificultad para andar.",0,0,0
los brillos me hacen daño en los ojos pero oigo lo normal - tengo hiperactividad.,2,1,2
camino bien,1,1,1
"tengo fotofobia. tengo sordera profunda, me muevo con normalidad.",2,0,1
no tengo problemas oculares pero camino muy lento.,1,1,0
tengo dolor constante en los ojos pero oigo lo normal aunque soy paralitico.,0,1,0
"veo perfectamente, tengo hiperacusia. no me puedo quedar quieto.",1,2,2
"perdi la vista, por otro lado tengo hipersensibilidad al ruidotambiendemasiado veloz.",0,2,2
no soporto el volumen alto,1,2,1
tengo dolor constante en los ojos aunque los ruidos fuertes me aturden y ando en silla de ruedas.,0,2,0
"tengo sensibilidad extrema a la luz, por otro lado oigo lo normalo seatengo dificultad para andar.",2,1,0
veo perfectamenteo seatengo sordera profunda - no me puedo quedar quieto.,1,0,2
uso baston para ciegos. tengo necesidad constante de moverme.,0,1,2
mi vista es normal,1,1,1
ando con muletas,1,1,0
"mi agudeza visual es promedio - no soporto el volumen alto, por otro lado camino bien.",1,2,1
"super vision y tengo hipersensibilidad al ruido, tengo inquietud motora extrema.",2,2,2
tengo hipersensibilidad a la luz. sin problemas de movilidad.,2,1,1
la luz me deslumbra demasiado - no escucho nada y tengo movilidad muy reducida.,2,0,0
ceguera absoluta y sin problemas de oido. me muevo con normalidad.,0,1,1
no veo en absoluto. tengo audicion nula ademas soy muy lento caminando.,0,0,0
mi oido es normal,1,1,1
"no tengo problemas oculares, por otro lado tengo audicion nulatambientengo hiperactividad.",1,0,2
"tengo hipersensibilidad a la luz, por otro lado escucho las conversaciones sin problema y puedo andar sin problemas.",2,1,1
tengo fotofobia pero super oido - camino muy lento.,2,2,0
no puedo caminar,1,1,0
me cuesta mucho caminar,1,1,0
la luz me deslumbra demasiado,2,1,1
tengo exceso de movimiento,1,1,2
no soporto abrir los ojos del dolor,0,1,1
tengo ceguera total,0,1,1
no veo nadao seaoigo bieno seapuedo caminar y correr.,0,1,1
mi vista es normal. soy muy lento caminando.,1,1,0
he perdido el ojo derecho pero oido demasiado fino aunque camino perfectamente.,0,2,1
tengo audicion normal,1,1,1
me duele el ojo izquierdotambiencamino bien.,0,1,1
"tengo dolor constante en los ojoso seatengo hipersensibilidad al ruido, por otro lado me muevo con normalidad.",0,2,1
tengo hiperactividad,1,1,2
super vision pero no escucho en absolutotambienno puedo estar sentado mucho tiempo.,2,0,2
veo destellos constantemente pero mi movilidad es normal.,2,1,1
veo bien y escucho todo muy apagado. sin problemas de movilidad.,1,0,1
soy sordo,1,0,1
"mi agudeza visual es promedio, tengo sordera ademas mi movilidad es normal.",1,0,1
veo muy mal. oido demasiado fino ademas sin problemas de movilidad.,0,2,1
veo lo necesarioo seatengo exceso de movimiento.,1,1,2
"veo bien, por otro lado escucho perfectamenteo seame muevo con normalidad.",1,1,1
tengo sensibilidad extrema a la luzo seatengo sordera. me muevo con normalidad.,2,0,1
mi vista es normal aunque oigo lo normal. ando en silla de ruedas.,1,1,0
"no veo nada, por otro lado sin problemas de oidoo seatengo hiperactividad.",0,1,2
"veo bien, los sonidos agudos me dan dolor de cabeza pero puedo andar sin problemas.",1,2,1
mi movilidad es normal,1,1,1
mi vista es normal - ando con muletas.,1,1,0
tengo vision normal aunque mi movilidad es normal.,1,1,1
camino bien,1,1,1
camino bien,1,1,1
me duelen los ojos pero puedo andar sin problemas.,0,1,1
tengo sensibilidad extrema a la luz pero super oidotambienno puedo caminar.,2,2,0
tengo muy poca audicion,1,0,1
sin problemas de vista pero los ruidos fuertes me aturden y tengo exceso de movimiento.,1,2,2
mi agudeza visual es promedio y tengo muy poca audicion - soy paralitico.,1,0,0
"mi agudeza visual es promediotambienno soporto el volumen alto, por otro lado ando en silla de ruedas.",1,2,0
veo lo necesariotambienescucho todo muy apagado ademas tengo hipermovilidad.,1,0,2
sin problemas de oido,1,1,1
"he perdido el ojo izquierdo, tengo necesidad constante de moverme.",0,1,2
"veo destellos constantemente aunque los sonidos agudos me dan dolor de cabeza, por otro lado tengo problemas al caminar.",2,2,0
"me molesta mucho la luzo seano escucho en absoluto, tengo dificultad para andar.",2,0,0
los brillos me hacen daño en los ojos - escucho todo muy apagado aunque tengo necesidad constante de moverme.,2,0,2
"siento dolor en los ojos pero no escucho nada, por otro lado puedo caminar y correr.",0,0,1
camino bien,1,1,1
"no soporto las luces brillantestambienoigo muy mal, por otro lado soy paralitico.",2,0,0
tengo problemas en la vistatambientengo hipersensibilidad auditiva - me cuesta mucho caminar.,0,2,0
tengo hipersensibilidad a la luz,2,1,1
puedo caminar y correr,1,1,1
"no veo en absoluto, por otro lado no escucho en absoluto, no puedo mover las piernas.",0,0,0
sin problemas de vista,1,1,1
tengo fotofobiatambientengo hiperactividad.,2,1,2
tengo vision normalo seasoy muy lento caminando.,1,1,0
oigo lo normal,1,1,1
no oigo nada,1,0,1
me muevo con normalidad,1,1,1
"me duelen los ojos al mirar, por otro lado camino bien.",0,1,1
ceguera absoluta y soy sordo ademas no me puedo quedar quieto.,0,0,2
soy hiperactivo,1,1,2
tengo sensibilidad extrema a la luz aunque tengo sordera ademas camino perfectamente.,2,0,1
tengo problemas al caminar,1,1,0
llevo lentillas y veo bieno seano escucho nada aunque ando con muletas.,1,0,0
hiper vision. sin problemas de movilidad.,2,1,1
tengo fotofobia y no escucho en absoluto pero demasiado veloz.,2,0,2
ando con muletas,1,1,0
"me duelen los ojos permanentemente, tengo dificultad para andar.",0,1,0
los brillos me hacen daño en los ojostambienescucho perfectamente y camino bien.,2,1,1
tengo dolor ocular pero escucho las conversaciones sin problema. tengo hiperactividad.,0,1,2
me molesta mucho la luz pero tengo audicion normal - soy hiperactivo.,2,1,2
uso gafas para leero seatengo inquietud motora extrema.,1,1,2
"veo bien, tengo audicion normal. ando en silla de ruedas.",1,1,0
"veo lo necesario, por otro lado tengo sordera, no me puedo quedar quieto.",1,0,2
veo perfectamente,1,1,1
llevo lentillas y veo bien pero puedo caminar y correr.,1,1,1
"los brillos me hacen daño en los ojos, por otro lado mi movilidad es normal.",2,1,1
"siento dolor en los ojos, por otro lado escucho perfectamente aunque voy en baston.",0,1,0
tengo hipersensibilidad a la luztambienno escucho nada. camino bien.,2,0,1
"soy ciego aunque tengo audicion normal, por otro lado tengo exceso de movimiento.",0,1,2
la luz me deslumbra demasiado aunque demasiado veloz.,2,1,2
"no tengo problemas oculares, por otro lado tengo inquietud motora extrema.",1,1,2
veo perfectamente,1,1,1
super vision y oigo bien - tengo exceso de movimiento.,2,1,2
veo lo necesarioo seano puedo estar sentado mucho tiempo.,1,1,2
soy sordo,1,0,1
veo muy mal,0,1,1
veo lo necesarioo seatengo hiperactividad.,1,1,2
"me duele el ojo derecho ademas oigo lo normal, tengo hipermovilidad.",0,1,2
tengo dificultad para andar,1,1,0
uso gafas para leero seatengo inquietud motora extrema.,1,1,2
sin problemas de vista,1,1,1
"los brillos me hacen daño en los ojos, por otro lado oigo muy mal, por otro lado tengo movilidad muy reducida.",2,0,0
sin problemas de vistao seaoigo lo normal y mi movilidad es normal.,1,1,1
"tengo sensibilidad extrema a la luz, tengo muy poca audiciontambientengo tics motores.",2,0,2
los brillos me hacen daño en los ojos. tengo audicion nulatambiensoy hiperactivo.,2,0,2
uso baston para ciegos,0,1,1
"me molesta mucho la luz ademas sin problemas de oido, por otro lado no me puedo quedar quieto.",2,1,2
llevo lentillas y veo bien. oigo bien y tengo hiperactividad.,1,1,2
no soporto las luces brillantes aunque tengo un oido demasiado sensible y tengo necesidad constante de moverme.,2,2,2
super visiono seatengo hipersensibilidad al ruido ademas no me puedo quedar quieto.,2,2,2
no veo nada pero tengo dificultad para andar.,0,1,0
me duele el ojo derecho ademas estoy inmovilizado.,0,1,0
veo bien y sin problemas de movilidad.,1,1,1
he perdido el ojo izquierdo,0,1,1
mi agudeza visual es promedioo seatengo dificultad para andar.,1,1,0
veo todo muy borroso,0,1,1
tengo necesidad constante de moverme,1,1,2
mi agudeza visual es promedio pero tengo necesidad constante de moverme.,1,1,2
"he perdido el ojo izquierdo, por otro lado los sonidos agudos me dan dolor de cabeza aunque camino perfectamente.",0,2,1
mi vista es normal ademas tengo problemas al caminar.,1,1,0
me duelen los ojos permanentemente ademas sin problemas de oido aunque puedo andar sin problemas.,0,1,1
los sonidos agudos me dan dolor de cabeza,1,2,1
"sin problemas de vista, tengo hiperacusia ademas tengo problemas al caminar.",1,2,0
veo muy maltambientengo hiperacusiatambienando con muletas.,0,2,0
tengo dolor constante en los ojos ademas no soporto el volumen alto aunque puedo caminar y correr.,0,2,1
tengo hipersensibilidad a la luztambienoido demasiado fino ademas mi movilidad es normal.,2,2,1
tengo sensibilidad extrema a la luz. tengo exceso de movimiento.,2,1,2
"tengo vision normal, por otro lado no escucho en absoluto y camino bien.",1,0,1
escucho todo muy apagado,1,0,1
tengo audicion normal,1,1,1
"tengo sensibilidad extrema a la luz, por otro lado oigo bieno seasin problemas de movilidad.",2,1,1
uso gafas para leer. soy hiperactivo.,1,1,2
"estoy ciego, por otro lado ando con muletas.",0,1,0
tengo dolor ocular aunque no puedo caminar.,0,1,0
"tengo vision normaltambientengo hipersensibilidad al ruido, por otro lado soy hiperactivo.",1,2,2
tengo un oido demasiado sensible,1,2,1
mi agudeza visual es promedio pero tengo problemas al caminar.,1,1,0
la luz me deslumbra demasiadoo seano oigo nada y soy hiperactivo.,2,0,2
tengo vision normal aunque oigo muy mal - mi movilidad es normal.,1,0,1
"tengo muy poca vision. los ruidos fuertes me aturden, por otro lado tengo exceso de movimiento.",0,2,2
estoy ciego - tengo hipermovilidad.,0,1,2
mi movilidad es normal,1,1,1
llevo lentillas y veo bientambiendemasiado veloz.,1,1,2
"no tengo problemas oculares, camino bien.",1,1,1
llevo lentillas y veo bien. no escucho nada ademas soy paralitico.,1,0,0
"no soporto las luces brillantes ademas los sonidos agudos me dan dolor de cabeza, por otro lado ando en silla de ruedas.",2,2,0
uso gafas para leer,1,1,1
escucho los ruidos demasiado fuertes,1,2,1
"llevo lentillas y veo bien, por otro lado no escucho nada ademas soy muy lento caminando.",1,0,0
tengo dolor ocular aunque camino bien.,0,1,1
no tengo problemas oculareso seasoy muy lento caminando.,1,1,0
"veo bien pero oigo bien, por otro lado me muevo con normalidad.",1,1,1
oido muy fino,1,2,1
"he perdido el ojo derecho y tengo un tapon, puedo andar sin problemas.",0,0,1
"los brillos me hacen daño en los ojos, por otro lado me muevo compulsivamente.",2,1,2
tengo un oido demasiado sensible,1,2,1
tengo sordera,1,0,1
llevo lentillas y veo bien,1,1,1
oigo bien,1,1,1
"veo perfectamente, por otro lado no soporto el volumen altotambienpuedo andar sin problemas.",1,2,1
sin problemas de movilidad,1,1,1
"no tengo problemas oculares, tengo un oido demasiado sensibletambiencamino perfectamente.",1,2,1
"me molesta mucho la luz, tengo un tapono seacamino perfectamente.",2,0,1
tengo problemas al caminar,1,1,0
"mi agudeza visual es promedio, por otro lado soy sordo - soy paralitico.",1,0,0
no soporto las luces brillantes,2,1,1
no escucho en absoluto,1,0,1
"perdi la vista, oigo lo normal aunque camino bien.",0,1,1
"sin problemas de vista y soy sordo, por otro lado me muevo con normalidad.",1,0,1
tengo ceguera totalo seatengo hipersensibilidad auditiva - me muevo con normalidad.,0,2,1
"hiper vision, por otro lado escucho todo muy apagado y no puedo estar sentado mucho tiempo.",2,0,2
"mi vista es normal, por otro lado no me puedo mover.",1,1,0
"tengo muy poca vision, sin problemas de oidotambienme cuesta mucho caminar.",0,1,0
soy paralitico,1,1,0
veo destellos constantemente - escucho perfectamente ademas soy paralitico.,2,1,0
me duele el ojo izquierdo pero escucho los ruidos demasiado fuertestambientengo hiperactividad.,0,2,2
mi agudeza visual es promedio aunque tengo hiperacusia - camino perfectamente.,1,2,1
puedo andar sin problemas,1,1,1
no veo nada,0,1,1
me molesta mucho la luz aunque tengo tics motores.,2,1,2
mis ojos estan inflamados y duelen pero super oido ademas puedo andar sin problemas.,0,2,1
llevo lentillas y veo bientambienme cuesta mucho caminar.,1,1,0
tengo muy poca visiono seano me puedo quedar quieto.,0,1,2
"sin problemas de vista, oigo muy mal pero me muevo con normalidad.",1,0,1
veo destellos constantemente ademas me muevo compulsivamente.,2,1,2
tengo hipersensibilidad visual y tengo hiperactividad.,2,1,2
tengo hipersensibilidad visual y oido demasiado fino ademas no puedo caminar.,2,2,0
tengo ceguera total,0,1,1
"hiper vision, por otro lado sin problemas de oido - me muevo con normalidad.",2,1,1
tengo sensibilidad extrema a la luz aunque voy en baston.,2,1,0
tengo vision normaltambientengo inquietud motora extrema.,1,1,2
mi agudeza visual es promedio,1,1,1
no tengo problemas oculares pero soy sordotambientengo hipermovilidad.,1,0,2
oigo lo normal,1,1,1
veo lo necesario ademas escucho perfectamente pero puedo caminar y correr.,1,1,1
mi movilidad es normal,1,1,1
tengo audicion nula,1,0,1
sin problemas de vista. tengo audicion normal ademas camino bien.,1,1,1
tengo exceso de movimiento,1,1,2
perdi los ojos. me muevo con normalidad.,0,1,1
tengo sensibilidad extrema a la luztambienescucho los ruidos demasiado fuertes aunque estoy inmovilizado.,2,2,0
"me molesta mucho la luz, tengo tics motores.",2,1,2
siento dolor en los ojoso seacamino bien.,0,1,1
veo perfectamente - mi movilidad es normal.,1,1,1
veo perfectamentetambientengo audicion normaltambiencamino muy lento.,1,1,0
mi vista es normal,1,1,1
veo destellos constantemente aunque uso lenguaje de señas ademas ando con muletas.,2,0,0
me duele el ojo izquierdo aunque super oido pero puedo caminar y correr.,0,2,1
"veo lo necesario, por otro lado tengo problemas al caminar.",1,1,0
tengo dolor ocularo seaoigo bien. sin problemas de movilidad.,0,1,1
perdi los ojos pero demasiado veloz.,0,1,2
no soporto las luces brillantes,2,1,1
tengo un tapon,1,0,1
no soporto abrir los ojos del dolor ademas tengo exceso de movimiento.,0,1,2
veo muy maltambientengo sordera profunda. tengo exceso de movimiento.,0,0,2
mi agudeza visual es promedioo seatengo muy poca audicion aunque no puedo mover las piernas.,1,0,0
siento dolor en los ojos,0,1,1
tengo sensibilidad extrema a la luz y puedo andar sin problemas.,2,1,1
sin problemas de vista,1,1,1
uso gafas para leer,1,1,1
sin problemas de oido,1,1,1
"siento dolor en los ojos aunque oido demasiado fino, por otro lado tengo hipermovilidad.",0,2,2
no soporto abrir los ojos del dolor y super oidoo seatengo hipermovilidad.,0,2,2
la luz me deslumbra demasiado - me muevo con normalidad.,2,1,1
perdi la vista,0,1,1
"me duelen los ojos, por otro lado tengo un tapon - tengo tics motores.",0,0,2
tengo hipersensibilidad a la luz ademas sin problemas de oido pero tengo problemas al caminar.,2,1,0
"no veo casi nada, tengo un oido demasiado sensible, tengo hipermovilidad.",0,2,2
tengo dolor constante en los ojos y tengo sordera profunda pero puedo andar sin problemas.,0,0,1
llevo lentillas y veo bien ademas tengo dificultad para andar.,1,1,0
tengo vision normal pero tengo un tapon ademas no puedo estar sentado mucho tiempo.,1,0,2
me molesta mucho la luz,2,1,1
"tengo hipersensibilidad visual, por otro lado oigo bien aunque tengo necesidad constante de moverme.",2,1,2
mi agudeza visual es promedio. tengo un oido demasiado sensibletambientengo movilidad muy reducida.,1,2,0
sin problemas de movilidad,1,1,1
no oigo nada,1,0,1
me muevo compulsivamente,1,1,2
tengo un tapon,1,0,1
no oigo nada,1,0,1
no soporto las luces brillantes pero tengo exceso de movimiento.,2,1,2
sin problemas de vista y escucho perfectamente aunque ando con muletas.,1,1,0
voy en baston,1,1,0
los brillos me hacen daño en los ojos. tengo necesidad constante de moverme.,2,1,2
tengo hipersensibilidad visual pero los sonidos agudos me dan dolor de cabezao seatengo movilidad muy reducida.,2,2,0
sin problemas de vista ademas soy paraplejico.,1,1,0
soy hiperactivo,1,1,2
tengo exceso de movimiento,1,1,2
"la luz me deslumbra demasiado pero escucho perfectamente, por otro lado ando con muletas.",2,1,0
no soporto las luces brillantes pero tengo hipermovilidad.,2,1,2
no soporto abrir los ojos del dolor pero mi movilidad es normal.,0,1,1
sin problemas de vistatambienme muevo compulsivamente.,1,1,2
no soporto las luces brillantestambienoigo lo normalo seame cuesta mucho caminar.,2,1,0
tengo dolor constante en los ojos,0,1,1
"ceguera absolutatambienoigo bien, por otro lado no puedo estar sentado mucho tiempo.",0,1,2
tengo hipersensibilidad a la luz ademas oigo lo normal y puedo caminar y correr.,2,1,1
mi vista es normalo seademasiado veloz.,1,1,2
veo muy mal - oigo lo normal - ando con muletas.,0,1,0
la luz me deslumbra demasiadoo seasin problemas de oido ademas camino perfectamente.,2,1,1
he perdido el ojo derecho - escucho perfectamente y soy paraplejico.,0,1,0
llevo lentillas y veo bien y mi movilidad es normal.,1,1,1
tengo hipersensibilidad auditiva,1,2,1
tengo sensibilidad extrema a la luz y no puedo caminar.,2,1,0
"mi agudeza visual es promedio y uso lenguaje de señas, por otro lado tengo hiperactividad.",1,0,2
mis ojos estan inflamados y duelen,0,1,1
no veo nada - mi movilidad es normal.,0,1,1
puedo andar sin problemas,1,1,1
sin problemas de vistao seaoigo bien - no puedo caminar.,1,1,0
tengo muy poca audicion,1,0,1
hiper vision - oido demasiado fino pero camino perfectamente.,2,2,1
"tengo dolor ocular aunque oigo muy mal, soy paraplejico.",0,0,0
uso gafas para leer ademas tengo hipermovilidad.,1,1,2
mi agudeza visual es promedioo seaescucho los ruidos demasiado fuertes. tengo dificultad para andar.,1,2,0
"me duele el ojo izquierdo, los sonidos agudos me dan dolor de cabeza, camino bien.",0,2,1
"perdi los ojos, por otro lado no soporto el volumen alto pero soy hiperactivo.",0,2,2
"tengo hipersensibilidad a la luz. sin problemas de oido, por otro lado me muevo compulsivamente.",2,1,2
mi vista es normal. tengo un tapon y soy muy lento caminando.,1,0,0
tengo dolor ocular ademas no puedo caminar.,0,1,0
veo lo necesariotambientengo un oido demasiado sensibleo seapuedo andar sin problemas.,1,2,1
me duele el ojo izquierdo. soy sordo ademas camino bien.,0,0,1
hiper vision - tengo muy poca audiciono seano me puedo mover.,2,0,0
uso baston para ciegos. no escucho nada. soy hiperactivo.,0,0,2
he perdido el ojo derecho aunque estoy inmovilizado.,0,1,0
"tengo vision nula ademas tengo sordera, no puedo mover las piernas.",0,0,0
"veo todo muy borroso pero uso lenguaje de señas, por otro lado sin problemas de movilidad.",0,0,1
"tengo vision normal, tengo audicion normal ademas ando en silla de ruedas.",1,1,0
"veo bien, sin problemas de movilidad.",1,1,1
"uso baston para ciegos, oigo bien. me muevo compulsivamente.",0,1,2
no veo en absoluto y ando con muletas.,0,1,0
"veo destellos constantemente, tengo hipersensibilidad al ruidoo seaestoy inmovilizado.",2,2,0
tengo un tapon,1,0,1
tengo vision normaltambiendemasiado veloz.,1,1,2
"no tengo problemas oculares, por otro lado no me puedo quedar quieto.",1,1,2
super vision,2,1,1
tengo vision normaltambienno escucho en absoluto ademas no puedo estar sentado mucho tiempo.,1,0,2
sin problemas de vista. tengo necesidad constante de moverme.,1,1,2
veo bientambientengo un oido demasiado sensible. me muevo con normalidad.,1,2,1
veo bieno seapuedo caminar y correr.,1,1,1
"uso gafas para leer, por otro lado soy hiperactivo.",1,1,2
los sonidos agudos me dan dolor de cabeza,1,2,1
mi movilidad es normal,1,1,1
tengo ceguera totalo seatengo hipersensibilidad al ruido pero me muevo compulsivamente.,0,2,2
me duelen los ojos permanentemente,0,1,1
veo perfectamente pero tengo problemas al caminar.,1,1,0
tengo hipersensibilidad a la luz,2,1,1
"hiper vision, soy sordoo seasin problemas de movilidad.",2,0,1
"me duele el ojo derecho, sin problemas de movilidad.",0,1,1
los brillos me hacen daño en los ojos y oigo lo normal y no me puedo quedar quieto.,2,1,2
veo lo necesariotambienlos sonidos agudos me dan dolor de cabezao seacamino muy lento.,1,2,0
veo muy mal ademas escucho perfectamente ademas soy hiperactivo.,0,1,2
no veo casi nada y oigo muy maltambiensoy paraplejico.,0,0,0
"sin problemas de vista, tengo exceso de movimiento.",1,1,2
no tengo problemas oculares aunque tengo audicion nula aunque puedo andar sin problemas.,1,0,1
veo bien,1,1,1
veo lo necesario. tengo exceso de movimiento.,1,1,2
tengo exceso de movimiento,1,1,2
tengo hipersensibilidad a la luz ademas oigo lo normalo seaestoy inmovilizado.,2,1,0
mi vista es normal y tengo movilidad muy reducida.,1,1,0
tengo dolor constante en los ojos,0,1,1
no soporto abrir los ojos del dolor pero no escucho nada. sin problemas de movilidad.,0,0,1
perdi los ojos. tengo audicion normal ademas no puedo mover las piernas.,0,1,0
me duelen los ojos. tengo hipersensibilidad al ruido pero soy muy lento caminando.,0,2,0
me duelen los ojos al mirar ademas puedo andar sin problemas.,0,1,1
"no veo nada, por otro lado no escucho en absoluto, por otro lado soy paralitico.",0,0,0
veo perfectamente,1,1,1
"uso gafas para leer, por otro lado tengo inquietud motora extrema.",1,1,2
me molesta mucho la luzo seacamino bien.,2,1,1
mi vista es normal,1,1,1
llevo lentillas y veo bien pero tengo exceso de movimiento.,1,1,2
veo lo necesario,1,1,1
tengo hipersensibilidad a la luz - oigo lo normal y soy muy lento caminando.,2,1,0
tengo dificultad para andar,1,1,0
tengo sensibilidad extrema a la luz ademas demasiado veloz.,2,1,2
mi vista es normal,1,1,1
"tengo dolor constante en los ojos, no me puedo mover.",0,1,0
me duelen los ojos. tengo audicion normalo seano puedo estar sentado mucho tiempo.,0,1,2
tengo hipermovilidad,1,1,2
los brillos me hacen daño en los ojos - los sonidos agudos me dan dolor de cabeza pero mi movilidad es normal.,2,2,1
"no veo en absoluto, escucho perfectamente, por otro lado tengo hipermovilidad.",0,1,2
"veo bien, camino perfectamente.",1,1,1
oigo lo normal,1,1,1
puedo caminar y correr,1,1,1
tengo inquietud motora extrema,1,1,2
sin problemas de vista,1,1,1
puedo andar sin problemas,1,1,1
me duelen los ojos al miraro seaescucho perfectamentetambiensin problemas de movilidad.,0,1,1
mi oido es normal,1,1,1
tengo dolor constante en los ojos,0,1,1
tengo sensibilidad extrema a la luz aunque oigo bien ademas soy paraplejico.,2,1,0
tengo hipersensibilidad visual pero los sonidos agudos me dan dolor de cabeza pero no puedo caminar.,2,2,0
ceguera absoluta - no soporto el volumen alto aunque demasiado veloz.,0,2,2
sin problemas de movilidad,1,1,1
"hiper vision, por otro lado escucho perfectamente - tengo tics motores.",2,1,2
no veo nadao seaoido muy fino y no puedo caminar.,0,2,0
tengo hipersensibilidad a la luz ademas ando con muletas.,2,1,0
llevo lentillas y veo bien,1,1,1
demasiado veloz,1,1,2
tengo hipersensibilidad visual - tengo hipersensibilidad al ruido aunque no me puedo mover.,2,2,0
"tengo dolor oculartambientengo hipersensibilidad al ruido, por otro lado tengo exceso de movimiento.",0,2,2
sin problemas de vista - oigo lo normalo seapuedo caminar y correr.,1,1,1
oido muy fino,1,2,1
tengo hipermovilidad,1,1,2
tengo muy poca audicion,1,0,1
tengo dolor constante en los ojos ademas soy paralitico.,0,1,0
tengo un tapon,1,0,1
"perdi la vista, soy paralitico.",0,1,0
veo destellos constantemente y mi oido es normal y soy paralitico.,2,1,0
tengo vision nulao seami oido es normal - sin problemas de movilidad.,0,1,1
hiper visiono seatengo hiperactividad.,2,1,2
"no veo en absolutoo seatengo audicion nula, tengo problemas al caminar.",0,0,0
tengo audicion nula,1,0,1
me duelen los ojos,0,1,1
oido muy fino,1,2,1
me duelen los ojos. no oigo nada - demasiado veloz.,0,0,2
no soporto las luces brillantes y sin problemas de oido pero soy paraplejico.,2,1,0
sin problemas de oido,1,1,1
"he perdido el ojo derecho, tengo tics motores.",0,1,2
"tengo vision normal, mi movilidad es normal.",1,1,1
super vision pero tengo sordera profunda pero me muevo compulsivamente.,2,0,2
tengo fotofobia aunque tengo audicion normalo seaestoy inmovilizado.,2,1,0
tengo dolor ocular - oigo bien ademas me muevo con normalidad.,0,1,1
"tengo ceguera total pero tengo hipersensibilidad al ruido, por otro lado soy muy lento caminando.",0,2,0
los brillos me hacen daño en los ojos,2,1,1
mi vista es normal,1,1,1
tengo ceguera total aunque los sonidos agudos me dan dolor de cabeza - no puedo mover las piernas.,0,2,0
hiper visiono seacamino bien.,2,1,1
tengo vision normal,1,1,1
tengo sensibilidad extrema a la luz y oigo lo normal pero tengo tics motores.,2,1,2
mi vista es normalo seatengo hipersensibilidad auditiva pero tengo inquietud motora extrema.,1,2,2
tengo fotofobiatambienoigo muy mal y me muevo con normalidad.,2,0,1
soy sordo,1,0,1
me molesta mucho la luz. oigo bien y soy paraplejico.,2,1,0
uso gafas para leer y tengo audicion normal ademas soy paralitico.,1,1,0
tengo muy poca vision pero soy hiperactivo.,0,1,2
me duele el ojo izquierdo aunque camino perfectamente.,0,1,1
tengo sensibilidad extrema a la luz ademas no me puedo mover.,2,1,0
me molesta mucho la luz. no escucho nadatambienno puedo estar sentado mucho tiempo.,2,0,2
veo destellos constantemente. escucho perfectamente aunque tengo hipermovilidad.,2,1,2
camino bien,1,1,1
puedo caminar y correr,1,1,1
he perdido el ojo izquierdo,0,1,1
mi vista es normalo seatengo inquietud motora extrema.,1,1,2
no soporto las luces brillantes aunque me muevo con normalidad.,2,1,1
mi vista es normaltambienoido muy finoo seame muevo con normalidad.,1,2,1
me cuesta mucho caminar,1,1,0
tengo hipersensibilidad al ruido,1,2,1
la luz me deslumbra demasiado,2,1,1
soy sordo,1,0,1
no veo nadao seapuedo caminar y correr.,0,1,1
"tengo dolor constante en los ojostambientengo sordera, por otro lado me muevo compulsivamente.",0,0,2
veo lo necesariotambienoigo lo normal - tengo dificultad para andar.,1,1,0
tengo hipersensibilidad visual,2,1,1
tengo hipersensibilidad a la luz. escucho todo muy apagado pero sin problemas de movilidad.,2,0,1
oigo lo normal,1,1,1
veo lo necesario - tengo tics motores.,1,1,2
no veo en absoluto. soy muy lento caminando.,0,1,0
he perdido el ojo derecho aunque no escucho nada y puedo andar sin problemas.,0,0,1
veo destellos constantemente aunque tengo un oido demasiado sensible y camino perfectamente.,2,2,1
los brillos me hacen daño en los ojostambiencamino perfectamente.,2,1,1
veo destellos constantemente. no puedo caminar.,2,1,0
tengo vision normalo seami oido es normal aunque no puedo estar sentado mucho tiempo.,1,1,2
llevo lentillas y veo bien ademas soy paraplejico.,1,1,0
"me molesta mucho la luz, por otro lado tengo muy poca audicion. no me puedo quedar quieto.",2,0,2
"no soporto las luces brillantes y tengo hipersensibilidad auditiva, por otro lado puedo andar sin problemas.",2,2,1
tengo vision nula pero tengo un oido demasiado sensible ademas no puedo mover las piernas.,0,2,0
tengo ceguera total ademas no soporto el volumen alto aunque camino perfectamente.,0,2,1
tengo hipersensibilidad auditiva,1,2,1
tengo hipersensibilidad a la luzo seapuedo andar sin problemas.,2,1,1
hiper vision y escucho perfectamente - puedo caminar y correr.,2,1,1
"tengo muy poca vision, uso lenguaje de señas. camino perfectamente.",0,0,1
tengo hipersensibilidad visualo seaoigo muy maltambientengo hipermovilidad.,2,0,2
oigo lo normal,1,1,1
"veo perfectamente, por otro lado no escucho en absoluto - puedo andar sin problemas.",1,0,1
demasiado veloz,1,1,2
"no veo casi nada. tengo sordera, tengo tics motores.",0,0,2
hiper vision,2,1,1
tengo hipersensibilidad a la luz,2,1,1
tengo tics motores,1,1,2
no tengo problemas oculares - mi oido es normaltambienpuedo caminar y correr.,1,1,1
la luz me deslumbra demasiado,2,1,1
tengo dolor constante en los ojostambienoigo bien ademas me muevo con normalidad.,0,1,1
"tengo vision normaltambientengo muy poca audicion, tengo inquietud motora extrema.",1,0,2
sin problemas de oido,1,1,1
"veo muy mal ademas tengo hiperacusia, camino bien.",0,2,1
"los brillos me hacen daño en los ojostambiensin problemas de oido, soy paraplejico.",2,1,0
super visiono seaescucho las conversaciones sin problema. soy paralitico.,2,1,0
uso gafas para leer aunque tengo sordera profunda pero no puedo caminar.,1,0,0
soy sordo,1,0,1
"tengo hipersensibilidad visual, tengo muy poca audicion ademas sin problemas de movilidad.",2,0,1
me muevo con normalidad,1,1,1
escucho las conversaciones sin problema,1,1,1
tengo hiperactividad,1,1,2
"no veo en absoluto, por otro lado mi movilidad es normal.",0,1,1
no veo en absoluto,0,1,1
la luz me deslumbra demasiadoo seapuedo andar sin problemas.,2,1,1
mi agudeza visual es promedio ademas escucho los ruidos demasiado fuertes ademas no me puedo quedar quieto.,1,2,2
no tengo problemas oculareso seapuedo andar sin problemas.,1,1,1
"los brillos me hacen daño en los ojos, por otro lado tengo audicion normal y no puedo caminar.",2,1,0
tengo vision nula,0,1,1
veo perfectamente aunque tengo un oido demasiado sensible pero tengo hipermovilidad.,1,2,2
no soporto las luces brillantes. demasiado veloz.,2,1,2
me molesta mucho la luz pero puedo caminar y correr.,2,1,1
me duelen los ojoso seano puedo estar sentado mucho tiempo.,0,1,2
me molesta mucho la luzo seaoigo muy malo seatengo tics motores.,2,0,2
ceguera absoluta y soy sordoo seami movilidad es normal.,0,0,1
uso baston para ciegostambienoigo lo normal ademas tengo hipermovilidad.,0,1,2
"super vision ademas mi oido es normal, puedo caminar y correr.",2,1,1
veo bien y oigo bien pero sin problemas de movilidad.,1,1,1
uso gafas para leer. puedo caminar y correr.,1,1,1
tengo vision nula,0,1,1
tengo fotofobiao seaescucho todo muy apagado y puedo caminar y correr.,2,0,1
veo muy mal aunque estoy inmovilizado.,0,1,0
sin problemas de oido,1,1,1
veo lo necesario ademas soy hiperactivo.,1,1,2
he perdido el ojo derecho. no oigo nada aunque mi movilidad es normal.,0,0,1
hiper visiono seano escucho nadao seatengo tics motores.,2,0,2
no soporto las luces brillantes - tengo sordera profunda aunque me cuesta mucho caminar.,2,0,0
"tengo ceguera total, por otro lado los ruidos fuertes me aturden, demasiado veloz.",0,2,2
los brillos me hacen daño en los ojos - tengo audicion normaltambientengo hipermovilidad.,2,1,2
me muevo compulsivamente,1,1,2
no soporto abrir los ojos del doloro seame molestan mucho los ruidos pero tengo dificultad para andar.,0,2,0
"me molesta mucho la luz, tengo audicion normal aunque camino muy lento.",2,1,0
"veo lo necesario ademas sin problemas de oido, por otro lado estoy inmovilizado.",1,1,0
"veo perfectamente, por otro lado tengo muy poca audicion - me cuesta mucho caminar.",1,0,0
"no soporto abrir los ojos del dolor pero no escucho nada, demasiado veloz.",0,0,2
tengo muy poca vision - camino muy lento.,0,1,0
uso gafas para leer ademas tengo hipermovilidad.,1,1,2
hiper vision ademas no escucho en absoluto pero camino perfectamente.,2,0,1
veo perfectamente ademas me muevo con normalidad.,1,1,1
"veo perfectamente pero los ruidos fuertes me aturden, tengo hiperactividad.",1,2,2
mi agudeza visual es promedio. oido demasiado fino. puedo caminar y correr.,1,2,1
estoy ciegotambienlos sonidos agudos me dan dolor de cabeza pero no puedo caminar.,0,2,0
ando en silla de ruedas,1,1,0
soy ciego y tengo muy poca audicion aunque camino muy lento.,0,0,0
"tengo sensibilidad extrema a la luztambienoigo lo normal, por otro lado puedo andar sin problemas.",2,1,1
ceguera absoluta ademas escucho todo muy apagado ademas me muevo compulsivamente.,0,0,2
"uso baston para ciegos - tengo audicion normal, sin problemas de movilidad.",0,1,1
veo destellos constantemente,2,1,1
me duele el ojo derecho y tengo un oido demasiado sensible ademas me muevo compulsivamente.,0,2,2
llevo lentillas y veo bien ademas sin problemas de movilidad.,1,1,1
tengo vision normal,1,1,1
"veo lo necesario, por otro lado oido muy fino aunque no puedo mover las piernas.",1,2,0
hiper vision aunque oigo bien - no me puedo mover.,2,1,0
tengo vision nula - super oidoo seatengo tics motores.,0,2,2
me muevo con normalidad,1,1,1
tengo audicion normal,1,1,1
ceguera absoluta,0,1,1
soy muy lento caminando,1,1,0
mi agudeza visual es promedio,1,1,1
soy paraplejico,1,1,0
mi vista es normal ademas no me puedo quedar quieto.,1,1,2
tengo hipersensibilidad a la luz,2,1,1
uso baston para ciegos,0,1,1
no oigo nada,1,0,1
mi vista es normal,1,1,1
los ruidos fuertes me aturden,1,2,1
los brillos me hacen daño en los ojos y soy sordo - voy en baston.,2,0,0
veo muy malo seatengo hiperacusia aunque me muevo con normalidad.,0,2,1
super vision pero voy en baston.,2,1,0
demasiado veloz,1,1,2
tengo muy poca vision - oigo lo normal ademas puedo andar sin problemas.,0,1,1
"tengo dolor ocular y escucho todo muy apagado, por otro lado tengo dificultad para andar.",0,0,0
super vision. puedo andar sin problemas.,2,1,1
tengo sordera profunda,1,0,1
"siento dolor en los ojos ademas tengo audicion nula, por otro lado no puedo mover las piernas.",0,0,0
veo lo necesario,1,1,1
no soporto abrir los ojos del dolor y tengo hipermovilidad.,0,1,2
tengo hipersensibilidad a la luz pero puedo andar sin problemas.,2,1,1
tengo dolor constante en los ojos - tengo hipersensibilidad al ruido y no puedo caminar.,0,2,0
tengo problemas en la vistatambienno puedo estar sentado mucho tiempo.,0,1,2
escucho todo muy apagado,1,0,1
la luz me deslumbra demasiadoo seasuper oidotambienpuedo caminar y correr.,2,2,1
llevo lentillas y veo bien pero oido muy fino y puedo caminar y correr.,1,2,1
tengo sensibilidad extrema a la luz. soy sordo - soy paralitico.,2,0,0
tengo sordera,1,0,1
"tengo vision normal, tengo hipersensibilidad al ruido ademas no me puedo mover.",1,2,0
me duelen los ojos permanentementeo seacamino muy lento.,0,1,0
super vision pero oigo muy maltambiencamino perfectamente.,2,0,1
la luz me deslumbra demasiado,2,1,1
"mi vista es normal, camino bien.",1,1,1
mi agudeza visual es promedio aunque camino perfectamente.,1,1,1
la luz me deslumbra demasiado - ando con muletas.,2,1,0
"veo muy mal ademas soy sordo, por otro lado demasiado veloz.",0,0,2
veo bien aunque tengo hipersensibilidad al ruidotambienme cuesta mucho caminar.,1,2,0
la luz me deslumbra demasiado,2,1,1
tengo ceguera total pero sin problemas de movilidad.,0,1,1
sin problemas de oido,1,1,1
no puedo caminar,1,1,0
mi oido es normal,1,1,1
"me molesta mucho la luzo seauso lenguaje de señas, por otro lado demasiado veloz.",2,0,2
camino muy lento,1,1,0
super oido,1,2,1
he perdido el ojo derecho aunque oido muy fino aunque camino perfectamente.,0,2,1
camino bien,1,1,1
tengo hipersensibilidad a la luz. oido muy finoo seacamino bien.,2,2,1
"veo bien, soy sordo ademas tengo hiperactividad.",1,0,2
mi agudeza visual es promedio pero oido demasiado fino aunque tengo exceso de movimiento.,1,2,2
"veo perfectamente, tengo audicion normalo seame muevo compulsivamente.",1,1,2
no soporto el volumen alto,1,2,1
no soporto las luces brillantes - oido muy fino ademas no puedo mover las piernas.,2,2,0
no oigo nada,1,0,1
veo lo necesario pero puedo caminar y correr.,1,1,1
"uso baston para ciegoso seatengo audicion nula, me cuesta mucho caminar.",0,0,0
super visiono seami oido es normal - soy paralitico.,2,1,0
veo bien y tengo problemas al caminar.,1,1,0
no veo nadao seasin problemas de movilidad.,0,1,1
la luz me deslumbra demasiadoo seapuedo caminar y correr.,2,1,1
uso gafas para leer,1,1,1
tengo dolor constante en los ojos,0,1,1
no tengo problemas oculares y escucho perfectamente. tengo hipermovilidad.,1,1,2
"hiper vision, oido muy fino aunque no puedo caminar.",2,2,0
"he perdido el ojo izquierdo, por otro lado ando en silla de ruedas.",0,1,0
"uso baston para ciegos, escucho perfectamenteo seatengo hiperactividad.",0,1,2
no soporto abrir los ojos del doloro seano puedo mover las piernas.,0,1,0
veo destellos constantemente ademas escucho perfectamente - sin problemas de movilidad.,2,1,1
no veo en absoluto pero tengo dificultad para andar.,0,1,0
tengo muy poca audicion,1,0,1
mis ojos estan inflamados y duelen - soy paralitico.,0,1,0
los sonidos agudos me dan dolor de cabeza,1,2,1
"estoy ciego. escucho las conversaciones sin problema, por otro lado puedo caminar y correr.",0,1,1
me duele el ojo derechotambienestoy inmovilizado.,0,1,0
escucho las conversaciones sin problema,1,1,1
he perdido el ojo derecho aunque tengo hipersensibilidad al ruido aunque tengo dificultad para andar.,0,2,0
mi vista es normaltambienno soporto el volumen altoo seacamino perfectamente.,1,2,1
no me puedo mover,1,1,0
"veo perfectamente, por otro lado no puedo estar sentado mucho tiempo.",1,1,2
tengo problemas en la vista aunque estoy inmovilizado.,0,1,0
"veo lo necesario, por otro lado soy hiperactivo.",1,1,2
me molestan mucho los ruidos,1,2,1
mi agudeza visual es promedio,1,1,1
tengo inquietud motora extrema,1,1,2
tengo dificultad para andar,1,1,0
me cuesta mucho caminar,1,1,0
no veo casi nadatambienescucho perfectamente y puedo andar sin problemas.,0,1,1
no escucho en absoluto,1,0,1
he perdido el ojo izquierdo,0,1,1
los brillos me hacen daño en los ojos aunque no puedo mover las piernas.,2,1,0
oigo bien,1,1,1
"los brillos me hacen daño en los ojos, por otro lado tengo problemas al caminar.",2,1,0
"me molesta mucho la luz, por otro lado mi oido es normal y ando con muletas.",2,1,0
la luz me deslumbra demasiado y escucho perfectamenteo seano puedo mover las piernas.,2,1,0
"estoy ciego y no escucho en absoluto, por otro lado soy hiperactivo.",0,0,2
me muevo con normalidad,1,1,1
"no veo en absolutotambientengo hipersensibilidad auditiva, por otro lado tengo hiperactividad.",0,2,2
mi agudeza visual es promedio y escucho las conversaciones sin problema pero camino perfectamente.,1,1,1
"sin problemas de vista, me cuesta mucho caminar.",1,1,0
"la luz me deslumbra demasiado, escucho todo muy apagado y me muevo con normalidad.",2,0,1
me duele el ojo izquierdoo seaescucho las conversaciones sin problema ademas no me puedo quedar quieto.,0,1,2
tengo muy poca audicion,1,0,1
hiper vision. super oido aunque soy hiperactivo.,2,2,2
tengo fotofobia pero tengo tics motores.,2,1,2
escucho las conversaciones sin problema,1,1,1
mi oido es normal,1,1,1
los sonidos agudos me dan dolor de cabeza,1,2,1
escucho todo muy apagado,1,0,1
super vision. mi oido es normalo seano puedo mover las piernas.,2,1,0
soy paraplejico,1,1,0
uso gafas para leero seapuedo andar sin problemas.,1,1,1
"tengo fotofobiatambientengo muy poca audicion, por otro lado no me puedo quedar quieto.",2,0,2
tengo ceguera total,0,1,1
soy ciego,0,1,1
"soy ciego y escucho perfectamente, soy muy lento caminando.",0,1,0
tengo audicion nula,1,0,1
"super vision ademas escucho las conversaciones sin problema, por otro lado soy paraplejico.",2,1,0
voy en baston,1,1,0
veo bien ademas tengo hiperacusiao seatengo inquietud motora extrema.,1,2,2
veo lo necesario,1,1,1
"perdi los ojos, tengo problemas al caminar.",0,1,0
no soporto las luces brillantes ademas sin problemas de oido aunque demasiado veloz.,2,1,2
soy hiperactivo,1,1,2
escucho las conversaciones sin problema,1,1,1
tengo exceso de movimiento,1,1,2
llevo lentillas y veo bien ademas demasiado veloz.,1,1,2
tengo dolor constante en los ojoso seaescucho las conversaciones sin problema ademas mi movilidad es normal.,0,1,1
no soporto abrir los ojos del dolor. me molestan mucho los ruidos - soy paraplejico.,0,2,0
oigo bien,1,1,1
no soporto las luces brillantes,2,1,1
los ruidos fuertes me aturden,1,2,1
"veo bien, no soporto el volumen alto ademas no puedo mover las piernas.",1,2,0
no soporto las luces brillantestambienescucho las conversaciones sin problematambienpuedo andar sin problemas.,2,1,1
"mi vista es normal, por otro lado soy sordoo seame muevo con normalidad.",1,0,1
demasiado veloz,1,1,2
tengo hipersensibilidad visual - tengo audicion normal aunque tengo problemas al caminar.,2,1,0
tengo vision normal. uso lenguaje de señastambiencamino bien.,1,0,1
uso gafas para leer ademas mi movilidad es normal.,1,1,1
me molesta mucho la luz. tengo hipersensibilidad al ruido ademas puedo caminar y correr.,2,2,1
"uso gafas para leer aunque me molestan mucho los ruidos, tengo dificultad para andar.",1,2,0
llevo lentillas y veo bien. mi movilidad es normal.,1,1,1
he perdido el ojo derecho. estoy inmovilizado.,0,1,0
veo todo muy borroso,0,1,1
los brillos me hacen daño en los ojos - tengo hipermovilidad.,2,1,2
perdi la vista y sin problemas de oidotambientengo problemas al caminar.,0,1,0
"super vision. oigo lo normal, por otro lado sin problemas de movilidad.",2,1,1
los brillos me hacen daño en los ojostambienme cuesta mucho caminar.,2,1,0
camino bien,1,1,1
tengo hipersensibilidad visual - ando con muletas.,2,1,0
perdi los ojos - oigo muy mal. no me puedo quedar quieto.,0,0,2
no escucho nada,1,0,1
"no soporto las luces brillantes, no soporto el volumen alto - puedo andar sin problemas.",2,2,1
escucho todo muy apagado,1,0,1
hiper vision aunque no me puedo mover.,2,1,0
"siento dolor en los ojos pero tengo un oido demasiado sensible, camino bien.",0,2,1
sin problemas de oido,1,1,1
mi agudeza visual es promediotambiensin problemas de oido pero tengo exceso de movimiento.,1,1,2
tengo sensibilidad extrema a la luz aunque escucho las conversaciones sin problema ademas ando en silla de ruedas.,2,1,0
los brillos me hacen daño en los ojos ademas oigo lo normaltambienpuedo caminar y correr.,2,1,1
tengo problemas en la vista ademas mi movilidad es normal.,0,1,1
"no veo nadatambienno soporto el volumen alto, por otro lado mi movilidad es normal.",0,2,1
escucho perfectamente,1,1,1
demasiado veloz,1,1,2
me duelen los ojos al mirartambientengo tics motores.,0,1,2
tengo audicion normal,1,1,1
la luz me deslumbra demasiado pero super oido pero estoy inmovilizado.,2,2,0
uso gafas para leer. oigo muy mal ademas me cuesta mucho caminar.,1,0,0
hiper vision ademas camino bien.,2,1,1
no tengo problemas oculares,1,1,1
escucho los ruidos demasiado fuertes,1,2,1
no escucho nada,1,0,1
no tengo problemas oculares,1,1,1
uso gafas para leertambienoido demasiado fino. no puedo mover las piernas.,1,2,0
mi vista es normal y soy sordo y tengo movilidad muy reducida.,1,0,0
"me duele el ojo derecho aunque tengo un tapon, me muevo compulsivamente.",0,0,2
mi movilidad es normal,1,1,1
ceguera absoluta - tengo sorderao seano puedo estar sentado mucho tiempo.,0,0,2
tengo vision normaltambienlos sonidos agudos me dan dolor de cabezatambientengo dificultad para andar.,1,2,0
no veo nada ademas no puedo estar sentado mucho tiempo.,0,1,2
puedo caminar y correr,1,1,1
"no soporto las luces brillantes ademas oigo muy mal, por otro lado me muevo con normalidad.",2,0,1
soy paralitico,1,1,0
perdi la vista - tengo necesidad constante de moverme.,0,1,2
me duelen los ojos pero los ruidos fuertes me aturdentambientengo dificultad para andar.,0,2,0
veo lo necesario pero escucho perfectamente ademas camino muy lento.,1,1,0
mi vista es normal ademas soy sordo y camino perfectamente.,1,0,1
"tengo hipersensibilidad visual, por otro lado me muevo compulsivamente.",2,1,2
"veo destellos constantemente. escucho las conversaciones sin problema, demasiado veloz.",2,1,2
veo destellos constantemente aunque ando con muletas.,2,1,0
"la luz me deslumbra demasiado, por otro lado tengo sordera profunda ademas tengo tics motores.",2,0,2
tengo fotofobia,2,1,1
tengo vision normaltambienno puedo estar sentado mucho tiempo.,1,1,2
"me duelen los ojos al mirar, por otro lado no puedo estar sentado mucho tiempo.",0,1,2
tengo vision nula,0,1,1
tengo fotofobia pero tengo hiperacusia pero puedo caminar y correr.,2,2,1
super visiontambientengo un oido demasiado sensible. camino bien.,2,2,1
soy muy lento caminando,1,1,0
me duelen los ojos. soy muy lento caminando.,0,1,0
"tengo fotofobia - escucho todo muy apagado, por otro lado camino bien.",2,0,1
tengo hipermovilidad,1,1,2
tengo vision normal. oigo lo normal aunque no puedo estar sentado mucho tiempo.,1,1,2
no tengo problemas oculares pero puedo caminar y correr.,1,1,1
super visiono seasin problemas de oidoo seano puedo caminar.,2,1,0
mi oido es normal,1,1,1
no soporto las luces brillantes. escucho los ruidos demasiado fuertes aunque soy muy lento caminando.,2,2,0
veo perfectamente pero uso lenguaje de señas ademas tengo necesidad constante de moverme.,1,0,2
"no veo casi nadao seaoigo lo normal, camino bien.",0,1,1
super vision y tengo sordera y camino perfectamente.,2,0,1
ceguera absoluta - demasiado veloz.,0,1,2
me molesta mucho la luz. tengo tics motores.,2,1,2
veo perfectamente,1,1,1
sin problemas de movilidad,1,1,1
siento dolor en los ojos aunque uso lenguaje de señas pero puedo caminar y correr.,0,0,1
tengo un tapon,1,0,1
me duele el ojo izquierdo. demasiado veloz.,0,1,2
tengo dolor ocular ademas puedo caminar y correr.,0,1,1
tengo sensibilidad extrema a la luz - escucho perfectamente. me cuesta mucho caminar.,2,1,0
perdi la vista aunque puedo andar sin problemas.,0,1,1
"tengo fotofobia, escucho las conversaciones sin problema - mi movilidad es normal.",2,1,1
me molesta mucho la luz aunque no oigo nada pero me muevo compulsivamente.,2,0,2
"tengo dolor ocular aunque los sonidos agudos me dan dolor de cabeza, mi movilidad es normal.",0,2,1
tengo fotofobia y no puedo estar sentado mucho tiempo.,2,1,2
"uso baston para ciegos, por otro lado tengo audicion nulao seatengo necesidad constante de moverme.",0,0,2
tengo exceso de movimiento,1,1,2
sin problemas de vistatambiensin problemas de movilidad.,1,1,1
oigo lo normal,1,1,1
estoy ciego ademas camino muy lento.,0,1,0
no tengo problemas oculares - camino bien.,1,1,1
tengo fotofobia ademas tengo hipersensibilidad al ruido ademas no me puedo quedar quieto.,2,2,2
tengo fotofobia - super oido - tengo necesidad constante de moverme.,2,2,2
sin problemas de vistatambienescucho todo muy apagado ademas sin problemas de movilidad.,1,0,1
soy sordo,1,0,1
veo destellos constantemente y tengo inquietud motora extrema.,2,1,2
"la luz me deslumbra demasiado ademas no escucho en absoluto, por otro lado mi movilidad es normal.",2,0,1
tengo sordera profunda,1,0,1
tengo muy poca vision ademas los sonidos agudos me dan dolor de cabeza pero tengo exceso de movimiento.,0,2,2
sin problemas de vista - tengo hiperacusiao seavoy en baston.,1,2,0
tengo hipersensibilidad al ruido,1,2,1
oigo muy mal,1,0,1
veo destellos constantementeo seatengo audicion normal. tengo hipermovilidad.,2,1,2
llevo lentillas y veo bien,1,1,1
la luz me deslumbra demasiadoo seasin problemas de movilidad.,2,1,1
oigo lo normal,1,1,1
veo destellos constantemente. oido demasiado fino ademas soy muy lento caminando.,2,2,0
me molesta mucho la luz. me muevo compulsivamente.,2,1,2
no veo casi nada,0,1,1
no escucho nada,1,0,1
tengo fotofobia. me cuesta mucho caminar.,2,1,0
tengo sensibilidad extrema a la luz ademas tengo un tapon. tengo inquietud motora extrema.,2,0,2
tengo inquietud motora extrema,1,1,2
los brillos me hacen daño en los ojos,2,1,1
me molesta mucho la luz y tengo hipersensibilidad auditiva aunque sin problemas de movilidad.,2,2,1
llevo lentillas y veo bien,1,1,1
mis ojos estan inflamados y duelentambientengo muy poca audicion. sin problemas de movilidad.,0,0,1
no soporto las luces brillantes,2,1,1
"tengo dolor ocular, por otro lado sin problemas de oido pero demasiado veloz.",0,1,2
veo lo necesario y oido demasiado fino - tengo movilidad muy reducida.,1,2,0
veo lo necesario ademas sin problemas de movilidad.,1,1,1
veo muy mal ademas tengo un oido demasiado sensible - sin problemas de movilidad.,0,2,1
veo bien. escucho todo muy apagado. mi movilidad es normal.,1,0,1
"mi vista es normal, por otro lado tengo hipersensibilidad al ruido, tengo problemas al caminar.",1,2,0
"no soporto las luces brillantes, por otro lado no escucho en absolutoo seasin problemas de movilidad.",2,0,1
mi oido es normal,1,1,1
veo destellos constantemente aunque soy sordo y camino perfectamente.,2,0,1
tengo hipersensibilidad visualo seatengo hiperactividad.,2,1,2
veo destellos constantementetambiencamino perfectamente.,2,1,1
veo perfectamente y uso lenguaje de señastambienvoy en baston.,1,0,0
tengo sensibilidad extrema a la luz ademas escucho las conversaciones sin problematambienno me puedo mover.,2,1,0
me molesta mucho la luz. no soporto el volumen alto. tengo inquietud motora extrema.,2,2,2
tengo muy poca vision,0,1,1
veo bien y no puedo estar sentado mucho tiempo.,1,1,2
los brillos me hacen daño en los ojos - oigo muy maltambienpuedo caminar y correr.,2,0,1
"tengo fotofobia, por otro lado tengo hipermovilidad.",2,1,2
me duele el ojo izquierdoo seaando con muletas.,0,1,0
no veo casi nada. no escucho nada - me muevo con normalidad.,0,0,1
"mi agudeza visual es promedio aunque tengo hiperacusia, por otro lado camino bien.",1,2,1
la luz me deslumbra demasiado aunque tengo audicion nula. tengo hipermovilidad.,2,0,2
me duelen los ojos al mirar,0,1,1
"los brillos me hacen daño en los ojos, por otro lado escucho los ruidos demasiado fuerteso seatengo exceso de movimiento.",2,2,2
hiper vision y puedo andar sin problemas.,2,1,1
veo bientambienme muevo con normalidad.,1,1,1
super vision,2,1,1
hiper vision ademas mi oido es normaltambienme muevo con normalidad.,2,1,1
tengo exceso de movimiento,1,1,2
perdi los ojostambiensin problemas de movilidad.,0,1,1
veo lo necesariotambienuso lenguaje de señas y tengo hiperactividad.,1,0,2
"llevo lentillas y veo bien y escucho las conversaciones sin problema, por otro lado me cuesta mucho caminar.",1,1,0
veo perfectamente - escucho todo muy apagado aunque no puedo mover las piernas.,1,0,0
los brillos me hacen daño en los ojos y sin problemas de oidoo seacamino bien.,2,1,1
"veo perfectamente, por otro lado ando con muletas.",1,1,0
"me molesta mucho la luz, los sonidos agudos me dan dolor de cabezao seasoy muy lento caminando.",2,2,0
escucho las conversaciones sin problema,1,1,1
tengo vision normalo seacamino perfectamente.,1,1,1
"me duele el ojo izquierdo, tengo hiperactividad.",0,1,2
"tengo problemas en la vista y mi oido es normal, me muevo compulsivamente.",0,1,2
puedo andar sin problemas,1,1,1
hiper vision ademas oigo lo normal. no me puedo quedar quieto.,2,1,2
tengo un tapon,1,0,1
me molesta mucho la luz - ando con muletas.,2,1,0
tengo sordera,1,0,1
"uso gafas para leer aunque oigo bien, no puedo caminar.",1,1,0
uso gafas para leertambientengo dificultad para andar.,1,1,0
super vision pero no me puedo quedar quieto.,2,1,2
mi oido es normal,1,1,1
me molesta mucho la luz pero los sonidos agudos me dan dolor de cabeza - tengo exceso de movimiento.,2,2,2
tengo vision normal. mi oido es normalo seame muevo con normalidad.,1,1,1
no soporto las luces brillantestambientengo inquietud motora extrema.,2,1,2
no puedo estar sentado mucho tiempo,1,1,2
no veo nada aunque ando en silla de ruedas.,0,1,0
no puedo estar sentado mucho tiempo,1,1,2
"tengo fotofobia, sin problemas de oido. me muevo con normalidad.",2,1,1
tengo hipersensibilidad visual aunque tengo necesidad constante de moverme.,2,1,2
"no soporto abrir los ojos del dolor, por otro lado sin problemas de oido y tengo problemas al caminar.",0,1,0
super vision. tengo sordera - tengo tics motores.,2,0,2
tengo hipermovilidad,1,1,2
no soporto las luces brillantes - soy sordo ademas estoy inmovilizado.,2,0,0
mi agudeza visual es promedio y oido demasiado fino - tengo exceso de movimiento.,1,2,2
"la luz me deslumbra demasiado, puedo andar sin problemas.",2,1,1
tengo sordera profunda,1,0,1
no tengo problemas oculares ademas no escucho nada aunque me cuesta mucho caminar.,1,0,0
los brillos me hacen daño en los ojos ademas me muevo compulsivamente.,2,1,2
tengo dolor constante en los ojoso seano soporto el volumen alto y no me puedo mover.,0,2,0
tengo sordera profunda,1,0,1
la luz me deslumbra demasiado ademas no puedo mover las piernas.,2,1,0
ceguera absoluta y tengo un oido demasiado sensible aunque camino perfectamente.,0,2,1
mi agudeza visual es promedio aunque super oido. soy paraplejico.,1,2,0
uso lenguaje de señas,1,0,1
super vision ademas me muevo con normalidad.,2,1,1
tengo vision normalo seatengo hipersensibilidad al ruido aunque tengo dificultad para andar.,1,2,0
uso gafas para leer. super oido ademas puedo caminar y correr.,1,2,1
sin problemas de movilidad,1,1,1
"me duele el ojo derecho. escucho perfectamente, por otro lado me muevo con normalidad.",0,1,1
"veo bien, no oigo nada, tengo necesidad constante de moverme.",1,0,2
me duele el ojo izquierdo,0,1,1
siento dolor en los ojos aunque puedo caminar y correr.,0,1,1
hiper visiono seaando con muletas.,2,1,0
no me puedo quedar quieto,1,1,2
sin problemas de oido,1,1,1
tengo hipersensibilidad a la luz. escucho las conversaciones sin problematambiensin problemas de movilidad.,2,1,1
hiper vision ademas los ruidos fuertes me aturden ademas tengo inquietud motora extrema.,2,2,2
"hiper vision, por otro lado tengo muy poca audicion. no puedo estar sentado mucho tiempo.",2,0,2
"no veo en absoluto, por otro lado oido demasiado finotambienpuedo andar sin problemas.",0,2,1
tengo fotofobia aunque no soporto el volumen altotambientengo hipermovilidad.,2,2,2
"no veo en absoluto, me molestan mucho los ruidos y soy muy lento caminando.",0,2,0
veo perfectamentetambienescucho perfectamente ademas voy en baston.,1,1,0
"uso gafas para leer - escucho las conversaciones sin problema, por otro lado tengo problemas al caminar.",1,1,0
hiper vision,2,1,1
la luz me deslumbra demasiado,2,1,1
no soporto las luces brillantes ademas soy muy lento caminando.,2,1,0
tengo dolor constante en los ojos,0,1,1
veo destellos constantemente ademas sin problemas de movilidad.,2,1,1
me molesta mucho la luz - oido muy fino aunque tengo hiperactividad.,2,2,2
veo bien - tengo dificultad para andar.,1,1,0
tengo necesidad constante de moverme,1,1,2
tengo un tapon,1,0,1
tengo dolor ocularo seaescucho las conversaciones sin problema - ando en silla de ruedas.,0,1,0
estoy ciego,0,1,1
escucho las conversaciones sin problema,1,1,1
veo bien. no escucho en absoluto - soy paralitico.,1,0,0
tengo muy poca audicion,1,0,1
tengo ceguera total y camino perfectamente.,0,1,1
no soporto las luces brillantes pero mi oido es normal y tengo exceso de movimiento.,2,1,2
tengo hipersensibilidad auditiva,1,2,1
tengo audicion normal,1,1,1
"me duelen los ojos al mirar. escucho todo muy apagado, por otro lado tengo tics motores.",0,0,2
me duele el ojo izquierdo pero no puedo estar sentado mucho tiempo.,0,1,2
no tengo problemas oculares,1,1,1
los brillos me hacen daño en los ojos ademas escucho las conversaciones sin problema. tengo hiperactividad.,2,1,2
"mi agudeza visual es promedio, soy paralitico.",1,1,0
"los brillos me hacen daño en los ojos, por otro lado uso lenguaje de señas y tengo necesidad constante de moverme.",2,0,2
sin problemas de vista aunque oigo lo normalo seacamino bien.,1,1,1
me muevo compulsivamente,1,1,2
"veo bien, camino perfectamente.",1,1,1
no soporto abrir los ojos del dolor y tengo audicion normalo seame muevo compulsivamente.,0,1,2
tengo vision normal ademas tengo tics motores.,1,1,2
veo bien. tengo hipermovilidad.,1,1,2
los sonidos agudos me dan dolor de cabeza,1,2,1
veo todo muy borroso pero voy en baston.,0,1,0
veo todo muy borrosoo seami movilidad es normal.,0,1,1
no escucho en absoluto,1,0,1
me duele el ojo derecho pero soy sordoo seame cuesta mucho caminar.,0,0,0
tengo vision normal y no puedo estar sentado mucho tiempo.,1,1,2
no tengo problemas ocularestambiensuper oido ademas camino muy lento.,1,2,0
mi agudeza visual es promedio,1,1,1
"tengo hipersensibilidad a la luz y no escucho en absoluto, por otro lado camino bien.",2,0,1
"hiper vision, por otro lado no puedo estar sentado mucho tiempo.",2,1,2
sin problemas de movilidad,1,1,1
camino bien,1,1,1
los sonidos agudos me dan dolor de cabeza,1,2,1
me muevo compulsivamente,1,1,2
tengo hipersensibilidad visual pero no puedo caminar.,2,1,0
oido muy fino,1,2,1
llevo lentillas y veo bien aunque oigo lo normal aunque soy paraplejico.,1,1,0
veo destellos constantemente - estoy inmovilizado.,2,1,0
soy paralitico,1,1,0
puedo caminar y correr,1,1,1
mi movilidad es normal,1,1,1
"no soporto las luces brillantes, por otro lado mi oido es normal pero tengo hipermovilidad.",2,1,2
"me duelen los ojos, oido muy fino - me muevo con normalidad.",0,2,1
me duelen los ojos al mirar. escucho los ruidos demasiado fuertes pero soy hiperactivo.,0,2,2
tengo sordera,1,0,1
veo perfectamente aunque no escucho en absolutotambientengo movilidad muy reducida.,1,0,0
tengo problemas en la vista pero los sonidos agudos me dan dolor de cabezao seasoy muy lento caminando.,0,2,0
uso baston para ciegos y oigo bien pero puedo andar sin problemas.,0,1,1
mis ojos estan inflamados y duelen y tengo audicion nulatambienme muevo con normalidad.,0,0,1
soy ciego pero tengo sordera profundao seano me puedo mover.,0,0,0
"hiper vision, oido demasiado fino y no puedo caminar.",2,2,0
no tengo problemas oculareso seaescucho los ruidos demasiado fuertes pero ando con muletas.,1,2,0
me molesta mucho la luz aunque tengo audicion normaltambiensin problemas de movilidad.,2,1,1
no oigo nada,1,0,1
mi vista es normal ademas tengo necesidad constante de moverme.,1,1,2
veo muy malo seasin problemas de oidotambientengo hipermovilidad.,0,1,2
sin problemas de vista pero oigo muy mal ademas tengo movilidad muy reducida.,1,0,0
"uso gafas para leer, ando en silla de ruedas.",1,1,0
hiper visiono seaoigo muy mal y no me puedo mover.,2,0,0
"me duelen los ojos permanentemente, soy hiperactivo.",0,1,2
tengo un oido demasiado sensible,1,2,1
camino bien,1,1,1
estoy ciego. tengo audicion normal aunque tengo tics motores.,0,1,2
"tengo sensibilidad extrema a la luz, por otro lado oigo bien pero camino bien.",2,1,1
ceguera absoluta - oigo bien. no puedo caminar.,0,1,0
"llevo lentillas y veo bien, escucho las conversaciones sin problema aunque tengo inquietud motora extrema.",1,1,2
"no tengo problemas oculares, por otro lado me muevo con normalidad.",1,1,1
tengo hiperacusia,1,2,1
"mi vista es normal, tengo un tapon y sin problemas de movilidad.",1,0,1
no tengo problemas oculares aunque camino bien.,1,1,1
la luz me deslumbra demasiado - oido muy fino aunque tengo movilidad muy reducida.,2,2,0
hiper vision. tengo hipermovilidad.,2,1,2
super vision - oigo bien y tengo inquietud motora extrema.,2,1,2
mi movilidad es normal,1,1,1
veo lo necesario,1,1,1
veo muy mal aunque no escucho nada. camino perfectamente.,0,0,1
me molesta mucho la luz ademas tengo sordera profunda. no puedo estar sentado mucho tiempo.,2,0,2
veo perfectamente y super oidotambiensin problemas de movilidad.,1,2,1
perdi la vistao seatengo audicion normal. estoy inmovilizado.,0,1,0
"uso gafas para leer, escucho las conversaciones sin problema, soy paraplejico.",1,1,0
"no tengo problemas oculares y oigo muy mal, por otro lado sin problemas de movilidad.",1,0,1
"tengo ceguera totalo seaoido muy fino, por otro lado soy muy lento caminando.",0,2,0
los brillos me hacen daño en los ojos y me muevo con normalidad.,2,1,1
tengo vision normal pero uso lenguaje de señas pero sin problemas de movilidad.,1,0,1
tengo hipersensibilidad a la luz pero mi oido es normal aunque tengo dificultad para andar.,2,1,0
mi vista es normal. no soporto el volumen alto pero me muevo compulsivamente.,1,2,2
mi movilidad es normal,1,1,1
demasiado veloz,1,1,2
tengo ceguera totaltambientengo un tapon. soy hiperactivo.,0,0,2
"sin problemas de vistao seasin problemas de oido, me muevo con normalidad.",1,1,1
puedo andar sin problemas,1,1,1
uso gafas para leer y uso lenguaje de señas - sin problemas de movilidad.,1,0,1
tengo ceguera total. no puedo estar sentado mucho tiempo.,0,1,2
me molesta mucho la luz aunque super oido ademas puedo andar sin problemas.,2,2,1
escucho las conversaciones sin problema,1,1,1
super vision aunque ando con muletas.,2,1,0
"tengo dolor constante en los ojos ademas tengo muy poca audicion, soy paralitico.",0,0,0
me duelen los ojos al mirartambienno escucho en absoluto - me muevo con normalidad.,0,0,1
super vision aunque escucho las conversaciones sin problema y no puedo mover las piernas.,2,1,0
puedo caminar y correr,1,1,1
"super vision pero mi oido es normal, soy muy lento caminando.",2,1,0
escucho perfectamente,1,1,1
los sonidos agudos me dan dolor de cabeza,1,2,1
tengo hipermovilidad,1,1,2
tengo muy poca audicion,1,0,1
"soy ciego, oigo lo normal - tengo tics motores.",0,1,2
"no tengo problemas oculares, por otro lado oido demasiado fino, por otro lado camino bien.",1,2,1
"veo bien, ando con muletas.",1,1,0
veo destellos constantemente pero puedo andar sin problemas.,2,1,1
"tengo fotofobia, por otro lado tengo hipermovilidad.",2,1,2
veo lo necesario aunque me muevo compulsivamente.,1,1,2
"super vision, me molestan mucho los ruidos. puedo caminar y correr.",2,2,1
"no veo en absoluto ademas tengo un tapon, por otro lado camino bien.",0,0,1
"sin problemas de vista, por otro lado ando con muletas.",1,1,0
"tengo sensibilidad extrema a la luz, por otro lado tengo sordera profunda y me cuesta mucho caminar.",2,0,0
he perdido el ojo derecho,0,1,1
no soporto las luces brillantes. mi oido es normal aunque no me puedo quedar quieto.,2,1,2
mi agudeza visual es promedio,1,1,1
puedo andar sin problemas,1,1,1
me duele el ojo derecho - oigo lo normal aunque soy paraplejico.,0,1,0
tengo vision normal y no puedo mover las piernas.,1,1,0
"la luz me deslumbra demasiado, por otro lado mi oido es normal y tengo hipermovilidad.",2,1,2
tengo hipersensibilidad a la luz ademas me cuesta mucho caminar.,2,1,0
tengo exceso de movimiento,1,1,2
mi agudeza visual es promedioo seasuper oidotambiensoy hiperactivo.,1,2,2
tengo fotofobia ademas escucho los ruidos demasiado fuertes - sin problemas de movilidad.,2,2,1
me molesta mucho la luz aunque tengo inquietud motora extrema.,2,1,2
tengo fotofobia,2,1,1
"no veo en absolutotambientengo hiperacusia, soy paraplejico.",0,2,0
los brillos me hacen daño en los ojos ademas escucho los ruidos demasiado fuertes - tengo necesidad constante de moverme.,2,2,2
tengo dolor constante en los ojos. no me puedo quedar quieto.,0,1,2
"veo perfectamente, por otro lado tengo sordera profunda, no puedo caminar.",1,0,0
mis ojos estan inflamados y duelen. escucho las conversaciones sin problema aunque no puedo estar sentado mucho tiempo.,0,1,2
"veo perfectamente, tengo tics motores.",1,1,2
mi agudeza visual es promedio - me molestan mucho los ruidos. ando en silla de ruedas.,1,2,0
tengo hipersensibilidad a la luz y sin problemas de oido pero puedo andar sin problemas.,2,1,1
tengo vision nula - escucho perfectamente. camino bien.,0,1,1
llevo lentillas y veo bien,1,1,1
tengo fotofobia y tengo hipersensibilidad auditiva ademas tengo necesidad constante de moverme.,2,2,2
veo destellos constantementetambiensoy paralitico.,2,1,0
"no soporto abrir los ojos del dolor, demasiado veloz.",0,1,2
"me duelen los ojos, sin problemas de movilidad.",0,1,1
veo lo necesario y escucho todo muy apagado y soy muy lento caminando.,1,0,0
oido demasiado fino,1,2,1
tengo dolor constante en los ojos - puedo andar sin problemas.,0,1,1
"hiper vision, por otro lado soy hiperactivo.",2,1,2
me duelen los ojos permanentemente aunque soy muy lento caminando.,0,1,0
"tengo fotofobia, por otro lado escucho las conversaciones sin problematambiensoy paraplejico.",2,1,0
tengo sordera,1,0,1
tengo un oido demasiado sensible,1,2,1
no soporto las luces brillantes,2,1,1
veo perfectamente aunque estoy inmovilizado.,1,1,0
veo perfectamente - no escucho nada y estoy inmovilizado.,1,0,0
no soporto abrir los ojos del dolor. mi oido es normal pero sin problemas de movilidad.,0,1,1
me molesta mucho la luz ademas tengo audicion nula pero sin problemas de movilidad.,2,0,1
no soporto las luces brillantestambienescucho perfectamente pero no puedo mover las piernas.,2,1,0
tengo sensibilidad extrema a la luz y escucho los ruidos demasiado fuertestambiencamino muy lento.,2,2,0
tengo un oido demasiado sensible,1,2,1
"me molesta mucho la luz, soy muy lento caminando.",2,1,0
"mi agudeza visual es promedio, por otro lado no oigo nadatambienme muevo con normalidad.",1,0,1
mi vista es normal pero tengo necesidad constante de moverme.,1,1,2
"tengo fotofobiatambiensoy sordo, por otro lado me muevo con normalidad.",2,0,1
"mis ojos estan inflamados y duelen ademas super oido, por otro lado tengo problemas al caminar.",0,2,0
"mi vista es normal y tengo audicion normal, por otro lado tengo exceso de movimiento.",1,1,2
"me duele el ojo derecho - oigo bien, estoy inmovilizado.",0,1,0
veo muy mal aunque mi oido es normal. camino muy lento.,0,1,0
tengo dolor constante en los ojos y puedo andar sin problemas.,0,1,1
los ruidos fuertes me aturden,1,2,1
tengo hipersensibilidad auditiva,1,2,1
"mi vista es normal, no soporto el volumen alto - camino bien.",1,2,1
veo lo necesario y tengo necesidad constante de moverme.,1,1,2
oigo bien,1,1,1
tengo hipersensibilidad visual aunque soy paralitico.,2,1,0
veo destellos constantemente - tengo inquietud motora extrema.,2,1,2
la luz me deslumbra demasiadotambienme muevo con normalidad.,2,1,1
"no veo nada. los ruidos fuertes me aturden, ando con muletas.",0,2,0
"veo lo necesario ademas uso lenguaje de señas, puedo andar sin problemas.",1,0,1
demasiado veloz,1,1,2
perdi los ojos,0,1,1
tengo fotofobia - escucho todo muy apagado aunque no puedo estar sentado mucho tiempo.,2,0,2
veo perfectamente,1,1,1
oigo bien,1,1,1
hiper vision aunque sin problemas de oido y mi movilidad es normal.,2,1,1
mi oido es normal,1,1,1
no tengo problemas oculares,1,1,1
tengo audicion normal,1,1,1
llevo lentillas y veo bien aunque tengo hipermovilidad.,1,1,2
la luz me deslumbra demasiado,2,1,1
me molesta mucho la luz. oigo lo normal ademas tengo dificultad para andar.,2,1,0
tengo sensibilidad extrema a la luz aunque tengo exceso de movimiento.,2,1,2
camino perfectamente,1,1,1
"me duele el ojo izquierdo, por otro lado super oidoo seasoy paralitico.",0,2,0
veo lo necesario - mi oido es normal - ando con muletas.,1,1,0
tengo vision nula y oigo lo normal aunque no puedo caminar.,0,1,0
la luz me deslumbra demasiado - tengo muy poca audicion - me cuesta mucho caminar.,2,0,0
tengo sensibilidad extrema a la luz. tengo un tapon pero camino perfectamente.,2,0,1
tengo dolor ocular,0,1,1
"perdi los ojos, por otro lado escucho todo muy apagadoo seatengo inquietud motora extrema.",0,0,2
camino perfectamente,1,1,1
veo perfectamente ademas mi oido es normal y tengo dificultad para andar.,1,1,0
la luz me deslumbra demasiado aunque me muevo compulsivamente.,2,1,2
veo destellos constantemente - no puedo estar sentado mucho tiempo.,2,1,2
no me puedo quedar quieto,1,1,2
tengo movilidad muy reducida,1,1,0
mi agudeza visual es promedio - puedo andar sin problemas.,1,1,1
oigo lo normal,1,1,1
"tengo problemas en la vista ademas oigo lo normal, estoy inmovilizado.",0,1,0
"tengo vision nula - oigo bien, camino muy lento.",0,1,0
"soy ciego aunque escucho las conversaciones sin problema, por otro lado tengo dificultad para andar.",0,1,0
escucho los ruidos demasiado fuertes,1,2,1
tengo hipersensibilidad visual - no escucho en absolutotambientengo hiperactividad.,2,0,2
llevo lentillas y veo bien,1,1,1
"veo perfectamente aunque tengo audicion normal, mi movilidad es normal.",1,1,1
la luz me deslumbra demasiado ademas soy sordoo seasoy muy lento caminando.,2,0,0
"mi vista es normal, tengo movilidad muy reducida.",1,1,0
uso baston para ciegoso seaoigo bien aunque tengo problemas al caminar.,0,1,0
tengo muy poca vision pero tengo un oido demasiado sensible aunque puedo andar sin problemas.,0,2,1
me duelen los ojos permanentemente aunque camino bien.,0,1,1
super vision ademas no escucho en absoluto ademas me muevo con normalidad.,2,0,1
me molesta mucho la luztambienoigo muy mal aunque tengo hiperactividad.,2,0,2
tengo vision nula - no escucho nada aunque tengo hiperactividad.,0,0,2
no soporto las luces brillantes pero tengo hipermovilidad.,2,1,2
"tengo sensibilidad extrema a la luz, por otro lado mi oido es normal, sin problemas de movilidad.",2,1,1
no soporto las luces brillantes,2,1,1
me molesta mucho la luzo seano escucho nada - camino bien.,2,0,1
me molesta mucho la luz. voy en baston.,2,1,0
"no soporto las luces brillantes ademas no escucho en absoluto, por otro lado ando con muletas.",2,0,0
veo destellos constantemente,2,1,1
"no soporto abrir los ojos del dolor y escucho los ruidos demasiado fuertes, por otro lado tengo hiperactividad.",0,2,2
tengo sensibilidad extrema a la luz y camino bien.,2,1,1
"tengo vision normal aunque los ruidos fuertes me aturden, por otro lado tengo hiperactividad.",1,2,2
veo perfectamente aunque tengo audicion nulatambienno puedo caminar.,1,0,0
tengo hipersensibilidad a la luz,2,1,1
"veo destellos constantemente, por otro lado escucho los ruidos demasiado fuerteso seano puedo estar sentado mucho tiempo.",2,2,2
tengo vision normal. soy sordo - tengo hipermovilidad.,1,0,2
he perdido el ojo izquierdo,0,1,1
"tengo fotofobia - los ruidos fuertes me aturden, por otro lado tengo inquietud motora extrema.",2,2,2
la luz me deslumbra demasiado,2,1,1
perdi los ojos. no escucho en absolutoo seacamino perfectamente.,0,0,1
mi vista es normal - no oigo nada ademas me muevo con normalidad.,1,0,1
perdi los ojos - soy sordo ademas me muevo con normalidad.,0,0,1
la luz me deslumbra demasiado aunque oido muy fino y demasiado veloz.,2,2,2
tengo hipersensibilidad al ruido,1,2,1
"tengo ceguera total aunque los sonidos agudos me dan dolor de cabeza, me muevo compulsivamente.",0,2,2
tengo ceguera totalo sealos ruidos fuertes me aturden y puedo caminar y correr.,0,2,1
llevo lentillas y veo bien,1,1,1
"tengo muy poca vision y los sonidos agudos me dan dolor de cabeza, por otro lado demasiado veloz.",0,2,2
no soporto abrir los ojos del dolor. oigo bien y puedo caminar y correr.,0,1,1
veo lo necesariotambientengo hipermovilidad.,1,1,2
llevo lentillas y veo bien. camino muy lento.,1,1,0
"no veo casi nada, por otro lado no escucho en absolutotambiensin problemas de movilidad.",0,0,1
puedo andar sin problemas,1,1,1
mi oido es normal,1,1,1
"tengo hipersensibilidad visual, tengo movilidad muy reducida.",2,1,0
no tengo problemas ocularestambienno puedo caminar.,1,1,0
los sonidos agudos me dan dolor de cabeza,1,2,1
tengo vision normal ademas tengo audicion normal. me muevo compulsivamente.,1,1,2
"veo lo necesario y oigo lo normal, por otro lado me muevo con normalidad.",1,1,1
no tengo problemas oculares - tengo hipersensibilidad al ruidoo seatengo hipermovilidad.,1,2,2
no oigo nada,1,0,1
"me duelen los ojos permanentemente, mi movilidad es normal.",0,1,1
ceguera absoluta pero escucho perfectamente y soy hiperactivo.,0,1,2
tengo hipermovilidad,1,1,2
veo perfectamente pero uso lenguaje de señas - soy paralitico.,1,0,0
escucho las conversaciones sin problema,1,1,1
mi vista es normal. tengo hipersensibilidad al ruidoo seacamino bien.,1,2,1
"tengo hipersensibilidad visual pero no escucho en absoluto, estoy inmovilizado.",2,0,0
no soporto el volumen alto,1,2,1
tengo fotofobia ademas los sonidos agudos me dan dolor de cabeza. estoy inmovilizado.,2,2,0
tengo hipersensibilidad visual y no puedo caminar.,2,1,0
tengo problemas en la vista,0,1,1
"no veo en absoluto ademas tengo hipersensibilidad al ruido, por otro lado camino bien.",0,2,1
"veo destellos constantemente, tengo un tapon ademas tengo movilidad muy reducida.",2,0,0
me molesta mucho la luz pero soy muy lento caminando.,2,1,0
no veo casi nada pero los sonidos agudos me dan dolor de cabeza y no me puedo mover.,0,2,0
veo perfectamente. mi oido es normal - soy paralitico.,1,1,0
estoy ciego y no oigo nada - puedo andar sin problemas.,0,0,1
"mis ojos estan inflamados y duelen pero oido muy fino, tengo hiperactividad.",0,2,2
no veo casi nada pero oigo lo normal ademas tengo movilidad muy reducida.,0,1,0
me duelen los ojos al mirar ademas no escucho en absolutoo seano puedo estar sentado mucho tiempo.,0,0,2
"me duele el ojo derecho y soy sordo, por otro lado tengo tics motores.",0,0,2
veo destellos constantemente,2,1,1
me duele el ojo derecho aunque tengo necesidad constante de moverme.,0,1,2
"no veo casi nada, me muevo compulsivamente.",0,1,2
puedo caminar y correr,1,1,1
super vision pero escucho las conversaciones sin problema y puedo andar sin problemas.,2,1,1
escucho los ruidos demasiado fuertes,1,2,1
ceguera absoluta,0,1,1
hiper vision,2,1,1
mi oido es normal,1,1,1
mi vista es normal - tengo sordera profunda y mi movilidad es normal.,1,0,1
mi agudeza visual es promedio,1,1,1
no escucho nada,1,0,1
me duele el ojo derecho y oido muy fino ademas camino bien.,0,2,1
me molesta mucho la luz y los sonidos agudos me dan dolor de cabezao seapuedo caminar y correr.,2,2,1
no veo nada - me muevo con normalidad.,0,1,1
tengo sensibilidad extrema a la luz ademas escucho todo muy apagadotambientengo tics motores.,2,0,2
tengo sordera profunda,1,0,1
me duelen los ojos pero tengo audicion normalo seatengo problemas al caminar.,0,1,0
camino perfectamente,1,1,1
me duelen los ojos aunque escucho perfectamente ademas soy muy lento caminando.,0,1,0
no tengo problemas oculares pero no escucho en absoluto - puedo caminar y correr.,1,0,1
la luz me deslumbra demasiado - voy en baston.,2,1,0
mi vista es normal y tengo un oido demasiado sensible. mi movilidad es normal.,1,2,1
no veo en absoluto ademas camino bien.,0,1,1
uso gafas para leer,1,1,1
he perdido el ojo derechotambientengo hiperacusia ademas tengo necesidad constante de moverme.,0,2,2
sin problemas de vistao seaoigo muy malo seasoy paralitico.,1,0,0
"veo destellos constantementeo seaescucho las conversaciones sin problema, mi movilidad es normal.",2,1,1
tengo dolor oculartambienuso lenguaje de señas y soy muy lento caminando.,0,0,0
tengo vision normal. mi oido es normal - tengo dificultad para andar.,1,1,0
siento dolor en los ojos. no me puedo mover.,0,1,0
mi vista es normal - tengo exceso de movimiento.,1,1,2
sin problemas de vistatambienno soporto el volumen alto y soy paralitico.,1,2,0
he perdido el ojo izquierdo. tengo un tapon ademas no puedo mover las piernas.,0,0,0
oigo lo normal,1,1,1
llevo lentillas y veo bien pero tengo inquietud motora extrema.,1,1,2
la luz me deslumbra demasiadotambientengo sordera profunda pero no puedo mover las piernas.,2,0,0
veo todo muy borroso,0,1,1
los brillos me hacen daño en los ojostambiensuper oidoo seasoy muy lento caminando.,2,2,0
me molesta mucho la luzo seaoigo muy mal. no me puedo mover.,2,0,0
"tengo fotofobia, oigo muy mal, sin problemas de movilidad.",2,0,1
me duele el ojo derecho. oigo lo normal ademas mi movilidad es normal.,0,1,1
mi agudeza visual es promedio,1,1,1
"tengo sensibilidad extrema a la luz, por otro lado camino perfectamente.",2,1,1
llevo lentillas y veo bien pero puedo caminar y correr.,1,1,1
no veo nada - tengo tics motores.,0,1,2
"tengo fotofobia, mi oido es normal pero no me puedo mover.",2,1,0
"tengo dolor ocular. oido muy fino, sin problemas de movilidad.",0,2,1
llevo lentillas y veo bien. tengo dificultad para andar.,1,1,0
veo destellos constantemente y camino bien.,2,1,1
me molesta mucho la luzo seatengo hipermovilidad.,2,1,2
perdi la vistao seavoy en baston.,0,1,0
perdi la vista,0,1,1
tengo hiperactividad,1,1,2
"mi agudeza visual es promedio aunque escucho perfectamente, camino perfectamente.",1,1,1
me molesta mucho la luz,2,1,1
"soy ciego y oigo muy mal, soy muy lento caminando.",0,0,0
tengo sordera profunda,1,0,1
"sin problemas de vista ademas me molestan mucho los ruidos, por otro lado tengo inquietud motora extrema.",1,2,2
"tengo fotofobia, por otro lado escucho todo muy apagadotambienme muevo con normalidad.",2,0,1
uso baston para ciegos,0,1,1
"tengo sensibilidad extrema a la luz, tengo un tapon - tengo exceso de movimiento.",2,0,2
"no tengo problemas oculares, ando en silla de ruedas.",1,1,0
tengo hipersensibilidad auditiva,1,2,1
escucho todo muy apagado,1,0,1
soy ciego,0,1,1
uso gafas para leer,1,1,1
"no veo casi nada, por otro lado oigo bien, por otro lado tengo necesidad constante de moverme.",0,1,2
no tengo problemas oculares pero tengo audicion normal aunque camino muy lento.,1,1,0
"tengo sensibilidad extrema a la luzo seano soporto el volumen alto, tengo movilidad muy reducida.",2,2,0
no veo casi nada. oigo bieno seano puedo mover las piernas.,0,1,0
"veo perfectamenteo seatengo muy poca audicion, tengo inquietud motora extrema.",1,0,2
no escucho en absoluto,1,0,1
tengo sensibilidad extrema a la luztambienno oigo nada y soy paraplejico.,2,0,0
"no soporto las luces brillantes, sin problemas de oido ademas soy hiperactivo.",2,1,2
me cuesta mucho caminar,1,1,0
"me molesta mucho la luz. escucho los ruidos demasiado fuertes, me muevo compulsivamente.",2,2,2
"mi agudeza visual es promedio, tengo hipersensibilidad auditiva aunque voy en baston.",1,2,0
"super vision, mi oido es normal y sin problemas de movilidad.",2,1,1
tengo hipersensibilidad a la luz,2,1,1
mi vista es normal,1,1,1
llevo lentillas y veo bien y oido demasiado fino pero tengo exceso de movimiento.,1,2,2
"veo todo muy borroso, por otro lado oigo bien, por otro lado camino perfectamente.",0,1,1
veo destellos constantemente. camino perfectamente.,2,1,1
"veo bien, por otro lado camino bien.",1,1,1
no tengo problemas oculares - sin problemas de oido. tengo inquietud motora extrema.,1,1,2
"veo muy mal, tengo sordera profundao seapuedo caminar y correr.",0,0,1
camino perfectamente,1,1,1
"veo destellos constantemente. escucho perfectamente, por otro lado mi movilidad es normal.",2,1,1
"veo perfectamente, me molestan mucho los ruidos, camino muy lento.",1,2,0
veo bien. oigo lo normal y tengo hipermovilidad.,1,1,2
"sin problemas de vista, por otro lado escucho perfectamente ademas no puedo caminar.",1,1,0
hiper vision aunque tengo inquietud motora extrema.,2,1,2
tengo problemas en la vista ademas los ruidos fuertes me aturdentambientengo movilidad muy reducida.,0,2,0
me cuesta mucho caminar,1,1,0
"veo perfectamente. no oigo nada, soy muy lento caminando.",1,0,0
me molesta mucho la luz aunque demasiado veloz.,2,1,2
"veo perfectamente, me muevo con normalidad.",1,1,1
me duelen los ojos permanentemente. soy muy lento caminando.,0,1,0
"no soporto abrir los ojos del dolor, mi movilidad es normal.",0,1,1
tengo dolor ocular,0,1,1
tengo vision nula ademas soy paraplejico.,0,1,0
no escucho nada,1,0,1
la luz me deslumbra demasiado. no me puedo quedar quieto.,2,1,2
tengo sensibilidad extrema a la luz pero los sonidos agudos me dan dolor de cabezatambiencamino perfectamente.,2,2,1
siento dolor en los ojos. mi movilidad es normal.,0,1,1
tengo hipersensibilidad visual. super oido. camino perfectamente.,2,2,1
"he perdido el ojo izquierdo, tengo audicion nulao seatengo dificultad para andar.",0,0,0
la luz me deslumbra demasiado ademas ando en silla de ruedas.,2,1,0
"he perdido el ojo izquierdo, sin problemas de movilidad.",0,1,1
tengo necesidad constante de moverme,1,1,2
soy ciegoo seasoy sordoo seatengo exceso de movimiento.,0,0,2
"me duele el ojo derecho, por otro lado tengo un oido demasiado sensible y camino muy lento.",0,2,0
tengo muy poca vision,0,1,1
no me puedo quedar quieto,1,1,2
super vision,2,1,1
mi vista es normal - escucho las conversaciones sin problema y ando con muletas.,1,1,0
no escucho en absoluto,1,0,1
tengo vision normal,1,1,1
escucho los ruidos demasiado fuertes,1,2,1
"llevo lentillas y veo bien, escucho las conversaciones sin problema. puedo caminar y correr.",1,1,1
"siento dolor en los ojos, tengo hiperacusia ademas estoy inmovilizado.",0,2,0
"no soporto las luces brillantes, tengo tics motores.",2,1,2
tengo hipersensibilidad visualtambienescucho perfectamente pero tengo hiperactividad.,2,1,2
tengo necesidad constante de moverme,1,1,2
tengo exceso de movimiento,1,1,2
uso lenguaje de señas,1,0,1
me molesta mucho la luztambienno soporto el volumen alto. camino perfectamente.,2,2,1
tengo movilidad muy reducida,1,1,0
los sonidos agudos me dan dolor de cabeza,1,2,1
tengo muy poca audicion,1,0,1
uso gafas para leer y tengo exceso de movimiento.,1,1,2
sin problemas de movilidad,1,1,1
"tengo problemas en la vista, por otro lado tengo hipersensibilidad al ruidoo seatengo problemas al caminar.",0,2,0
mi vista es normal aunque tengo tics motores.,1,1,2
"no soporto las luces brillantestambienuso lenguaje de señas, por otro lado camino perfectamente.",2,0,1
llevo lentillas y veo bien aunque tengo hipersensibilidad al ruido. sin problemas de movilidad.,1,2,1
tengo problemas en la vista ademas camino bien.,0,1,1
"perdi la vista y oido demasiado fino, tengo necesidad constante de moverme.",0,2,2
hiper vision pero oigo muy mal - estoy inmovilizado.,2,0,0
veo destellos constantemente,2,1,1
tengo sensibilidad extrema a la luz,2,1,1
veo todo muy borrosoo seaescucho los ruidos demasiado fuertestambienvoy en baston.,0,2,0
"veo muy mal aunque no oigo nada, mi movilidad es normal.",0,0,1
veo perfectamentetambienuso lenguaje de señas - puedo caminar y correr.,1,0,1
tengo sordera,1,0,1
camino bien,1,1,1
soy ciego ademas tengo un tapono seapuedo andar sin problemas.,0,0,1
tengo sordera profunda,1,0,1
"uso gafas para leer, camino bien.",1,1,1
veo destellos constantemente aunque tengo problemas al caminar.,2,1,0
tengo hipersensibilidad a la luz. tengo hipersensibilidad al ruido y tengo necesidad constante de moverme.,2,2,2
super vision pero tengo hipermovilidad.,2,1,2
tengo muy poca vision aunque tengo tics motores.,0,1,2
uso gafas para leer aunque soy paralitico.,1,1,0
tengo movilidad muy reducida,1,1,0
tengo hipersensibilidad a la luz y puedo andar sin problemas.,2,1,1
tengo hipersensibilidad visual aunque tengo hipermovilidad.,2,1,2
los brillos me hacen daño en los ojoso seaoigo muy mal - estoy inmovilizado.,2,0,0
mi vista es normal. no oigo nada - no me puedo quedar quieto.,1,0,2
no veo casi nada,0,1,1
mi vista es normal - tengo un oido demasiado sensible ademas mi movilidad es normal.,1,2,1
perdi los ojoso seami oido es normal ademas tengo hipermovilidad.,0,1,2
veo destellos constantementeo seaescucho todo muy apagadotambienme muevo compulsivamente.,2,0,2
no puedo caminar,1,1,0
"llevo lentillas y veo bien pero escucho perfectamente, no me puedo mover.",1,1,0
no tengo problemas oculares ademas tengo audicion nulatambientengo problemas al caminar.,1,0,0
tengo sordera profunda,1,0,1
mi agudeza visual es promedio. tengo hipersensibilidad al ruidoo seacamino muy lento.,1,2,0
mi vista es normalo seapuedo andar sin problemas.,1,1,1
"tengo hipersensibilidad visual, no escucho nada - voy en baston.",2,0,0
"mi vista es normal, por otro lado camino perfectamente.",1,1,1
los brillos me hacen daño en los ojostambientengo sordera y no puedo mover las piernas.,2,0,0
veo destellos constantemente,2,1,1
tengo sensibilidad extrema a la luz aunque los sonidos agudos me dan dolor de cabeza pero me muevo compulsivamente.,2,2,2
"tengo dolor ocular aunque escucho las conversaciones sin problema, no puedo caminar.",0,1,0
tengo hipersensibilidad a la luztambientengo exceso de movimiento.,2,1,2
mi agudeza visual es promedio - tengo audicion normal pero ando en silla de ruedas.,1,1,0
tengo sensibilidad extrema a la luz. los ruidos fuertes me aturden aunque tengo hipermovilidad.,2,2,2
me duele el ojo derecho aunque escucho las conversaciones sin problema - me muevo con normalidad.,0,1,1
no veo casi nada aunque puedo caminar y correr.,0,1,1
la luz me deslumbra demasiado y tengo hipersensibilidad auditiva - soy muy lento caminando.,2,2,0
sin problemas de vistao seaoigo muy mal ademas tengo hipermovilidad.,1,0,2
"sin problemas de vista, no soporto el volumen alto aunque tengo hiperactividad.",1,2,2
llevo lentillas y veo bien y oigo lo normal - tengo inquietud motora extrema.,1,1,2
"mi vista es normaltambientengo un tapon, tengo inquietud motora extrema.",1,0,2
tengo sensibilidad extrema a la luz aunque escucho perfectamenteo seame cuesta mucho caminar.,2,1,0
me muevo con normalidad,1,1,1
uso gafas para leer,1,1,1
he perdido el ojo izquierdo y tengo sordera aunque tengo tics motores.,0,0,2
"me duelen los ojos permanentemente, por otro lado escucho todo muy apagado aunque no me puedo quedar quieto.",0,0,2
mi vista es normal ademas tengo inquietud motora extrema.,1,1,2
perdi los ojos y puedo caminar y correr.,0,1,1
uso gafas para leer aunque estoy inmovilizado.,1,1,0
escucho las conversaciones sin problema,1,1,1
super vision,2,1,1
mis ojos estan inflamados y duelen ademas sin problemas de oido ademas tengo movilidad muy reducida.,0,1,0
"no tengo problemas oculares, tengo dificultad para andar.",1,1,0
no oigo nada,1,0,1
"veo perfectamente, por otro lado tengo sordera profunda, por otro lado no puedo estar sentado mucho tiempo.",1,0,2
tengo un oido demasiado sensible,1,2,1
mi vista es normal. sin problemas de oidoo seacamino perfectamente.,1,1,1
puedo andar sin problemas,1,1,1
he perdido el ojo izquierdo,0,1,1
"no soporto abrir los ojos del dolortambientengo un tapon, por otro lado puedo andar sin problemas.",0,0,1
"tengo hipersensibilidad visual, por otro lado voy en baston.",2,1,0
veo lo necesario y tengo muy poca audiciono seapuedo caminar y correr.,1,0,1
no tengo problemas oculares,1,1,1
"llevo lentillas y veo bien, por otro lado escucho todo muy apagado ademas tengo problemas al caminar.",1,0,0
"tengo problemas en la vista, tengo un oido demasiado sensible aunque no me puedo mover.",0,2,0
tengo necesidad constante de moverme,1,1,2
tengo muy poca visiontambienno me puedo quedar quieto.,0,1,2
tengo sensibilidad extrema a la luz ademas escucho perfectamente. soy hiperactivo.,2,1,2
mi vista es normal,1,1,1
tengo audicion normal,1,1,1
tengo muy poca vision,0,1,1
sin problemas de movilidad,1,1,1
tengo dolor constante en los ojos ademas demasiado veloz.,0,1,2
tengo exceso de movimiento,1,1,2
super vision - tengo inquietud motora extrema.,2,1,2
soy ciego,0,1,1
llevo lentillas y veo bien,1,1,1
veo destellos constantemente,2,1,1
"me duelen los ojos permanentemente, por otro lado no me puedo quedar quieto.",0,1,2
tengo ceguera total,0,1,1
mi agudeza visual es promedio y los sonidos agudos me dan dolor de cabeza - estoy inmovilizado.,1,2,0
veo perfectamente aunque tengo hiperacusia - tengo necesidad constante de moverme.,1,2,2
sin problemas de vista pero sin problemas de oidotambienpuedo andar sin problemas.,1,1,1
tengo sensibilidad extrema a la luztambientengo un tapon pero tengo problemas al caminar.,2,0,0
puedo andar sin problemas,1,1,1
tengo hiperacusia,1,2,1
he perdido el ojo izquierdo pero escucho los ruidos demasiado fuertes y no puedo mover las piernas.,0,2,0
me duelen los ojos aunque mi oido es normal - me muevo con normalidad.,0,1,1
veo muy mal y uso lenguaje de señaso seacamino bien.,0,0,1
mi agudeza visual es promediotambientengo muy poca audicion pero tengo problemas al caminar.,1,0,0
"me duele el ojo derecho, tengo audicion nula. sin problemas de movilidad.",0,0,1
tengo vision normal ademas mi oido es normal ademas tengo tics motores.,1,1,2
me duele el ojo izquierdo - soy paraplejico.,0,1,0
tengo sensibilidad extrema a la luz,2,1,1
escucho los ruidos demasiado fuertes,1,2,1
"no veo en absoluto, tengo hipermovilidad.",0,1,2
veo destellos constantemente y soy paraplejico.,2,1,0
hiper vision - los sonidos agudos me dan dolor de cabeza ademas tengo tics motores.,2,2,2
uso gafas para leer ademas tengo sordera ademas puedo andar sin problemas.,1,0,1
tengo vision normal. mi oido es normal pero tengo movilidad muy reducida.,1,1,0
mi agudeza visual es promedio,1,1,1
mi agudeza visual es promedio pero me muevo con normalidad.,1,1,1
estoy inmovilizado,1,1,0
los brillos me hacen daño en los ojos y oido demasiado fino - no puedo mover las piernas.,2,2,0
la luz me deslumbra demasiado pero tengo un tapono seatengo exceso de movimiento.,2,0,2
la luz me deslumbra demasiado. tengo un tapon ademas me cuesta mucho caminar.,2,0,0
tengo audicion normal,1,1,1
veo lo necesario y escucho las conversaciones sin problema ademas mi movilidad es normal.,1,1,1
soy ciego y soy muy lento caminando.,0,1,0
veo destellos constantemente. super oidotambiensoy paralitico.,2,2,0
"tengo ceguera total, por otro lado tengo un oido demasiado sensible aunque tengo movilidad muy reducida.",0,2,0
"tengo fotofobia, sin problemas de oido pero ando con muletas.",2,1,0
"me molesta mucho la luz, por otro lado no me puedo quedar quieto.",2,1,2
llevo lentillas y veo bien y uso lenguaje de señaso seaando en silla de ruedas.,1,0,0
tengo hipersensibilidad visual,2,1,1
veo perfectamentetambientengo hipermovilidad.,1,1,2
no soporto las luces brillantes y tengo sordera pero tengo hipermovilidad.,2,0,2
hiper vision ademas uso lenguaje de señas. tengo movilidad muy reducida.,2,0,0
llevo lentillas y veo bien. mi oido es normal - tengo hipermovilidad.,1,1,2
super vision pero me cuesta mucho caminar.,2,1,0
"tengo hipersensibilidad a la luz, por otro lado me muevo compulsivamente.",2,1,2
tengo fotofobia ademas tengo problemas al caminar.,2,1,0
me duelen los ojos al mirar aunque ando con muletas.,0,1,0
veo destellos constantementeo seacamino bien.,2,1,1
perdi la vista. los ruidos fuertes me aturdeno seame muevo con normalidad.,0,2,1
llevo lentillas y veo bien y no me puedo mover.,1,1,0
tengo problemas al caminar,1,1,0
no veo casi nadatambienme muevo con normalidad.,0,1,1
me molesta mucho la luz ademas mi oido es normalo seame cuesta mucho caminar.,2,1,0
tengo hipersensibilidad a la luz ademas tengo muy poca audicion pero me muevo compulsivamente.,2,0,2
tengo inquietud motora extrema,1,1,2
tengo dificultad para andar,1,1,0
"uso gafas para leer - oigo muy mal, por otro lado sin problemas de movilidad.",1,0,1
ceguera absolutao seacamino bien.,0,1,1
soy sordo,1,0,1
tengo ceguera total pero tengo sordera - no me puedo quedar quieto.,0,0,2
hiper vision - mi oido es normal pero tengo exceso de movimiento.,2,1,2
"ceguera absoluta pero sin problemas de oido, voy en baston.",0,1,0
soy sordo,1,0,1
mi oido es normal,1,1,1
tengo ceguera totalo seatengo un tapon. no me puedo quedar quieto.,0,0,2
tengo audicion nula,1,0,1
me duelen los ojos - los ruidos fuertes me aturden ademas me muevo compulsivamente.,0,2,2
"estoy ciego y los ruidos fuertes me aturden, camino muy lento.",0,2,0
hiper vision y me muevo con normalidad.,2,1,1
tengo dolor ocular. ando con muletas.,0,1,0
tengo hipersensibilidad a la luz - no puedo estar sentado mucho tiempo.,2,1,2
mi agudeza visual es promedio aunque no oigo nada ademas no me puedo mover.,1,0,0
siento dolor en los ojostambienpuedo andar sin problemas.,0,1,1
tengo hipersensibilidad a la luz aunque oigo bien ademas tengo hipermovilidad.,2,1,2
"uso gafas para leer y oido demasiado fino, por otro lado tengo movilidad muy reducida.",1,2,0
puedo andar sin problemas,1,1,1
"no soporto abrir los ojos del dolor pero tengo audicion nula, no puedo mover las piernas.",0,0,0
mi agudeza visual es promedio,1,1,1
tengo problemas al caminar,1,1,0
tengo dolor constante en los ojos - oigo muy mal y mi movilidad es normal.,0,0,1
no tengo problemas oculares,1,1,1
me molesta mucho la luz y me muevo con normalidad.,2,1,1
me muevo con normalidad,1,1,1
veo lo necesarioo seasin problemas de oidotambienmi movilidad es normal.,1,1,1
camino perfectamente,1,1,1
mi agudeza visual es promedioo seaescucho todo muy apagadoo seacamino perfectamente.,1,0,1
tengo vision normaltambiensin problemas de oidoo seami movilidad es normal.,1,1,1
me muevo con normalidad,1,1,1
he perdido el ojo derecho y puedo andar sin problemas.,0,1,1
tengo sensibilidad extrema a la luz - no soporto el volumen alto - ando en silla de ruedas.,2,2,0
la luz me deslumbra demasiadotambienmi movilidad es normal.,2,1,1
no me puedo mover,1,1,0
llevo lentillas y veo bieno seatengo hiperacusia. puedo andar sin problemas.,1,2,1
veo bientambientengo hipermovilidad.,1,1,2
"tengo sensibilidad extrema a la luz, tengo sordera aunque puedo caminar y correr.",2,0,1
no oigo nada,1,0,1
super vision ademas sin problemas de oido ademas soy muy lento caminando.,2,1,0
sin problemas de movilidad,1,1,1
tengo vision nula - tengo hiperacusia y estoy inmovilizado.,0,2,0
llevo lentillas y veo bien,1,1,1
"veo perfectamente, por otro lado puedo caminar y correr.",1,1,1
mi vista es normal aunque escucho todo muy apagado aunque camino bien.,1,0,1
tengo fotofobia - escucho todo muy apagado y estoy inmovilizado.,2,0,0
"me duelen los ojos al mirar, me muevo con normalidad.",0,1,1
me molesta mucho la luz - puedo caminar y correr.,2,1,1
no soporto las luces brillantestambiensin problemas de oidotambienno me puedo quedar quieto.,2,1,2
tengo ceguera total - sin problemas de movilidad.,0,1,1
"he perdido el ojo derecho, no escucho en absoluto, demasiado veloz.",0,0,2
"no tengo problemas oculares. no escucho nada, por otro lado me muevo con normalidad.",1,0,1
la luz me deslumbra demasiadoo seacamino perfectamente.,2,1,1
"uso gafas para leer, tengo hipersensibilidad al ruido ademas no puedo estar sentado mucho tiempo.",1,2,2
llevo lentillas y veo bien,1,1,1
tengo hipersensibilidad a la luz pero tengo hipermovilidad.,2,1,2
super vision,2,1,1
tengo fotofobia,2,1,1
me duelen los ojostambiensoy sordo - me cuesta mucho caminar.,0,0,0
"tengo hipersensibilidad visual, tengo un tapon. soy hiperactivo.",2,0,2
veo bien pero tengo audicion normaltambienmi movilidad es normal.,1,1,1
puedo andar sin problemas,1,1,1
ceguera absoluta y camino perfectamente.,0,1,1
no veo en absolutotambienescucho las conversaciones sin problema. tengo inquietud motora extrema.,0,1,2
ceguera absoluta,0,1,1
tengo hipersensibilidad visual. tengo dificultad para andar.,2,1,0
me duelen los ojoso seatengo audicion normal aunque tengo hipermovilidad.,0,1,2
estoy ciegotambienme muevo compulsivamente.,0,1,2
tengo fotofobia. puedo caminar y correr.,2,1,1
camino muy lento,1,1,0
veo perfectamente pero tengo necesidad constante de moverme.,1,1,2
perdi los ojos ademas tengo muy poca audiciono seademasiado veloz.,0,0,2
estoy inmovilizado,1,1,0
"he perdido el ojo izquierdo, por otro lado me cuesta mucho caminar.",0,1,0
"tengo ceguera total, por otro lado escucho perfectamenteo seano puedo mover las piernas.",0,1,0
me molesta mucho la luz aunque tengo un oido demasiado sensible ademas tengo tics motores.,2,2,2
"tengo ceguera total, por otro lado puedo andar sin problemas.",0,1,1
"veo lo necesario, tengo un tapon, mi movilidad es normal.",1,0,1
"tengo hipersensibilidad a la luz y los sonidos agudos me dan dolor de cabeza, voy en baston.",2,2,0
"veo todo muy borroso, oigo bien ademas tengo dificultad para andar.",0,1,0
perdi la vista aunque no me puedo quedar quieto.,0,1,2
soy ciego aunque oigo bien. tengo inquietud motora extrema.,0,1,2
tengo fotofobiatambienescucho todo muy apagado y no puedo estar sentado mucho tiempo.,2,0,2
sin problemas de vistatambienoido demasiado fino aunque ando con muletas.,1,2,0
tengo problemas al caminar,1,1,0
no soporto las luces brillantes y no oigo nadao seapuedo andar sin problemas.,2,0,1
tengo audicion normal,1,1,1
tengo muy poca audicion,1,0,1
me duele el ojo derechotambientengo hiperactividad.,0,1,2
"me duele el ojo izquierdo, super oido - demasiado veloz.",0,2,2
he perdido el ojo derecho aunque oigo lo normaltambienestoy inmovilizado.,0,1,0
tengo sordera profunda,1,0,1
perdi la vista. soy sordotambienno puedo mover las piernas.,0,0,0
siento dolor en los ojos pero escucho todo muy apagadotambiencamino bien.,0,0,1
tengo hiperactividad,1,1,2
soy paralitico,1,1,0
veo lo necesario,1,1,1
"veo perfectamente, por otro lado camino muy lento.",1,1,0
perdi la vista. escucho todo muy apagado aunque ando con muletas.,0,0,0
"hiper vision. tengo hipersensibilidad auditiva, tengo tics motores.",2,2,2
tengo vision normal y escucho perfectamente. camino perfectamente.,1,1,1
me molesta mucho la luz,2,1,1
camino muy lento,1,1,0
"uso gafas para leer - soy sordo, por otro lado tengo tics motores.",1,0,2
oido muy fino,1,2,1
he perdido el ojo izquierdo y oigo lo normal. no puedo estar sentado mucho tiempo.,0,1,2
veo destellos constantemente. tengo hipermovilidad.,2,1,2
tengo audicion normal,1,1,1
perdi los ojos pero escucho los ruidos demasiado fuertes - tengo hiperactividad.,0,2,2
oigo lo normal,1,1,1
"veo perfectamente, mi oido es normal ademas demasiado veloz.",1,1,2
me molesta mucho la luz ademas escucho las conversaciones sin problema pero me muevo compulsivamente.,2,1,2
veo bien - tengo hiperactividad.,1,1,2
tengo sensibilidad extrema a la luztambienuso lenguaje de señastambientengo problemas al caminar.,2,0,0
estoy ciego,0,1,1
los sonidos agudos me dan dolor de cabeza,1,2,1
me cuesta mucho caminar,1,1,0
puedo caminar y correr,1,1,1
me duele el ojo derecho - camino perfectamente.,0,1,1
tengo fotofobia,2,1,1
escucho todo muy apagado,1,0,1
"tengo hipersensibilidad a la luz, por otro lado tengo muy poca audicion pero puedo caminar y correr.",2,0,1
"tengo hipersensibilidad visualtambientengo sordera, por otro lado tengo tics motores.",2,0,2
me duele el ojo derechotambienlos sonidos agudos me dan dolor de cabeza pero no me puedo mover.,0,2,0
veo lo necesario - ando en silla de ruedas.,1,1,0
mi agudeza visual es promedio. camino muy lento.,1,1,0
perdi los ojos y tengo inquietud motora extrema.,0,1,2
"me duele el ojo derecho, camino bien.",0,1,1
veo bien ademas oido demasiado fino pero me muevo compulsivamente.,1,2,2
super vision - oido muy fino aunque sin problemas de movilidad.,2,2,1
tengo vision normal,1,1,1
llevo lentillas y veo bientambienme molestan mucho los ruidos ademas camino muy lento.,1,2,0
tengo vision nula ademas no puedo caminar.,0,1,0
me duele el ojo izquierdo,0,1,1
"llevo lentillas y veo bien y escucho todo muy apagado, tengo necesidad constante de moverme.",1,0,2
me duele el ojo izquierdo ademas oigo lo normal pero tengo hipermovilidad.,0,1,2
veo lo necesario - tengo hipersensibilidad al ruido y tengo tics motores.,1,2,2
hiper vision,2,1,1
ceguera absolutao seatengo un oido demasiado sensible aunque puedo caminar y correr.,0,2,1
veo destellos constantemente pero los ruidos fuertes me aturdentambienvoy en baston.,2,2,0
tengo sensibilidad extrema a la luz ademas puedo andar sin problemas.,2,1,1
me duelen los ojos permanentemente aunque tengo un oido demasiado sensible aunque tengo necesidad constante de moverme.,0,2,2
tengo problemas en la vista. tengo hipersensibilidad auditiva y tengo inquietud motora extrema.,0,2,2
tengo vision normal ademas no puedo mover las piernas.,1,1,0
soy muy lento caminando,1,1,0
llevo lentillas y veo bieno seaescucho las conversaciones sin problema. camino perfectamente.,1,1,1
escucho todo muy apagado,1,0,1
veo destellos constantementeo seaoido muy fino - no puedo mover las piernas.,2,2,0
"tengo ceguera total, no soporto el volumen alto pero camino perfectamente.",0,2,1
me duelen los ojos permanentemente. soy sordo ademas camino muy lento.,0,0,0
camino perfectamente,1,1,1
no veo casi nada,0,1,1
veo lo necesario pero tengo hiperacusiao seapuedo caminar y correr.,1,2,1
me duele el ojo derecho pero puedo caminar y correr.,0,1,1
tengo vision normal - tengo hipersensibilidad al ruido ademas soy hiperactivo.,1,2,2
veo todo muy borroso,0,1,1
"la luz me deslumbra demasiado pero sin problemas de oido, no puedo caminar.",2,1,0
tengo sensibilidad extrema a la luz ademas me muevo compulsivamente.,2,1,2
tengo sensibilidad extrema a la luz - puedo caminar y correr.,2,1,1
tengo hiperactividad,1,1,2
he perdido el ojo izquierdo - me molestan mucho los ruidos y mi movilidad es normal.,0,2,1
camino perfectamente,1,1,1
los brillos me hacen daño en los ojos y oigo bien ademas puedo andar sin problemas.,2,1,1
"tengo muy poca vision. no soporto el volumen alto, me muevo con normalidad.",0,2,1
"tengo hipersensibilidad visual - mi oido es normal, por otro lado ando con muletas.",2,1,0
me molesta mucho la luz aunque no escucho en absoluto - camino bien.,2,0,1
me molesta mucho la luz ademas oigo bien. me muevo con normalidad.,2,1,1
tengo inquietud motora extrema,1,1,2
uso gafas para leero seano me puedo quedar quieto.,1,1,2
"no soporto las luces brillantes, por otro lado ando en silla de ruedas.",2,1,0
me duelen los ojos. tengo hiperacusia aunque camino perfectamente.,0,2,1
tengo audicion nula,1,0,1
tengo movilidad muy reducida,1,1,0
"no tengo problemas oculareso seaescucho perfectamente, ando en silla de ruedas.",1,1,0
veo destellos constantementetambienno escucho nada. tengo hipermovilidad.,2,0,2
ceguera absoluta - estoy inmovilizado.,0,1,0
uso lenguaje de señas,1,0,1
"uso gafas para leer, camino bien.",1,1,1
tengo hipersensibilidad a la luz aunque no soporto el volumen altoo seapuedo andar sin problemas.,2,2,1
escucho los ruidos demasiado fuertes,1,2,1
siento dolor en los ojoso seaestoy inmovilizado.,0,1,0
ceguera absoluta y tengo muy poca audicion y camino bien.,0,0,1
veo bien y los sonidos agudos me dan dolor de cabeza y tengo hipermovilidad.,1,2,2
tengo dolor constante en los ojos y escucho perfectamente. sin problemas de movilidad.,0,1,1
hiper visiono seatengo audicion normal aunque ando con muletas.,2,1,0
uso gafas para leer,1,1,1
"tengo sensibilidad extrema a la luz, por otro lado oido demasiado fino - tengo necesidad constante de moverme.",2,2,2
uso baston para ciegos,0,1,1
"hiper vision - tengo un tapon, por otro lado mi movilidad es normal.",2,0,1
tengo hipersensibilidad auditiva,1,2,1
puedo andar sin problemas,1,1,1
tengo hipersensibilidad visual. sin problemas de movilidad.,2,1,1
"tengo vision normaltambienlos ruidos fuertes me aturden, por otro lado mi movilidad es normal.",1,2,1
no soporto el volumen alto,1,2,1
super visiono seasin problemas de oido ademas soy paralitico.,2,1,0
veo bien y no oigo nada aunque mi movilidad es normal.,1,0,1
tengo hipersensibilidad visual pero mi oido es normal pero tengo exceso de movimiento.,2,1,2
tengo ceguera total,0,1,1
los sonidos agudos me dan dolor de cabeza,1,2,1
la luz me deslumbra demasiado y soy muy lento caminando.,2,1,0
"tengo vision normal, oigo bien. tengo movilidad muy reducida.",1,1,0
camino perfectamente,1,1,1
tengo ceguera total pero tengo hipersensibilidad al ruidotambientengo necesidad constante de moverme.,0,2,2
no me puedo mover,1,1,0
mi agudeza visual es promedio y tengo audicion normal ademas tengo movilidad muy reducida.,1,1,0
"tengo hipersensibilidad visual, por otro lado no escucho nada aunque tengo tics motores.",2,0,2
me duelen los ojos ademas escucho perfectamente pero puedo andar sin problemas.,0,1,1
me duele el ojo izquierdo. sin problemas de oido - soy paraplejico.,0,1,0
la luz me deslumbra demasiado y escucho las conversaciones sin problema. mi movilidad es normal.,2,1,1
"super vision, me molestan mucho los ruidos - soy paraplejico.",2,2,0
veo todo muy borroso - me molestan mucho los ruidostambienno me puedo quedar quieto.,0,2,2
"sin problemas de vista y tengo audicion normal, no me puedo mover.",1,1,0
me duelen los ojos permanentementetambienoido muy finotambienno puedo caminar.,0,2,0
me duele el ojo derecho ademas escucho todo muy apagado. no puedo caminar.,0,0,0
no me puedo quedar quieto,1,1,2
"sin problemas de vista, por otro lado tengo hiperacusia, tengo exceso de movimiento.",1,2,2
"uso baston para ciegos, por otro lado soy paralitico.",0,1,0
tengo ceguera total ademas camino perfectamente.,0,1,1
"tengo vision normal, tengo hipersensibilidad auditivatambienme muevo con normalidad.",1,2,1
tengo hiperacusia,1,2,1
tengo dolor ocular,0,1,1
oigo muy mal,1,0,1
ando en silla de ruedas,1,1,0
mi movilidad es normal,1,1,1
uso gafas para leer. los sonidos agudos me dan dolor de cabeza y puedo caminar y correr.,1,2,1
me cuesta mucho caminar,1,1,0
"mi agudeza visual es promedio, super oido pero soy paralitico.",1,2,0
"veo lo necesario, sin problemas de movilidad.",1,1,1
la luz me deslumbra demasiado y me cuesta mucho caminar.,2,1,0
oigo muy mal,1,0,1
me duelen los ojos y tengo exceso de movimiento.,0,1,2
"no soporto las luces brillantes, por otro lado escucho los ruidos demasiado fuertes, ando en silla de ruedas.",2,2,0
tengo fotofobia pero tengo audicion normal. puedo andar sin problemas.,2,1,1
"veo perfectamente, no puedo estar sentado mucho tiempo.",1,1,2
oido muy fino,1,2,1
tengo necesidad constante de moverme,1,1,2
mi vista es normal. escucho todo muy apagadoo seacamino perfectamente.,1,0,1
veo bientambienescucho las conversaciones sin problema ademas tengo hipermovilidad.,1,1,2
demasiado veloz,1,1,2
"veo lo necesario, escucho las conversaciones sin problema aunque camino perfectamente.",1,1,1
veo destellos constantemente - estoy inmovilizado.,2,1,0
uso gafas para leer y escucho las conversaciones sin problema pero soy paraplejico.,1,1,0
tengo ceguera totalo seame muevo compulsivamente.,0,1,2
estoy inmovilizado,1,1,0
"veo destellos constantemente, camino perfectamente.",2,1,1
sin problemas de vistatambienoido muy fino pero me cuesta mucho caminar.,1,2,0
no soporto las luces brillantes - me cuesta mucho caminar.,2,1,0
"no veo en absoluto, por otro lado oido muy fino, por otro lado tengo inquietud motora extrema.",0,2,2
tengo hipersensibilidad visualtambienno oigo nada - soy muy lento caminando.,2,0,0
siento dolor en los ojos,0,1,1
no veo casi nadao seavoy en baston.,0,1,0
veo perfectamente - me muevo con normalidad.,1,1,1
escucho las conversaciones sin problema,1,1,1
mi vista es normaltambientengo hipersensibilidad auditiva pero no me puedo quedar quieto.,1,2,2
mi vista es normal aunque sin problemas de oido aunque tengo dificultad para andar.,1,1,0
tengo hipermovilidad,1,1,2
"uso gafas para leer pero tengo un tapon, por otro lado tengo hipermovilidad.",1,0,2
sin problemas de vistatambienoigo bien ademas sin problemas de movilidad.,1,1,1
sin problemas de vista y escucho los ruidos demasiado fuertes - tengo necesidad constante de moverme.,1,2,2
tengo dolor ocular,0,1,1
"no tengo problemas ocularestambienescucho todo muy apagado, por otro lado voy en baston.",1,0,0
"super vision, tengo hipersensibilidad al ruido aunque tengo necesidad constante de moverme.",2,2,2
"los brillos me hacen daño en los ojos, por otro lado mi oido es normal - mi movilidad es normal.",2,1,1
tengo dolor constante en los ojos,0,1,1
veo perfectamente,1,1,1
tengo hipersensibilidad al ruido,1,2,1
"uso gafas para leer, por otro lado oigo muy mal, por otro lado tengo exceso de movimiento.",1,0,2
"he perdido el ojo derecho. no escucho nada, por otro lado demasiado veloz.",0,0,2
"mi vista es normal, por otro lado me cuesta mucho caminar.",1,1,0
no soporto las luces brillantes aunque no puedo estar sentado mucho tiempo.,2,1,2
no soporto las luces brillanteso seatengo hipersensibilidad al ruido pero soy paralitico.,2,2,0
"hiper vision aunque oigo muy mal, por otro lado camino bien.",2,0,1
no veo casi nada. mi oido es normal aunque camino bien.,0,1,1
no soporto abrir los ojos del dolor pero no puedo mover las piernas.,0,1,0
me duelen los ojos permanentemente,0,1,1
"tengo hipersensibilidad a la luz, no escucho en absoluto ademas puedo andar sin problemas.",2,0,1
"tengo problemas en la vista, sin problemas de movilidad.",0,1,1
he perdido el ojo izquierdo pero tengo dificultad para andar.,0,1,0
"no tengo problemas oculares, por otro lado camino bien.",1,1,1
me duelen los ojoso seaoigo bien - me muevo compulsivamente.,0,1,2
oigo lo normal,1,1,1
tengo fotofobia ademas tengo audicion nula - puedo caminar y correr.,2,0,1
tengo muy poca vision. tengo un tapontambientengo exceso de movimiento.,0,0,2
"veo perfectamente, por otro lado sin problemas de oido, no puedo estar sentado mucho tiempo.",1,1,2
no me puedo quedar quieto,1,1,2
uso gafas para leer aunque oigo bieno seacamino muy lento.,1,1,0
soy ciegotambienme muevo con normalidad.,0,1,1
"tengo dolor ocular, por otro lado tengo audicion nulatambienando en silla de ruedas.",0,0,0
uso baston para ciegos. escucho perfectamente ademas tengo necesidad constante de moverme.,0,1,2
tengo muy poca vision - puedo andar sin problemas.,0,1,1
sin problemas de vistatambientengo audicion normal. puedo andar sin problemas.,1,1,1
"me duele el ojo derecho, ando con muletas.",0,1,0
"la luz me deslumbra demasiado pero los sonidos agudos me dan dolor de cabeza, puedo caminar y correr.",2,2,1
camino perfectamente,1,1,1
tengo sensibilidad extrema a la luz ademas ando con muletas.,2,1,0
veo lo necesario,1,1,1
super visiontambienescucho perfectamente y tengo inquietud motora extrema.,2,1,2
"uso gafas para leer, por otro lado tengo audicion nula, tengo movilidad muy reducida.",1,0,0
soy hiperactivo,1,1,2
me duele el ojo derechotambiensin problemas de oido aunque estoy inmovilizado.,0,1,0
tengo sordera profunda,1,0,1
uso lenguaje de señas,1,0,1
"no veo en absoluto, tengo audicion normaltambienno me puedo quedar quieto.",0,1,2
veo bien,1,1,1
mis ojos estan inflamados y duelen aunque tengo audicion normal. camino perfectamente.,0,1,1
tengo hipersensibilidad a la luz,2,1,1
"tengo dolor constante en los ojos ademas sin problemas de oido, puedo caminar y correr.",0,1,1
tengo sensibilidad extrema a la luz y escucho las conversaciones sin problematambienme muevo compulsivamente.,2,1,2
tengo fotofobia y tengo hipersensibilidad al ruido aunque puedo caminar y correr.,2,2,1
"hiper vision, sin problemas de oidotambiensoy paralitico.",2,1,0
no veo en absoluto y no soporto el volumen altoo seaando con muletas.,0,2,0
"tengo hipersensibilidad visual y tengo hiperacusia, no puedo mover las piernas.",2,2,0
sin problemas de oido,1,1,1
mi vista es normal. tengo hipersensibilidad al ruido y camino bien.,1,2,1
"he perdido el ojo derecho, por otro lado no oigo nada y puedo caminar y correr.",0,0,1
"no veo casi nada ademas mi oido es normal, por otro lado sin problemas de movilidad.",0,1,1
tengo hipersensibilidad al ruido,1,2,1
"hiper vision, voy en baston.",2,1,0
"estoy ciegoo seaescucho perfectamente, puedo andar sin problemas.",0,1,1
puedo andar sin problemas,1,1,1
veo muy mal pero uso lenguaje de señastambiensoy hiperactivo.,0,0,2
tengo vision nula ademas mi oido es normalo seano me puedo quedar quieto.,0,1,2
he perdido el ojo izquierdo aunque oigo muy mal - tengo dificultad para andar.,0,0,0
mi agudeza visual es promedio,1,1,1
tengo dolor constante en los ojos ademas no soporto el volumen alto ademas camino perfectamente.,0,2,1
oido demasiado fino,1,2,1
me duelen los ojos,0,1,1
perdi los ojos ademas escucho los ruidos demasiado fuertes aunque me cuesta mucho caminar.,0,2,0
veo perfectamente ademas los ruidos fuertes me aturden y sin problemas de movilidad.,1,2,1
tengo hipersensibilidad auditiva,1,2,1
"hiper vision, sin problemas de movilidad.",2,1,1
tengo vision nula. oigo bieno seacamino perfectamente.,0,1,1
soy paralitico,1,1,0
la luz me deslumbra demasiadoo seami oido es normal ademas tengo inquietud motora extrema.,2,1,2
tengo necesidad constante de moverme,1,1,2
"me duele el ojo izquierdo, mi movilidad es normal.",0,1,1
mi agudeza visual es promedio - camino bien.,1,1,1
"la luz me deslumbra demasiadotambientengo un tapon, por otro lado ando con muletas.",2,0,0
tengo un tapon,1,0,1
veo todo muy borroso - me muevo compulsivamente.,0,1,2
no soporto el volumen alto,1,2,1
soy hiperactivo,1,1,2
no veo en absoluto,0,1,1
"veo bien, voy en baston.",1,1,0
"mi vista es normal, por otro lado tengo exceso de movimiento.",1,1,2
oigo bien,1,1,1
sin problemas de vista pero soy hiperactivo.,1,1,2
"ceguera absoluta, por otro lado oido demasiado finoo seapuedo caminar y correr.",0,2,1
sin problemas de movilidad,1,1,1
"los brillos me hacen daño en los ojos. escucho perfectamente, tengo problemas al caminar.",2,1,0
llevo lentillas y veo bien aunque oido demasiado fino ademas tengo movilidad muy reducida.,1,2,0
escucho los ruidos demasiado fuertes,1,2,1
me duelen los ojos al mirar pero tengo hipersensibilidad al ruido - puedo andar sin problemas.,0,2,1
"llevo lentillas y veo bien - escucho las conversaciones sin problema, me muevo con normalidad.",1,1,1
mi oido es normal,1,1,1
"veo perfectamente, por otro lado mi oido es normalo seatengo hiperactividad.",1,1,2
no tengo problemas oculares - escucho los ruidos demasiado fuertes pero no puedo caminar.,1,2,0
"veo bien - oido muy fino, por otro lado camino perfectamente.",1,2,1
no tengo problemas ocularestambienescucho todo muy apagadoo seatengo inquietud motora extrema.,1,0,2
no veo casi nadao seatengo audicion nula. no me puedo quedar quieto.,0,0,2
super visiono seaoido muy fino y tengo movilidad muy reducida.,2,2,0
sin problemas de vista,1,1,1
tengo vision normal ademas escucho todo muy apagadotambienno puedo mover las piernas.,1,0,0
tengo audicion nula,1,0,1
tengo un tapon,1,0,1
"los brillos me hacen daño en los ojoso seatengo audicion nula, por otro lado mi movilidad es normal.",2,0,1
tengo movilidad muy reducida,1,1,0
me molesta mucho la luz ademas me muevo con normalidad.,2,1,1
veo perfectamente aunque sin problemas de oido pero mi movilidad es normal.,1,1,1
la luz me deslumbra demasiado - puedo andar sin problemas.,2,1,1
"sin problemas de vista, por otro lado no puedo estar sentado mucho tiempo.",1,1,2
"tengo dolor constante en los ojos, super oidotambienno me puedo mover.",0,2,0
llevo lentillas y veo bien y no escucho en absolutoo seasoy muy lento caminando.,1,0,0
veo destellos constantemente,2,1,1
me molesta mucho la luz pero tengo inquietud motora extrema.,2,1,2
llevo lentillas y veo bien. mi movilidad es normal.,1,1,1
me duelen los ojos y tengo hiperacusia ademas tengo exceso de movimiento.,0,2,2
la luz me deslumbra demasiado y oigo lo normal - camino perfectamente.,2,1,1
demasiado veloz,1,1,2
uso gafas para leer aunque escucho las conversaciones sin problema pero soy paraplejico.,1,1,0
uso baston para ciegos,0,1,1
"los brillos me hacen daño en los ojos aunque tengo sordera profunda, no puedo mover las piernas.",2,0,0
"no soporto las luces brillantes, tengo un oido demasiado sensible pero mi movilidad es normal.",2,2,1
he perdido el ojo derecho aunque tengo muy poca audicion - demasiado veloz.,0,0,2
estoy ciego - sin problemas de oido pero tengo hipermovilidad.,0,1,2
puedo caminar y correr,1,1,1
he perdido el ojo izquierdo - mi movilidad es normal.,0,1,1
estoy ciego. sin problemas de movilidad.,0,1,1
tengo muy poca visiontambienno puedo mover las piernas.,0,1,0
estoy ciego ademas tengo audicion nula ademas voy en baston.,0,0,0
mi agudeza visual es promedio - voy en baston.,1,1,0
me molesta mucho la luzo seaescucho las conversaciones sin problemao seami movilidad es normal.,2,1,1
mi agudeza visual es promedio,1,1,1
tengo dolor ocular pero tengo hiperacusiao seapuedo andar sin problemas.,0,2,1
tengo hipersensibilidad visual,2,1,1
estoy inmovilizado,1,1,0
no tengo problemas ocularestambienando con muletas.,1,1,0
tengo movilidad muy reducida,1,1,0
uso gafas para leer ademas puedo andar sin problemas.,1,1,1
"he perdido el ojo izquierdo, por otro lado tengo hipersensibilidad al ruido y me cuesta mucho caminar.",0,2,0
"he perdido el ojo izquierdo aunque tengo hiperacusia, no puedo mover las piernas.",0,2,0
me muevo con normalidad,1,1,1
"sin problemas de vista, mi movilidad es normal.",1,1,1
tengo ceguera total,0,1,1
los sonidos agudos me dan dolor de cabeza,1,2,1
tengo hipersensibilidad visualo seasin problemas de movilidad.,2,1,1
tengo muy poca audicion,1,0,1
tengo muy poca vision ademas tengo exceso de movimiento.,0,1,2
me molesta mucho la luz. los sonidos agudos me dan dolor de cabeza. tengo problemas al caminar.,2,2,0
"tengo hipersensibilidad a la luz, por otro lado los ruidos fuertes me aturden. me muevo con normalidad.",2,2,1
"tengo fotofobia, por otro lado soy muy lento caminando.",2,1,0
"me duele el ojo derecho. oigo muy mal, demasiado veloz.",0,0,2
tengo dolor constante en los ojos ademas soy sordo ademas sin problemas de movilidad.,0,0,1
"no soporto abrir los ojos del dolor, por otro lado puedo caminar y correr.",0,1,1
"no tengo problemas oculares, camino muy lento.",1,1,0
estoy ciego,0,1,1
"veo muy mal, por otro lado tengo sordera profundao seame cuesta mucho caminar.",0,0,0
"tengo vision nula, tengo audicion normal y mi movilidad es normal.",0,1,1
me molesta mucho la luzo seami movilidad es normal.,2,1,1
oigo lo normal,1,1,1
tengo movilidad muy reducida,1,1,0
tengo sensibilidad extrema a la luz ademas no soporto el volumen altotambienme muevo compulsivamente.,2,2,2
los brillos me hacen daño en los ojos pero tengo hiperactividad.,2,1,2
camino muy lento,1,1,0
hiper vision ademas oigo lo normal. me muevo compulsivamente.,2,1,2
perdi los ojos,0,1,1
uso gafas para leer,1,1,1
mi agudeza visual es promedio. los ruidos fuertes me aturden ademas tengo hiperactividad.,1,2,2
"me duelen los ojostambienescucho perfectamente, me muevo compulsivamente.",0,1,2
"he perdido el ojo izquierdo, por otro lado tengo hipersensibilidad al ruido. camino bien.",0,2,1
oigo bien,1,1,1
mi vista es normal,1,1,1
oigo muy mal,1,0,1
super vision,2,1,1
tengo hipersensibilidad visual pero tengo necesidad constante de moverme.,2,1,2
veo perfectamente,1,1,1
hiper vision ademas super oidoo seasin problemas de movilidad.,2,2,1
tengo un tapon,1,0,1
me duelen los ojos al mirar ademas tengo exceso de movimiento.,0,1,2
me molestan mucho los ruidos,1,2,1
me muevo compulsivamente,1,1,2
los brillos me hacen daño en los ojos pero tengo hiperacusia y camino muy lento.,2,2,0
tengo fotofobia ademas tengo inquietud motora extrema.,2,1,2
tengo vision normal pero estoy inmovilizado.,1,1,0
"mi vista es normal y no escucho nada, por otro lado ando en silla de ruedas.",1,0,0
"no tengo problemas oculares, por otro lado super oido. soy hiperactivo.",1,2,2
tengo sensibilidad extrema a la luzo seaescucho las conversaciones sin problemao seami movilidad es normal.,2,1,1
hiper visiono seauso lenguaje de señas y tengo hiperactividad.,2,0,2
veo bieno seatengo sordera aunque soy paralitico.,1,0,0
"llevo lentillas y veo bien. tengo un tapon, soy muy lento caminando.",1,0,0
hiper vision - escucho los ruidos demasiado fuertes ademas no puedo mover las piernas.,2,2,0
no me puedo mover,1,1,0
hiper vision,2,1,1
tengo muy poca vision - sin problemas de movilidad.,0,1,1
mi agudeza visual es promedio aunque tengo hipersensibilidad al ruidotambienando en silla de ruedas.,1,2,0
me duele el ojo derechotambientengo un oido demasiado sensibletambiencamino perfectamente.,0,2,1
voy en baston,1,1,0
super vision. sin problemas de movilidad.,2,1,1
no soporto las luces brillantes ademas sin problemas de oido ademas soy paraplejico.,2,1,0
"soy ciego, tengo inquietud motora extrema.",0,1,2
"tengo hipersensibilidad visual, por otro lado tengo sordera, por otro lado puedo caminar y correr.",2,0,1
oigo lo normal,1,1,1
tengo necesidad constante de moverme,1,1,2
sin problemas de movilidad,1,1,1
no veo casi nada pero tengo hiperactividad.,0,1,2
camino perfectamente,1,1,1
me duelen los ojos,0,1,1
no puedo mover las piernas,1,1,0
tengo hipersensibilidad al ruido,1,2,1
tengo muy poca vision,0,1,1
"super vision, por otro lado escucho perfectamente pero tengo hiperactividad.",2,1,2
no soporto las luces brillantes - no puedo mover las piernas.,2,1,0
no veo en absoluto pero escucho perfectamentetambientengo dificultad para andar.,0,1,0
"veo lo necesario, los sonidos agudos me dan dolor de cabeza. voy en baston.",1,2,0
"uso baston para ciegostambiensoy sordo, ando con muletas.",0,0,0
ceguera absoluta y puedo andar sin problemas.,0,1,1
"no tengo problemas oculares, por otro lado tengo hiperactividad.",1,1,2
llevo lentillas y veo bientambienmi oido es normaltambiensoy paralitico.,1,1,0
"mi vista es normal, tengo tics motores.",1,1,2
tengo hiperacusia,1,2,1
tengo problemas en la vista aunque super oido. puedo andar sin problemas.,0,2,1
camino perfectamente,1,1,1
veo lo necesario ademas tengo sorderao seasoy hiperactivo.,1,0,2
camino perfectamente,1,1,1
veo perfectamente - oido demasiado fino aunque camino bien.,1,2,1
"sin problemas de vista, sin problemas de oido y tengo hiperactividad.",1,1,2
"uso gafas para leer pero no escucho en absoluto, tengo hipermovilidad.",1,0,2
me duelen los ojos al mirar ademas escucho las conversaciones sin problema y no puedo mover las piernas.,0,1,0
"tengo sensibilidad extrema a la luz ademas no soporto el volumen alto, tengo tics motores.",2,2,2
super vision aunque no puedo mover las piernas.,2,1,0
"no soporto las luces brillantes, por otro lado tengo audicion nula aunque puedo andar sin problemas.",2,0,1
camino bien,1,1,1
me muevo compulsivamente,1,1,2
oigo lo normal,1,1,1
perdi la vista,0,1,1
veo muy mal - escucho los ruidos demasiado fuertes aunque no me puedo quedar quieto.,0,2,2
no puedo estar sentado mucho tiempo,1,1,2
veo muy malo seapuedo andar sin problemas.,0,1,1
escucho los ruidos demasiado fuertes,1,2,1
veo muy mal y tengo dificultad para andar.,0,1,0
mis ojos estan inflamados y duelentambiensoy paraplejico.,0,1,0
la luz me deslumbra demasiadotambiencamino muy lento.,2,1,0
mi agudeza visual es promedio aunque no me puedo mover.,1,1,0
oido muy fino,1,2,1
tengo sensibilidad extrema a la luz ademas oido demasiado finoo seavoy en baston.,2,2,0
tengo fotofobia ademas oigo lo normal. soy paraplejico.,2,1,0
me muevo con normalidad,1,1,1
"veo lo necesario, tengo dificultad para andar.",1,1,0
"uso gafas para leer aunque escucho perfectamente, por otro lado mi movilidad es normal.",1,1,1
escucho todo muy apagado,1,0,1
"me duelen los ojos ademas tengo un tapon, por otro lado soy hiperactivo.",0,0,2
tengo fotofobiao seaoigo bientambienme muevo con normalidad.,2,1,1
soy ciego,0,1,1
llevo lentillas y veo bientambienoido muy finoo seacamino muy lento.,1,2,0
no soporto las luces brillantes pero escucho los ruidos demasiado fuertes. no puedo estar sentado mucho tiempo.,2,2,2
oigo muy mal,1,0,1
no me puedo quedar quieto,1,1,2
tengo fotofobia,2,1,1
tengo hipersensibilidad auditiva,1,2,1
veo perfectamentetambienme molestan mucho los ruidos aunque me muevo compulsivamente.,1,2,2
"tengo vision normalo seatengo hiperacusia, estoy inmovilizado.",1,2,0
no escucho en absoluto,1,0,1
tengo hipersensibilidad visualo seaescucho las conversaciones sin problema - sin problemas de movilidad.,2,1,1
mi agudeza visual es promedio y sin problemas de oido pero estoy inmovilizado.,1,1,0
tengo fotofobia aunque oigo bien pero ando en silla de ruedas.,2,1,0
"llevo lentillas y veo bien, puedo caminar y correr.",1,1,1
"la luz me deslumbra demasiado aunque escucho las conversaciones sin problema, no puedo estar sentado mucho tiempo.",2,1,2
uso gafas para leer pero oido demasiado finoo seatengo inquietud motora extrema.,1,2,2
he perdido el ojo izquierdo pero escucho todo muy apagado - tengo exceso de movimiento.,0,0,2
"he perdido el ojo izquierdo, por otro lado tengo un tapon pero demasiado veloz.",0,0,2
tengo hipersensibilidad a la luztambienoigo lo normal. tengo problemas al caminar.,2,1,0
"mi vista es normal pero tengo muy poca audicion, no puedo estar sentado mucho tiempo.",1,0,2
"me duelen los ojos, oigo lo normal, me muevo con normalidad.",0,1,1
estoy inmovilizado,1,1,0
"no veo casi nada - escucho los ruidos demasiado fuertes, ando con muletas.",0,2,0
me molestan mucho los ruidos,1,2,1
la luz me deslumbra demasiado,2,1,1
veo bien y camino bien.,1,1,1
me duelen los ojos permanentementeo seasuper oidoo seaando en silla de ruedas.,0,2,0
llevo lentillas y veo bien - oigo lo normal ademas tengo necesidad constante de moverme.,1,1,2
veo destellos constantementetambienestoy inmovilizado.,2,1,0
voy en baston,1,1,0
camino perfectamente,1,1,1
"veo todo muy borroso, escucho los ruidos demasiado fuertes. no me puedo mover.",0,2,0
no puedo caminar,1,1,0
uso gafas para leer aunque sin problemas de movilidad.,1,1,1
camino perfectamente,1,1,1
"veo muy mal, soy paralitico.",0,1,0
no soporto las luces brillanteso seasin problemas de oido ademas soy hiperactivo.,2,1,2
"no soporto abrir los ojos del dolor y no escucho nada, tengo hiperactividad.",0,0,2
llevo lentillas y veo bien. oigo lo normal y soy paraplejico.,1,1,0
mi movilidad es normal,1,1,1
no soporto las luces brillantes,2,1,1
tengo audicion normal,1,1,1
tengo vision normalo seaescucho todo muy apagado y no puedo estar sentado mucho tiempo.,1,0,2
veo destellos constantementeo seacamino muy lento.,2,1,0
estoy inmovilizado,1,1,0
hiper vision - tengo sordera y no puedo mover las piernas.,2,0,0
no puedo estar sentado mucho tiempo,1,1,2
tengo sensibilidad extrema a la luz ademas los sonidos agudos me dan dolor de cabezao seame muevo con normalidad.,2,2,1
no soporto abrir los ojos del doloro sealos ruidos fuertes me aturden ademas no me puedo quedar quieto.,0,2,2
tengo sensibilidad extrema a la luz y camino bien.,2,1,1
"hiper vision, no escucho nadao seatengo necesidad constante de moverme.",2,0,2
"mi agudeza visual es promedio, por otro lado no oigo nada aunque puedo caminar y correr.",1,0,1
veo destellos constantementeo sealos sonidos agudos me dan dolor de cabeza pero no puedo mover las piernas.,2,2,0
no tengo problemas ocularestambiensuper oido. camino perfectamente.,1,2,1
"tengo vision normal y uso lenguaje de señas, tengo tics motores.",1,0,2
"hiper visiono seasoy sordo, sin problemas de movilidad.",2,0,1
veo perfectamenteo seano me puedo quedar quieto.,1,1,2
no puedo mover las piernas,1,1,0
me duelen los ojos. soy sordotambienno puedo estar sentado mucho tiempo.,0,0,2
ando en silla de ruedas,1,1,0
veo destellos constantemente - no puedo mover las piernas.,2,1,0
sin problemas de oido,1,1,1
tengo hipersensibilidad a la luzo seano soporto el volumen alto y sin problemas de movilidad.,2,2,1
tengo vision normal ademas tengo dificultad para andar.,1,1,0
no veo casi nada,0,1,1
me duelen los ojos. tengo hipersensibilidad auditiva. tengo hiperactividad.,0,2,2
"uso gafas para leer, por otro lado tengo sorderatambienme muevo con normalidad.",1,0,1
"tengo fotofobia, no oigo nada, por otro lado camino bien.",2,0,1
"veo muy mal, los ruidos fuertes me aturdeno seapuedo caminar y correr.",0,2,1
tengo vision normal - tengo hiperactividad.,1,1,2
veo perfectamente,1,1,1
tengo ceguera totaltambienno escucho en absoluto ademas voy en baston.,0,0,0
tengo hipersensibilidad a la luz y escucho las conversaciones sin problema. puedo caminar y correr.,2,1,1
sin problemas de vista y escucho las conversaciones sin problematambientengo necesidad constante de moverme.,1,1,2
veo bien aunque escucho perfectamente ademas puedo caminar y correr.,1,1,1
"no soporto las luces brillantes, por otro lado tengo un oido demasiado sensible aunque mi movilidad es normal.",2,2,1
veo bien - tengo hiperacusia. me cuesta mucho caminar.,1,2,0
tengo sensibilidad extrema a la luz. escucho los ruidos demasiado fuertes ademas puedo caminar y correr.,2,2,1
tengo hipersensibilidad a la luztambienme molestan mucho los ruidos y tengo exceso de movimiento.,2,2,2
no escucho en absoluto,1,0,1
"mi agudeza visual es promedio pero los ruidos fuertes me aturden, camino bien.",1,2,1
llevo lentillas y veo bien aunque soy paraplejico.,1,1,0
oido demasiado fino,1,2,1
soy ciego pero oido muy fino ademas mi movilidad es normal.,0,2,1
camino bien,1,1,1
la luz me deslumbra demasiado y mi movilidad es normal.,2,1,1
veo perfectamente pero mi movilidad es normal.,1,1,1
"veo bien, oigo muy mal ademas tengo necesidad constante de moverme.",1,0,2
llevo lentillas y veo bien - no me puedo quedar quieto.,1,1,2
veo bien ademas tengo inquietud motora extrema.,1,1,2
tengo sensibilidad extrema a la luz ademas tengo tics motores.,2,1,2
escucho todo muy apagado,1,0,1
no escucho nada,1,0,1
mi vista es normalo seapuedo andar sin problemas.,1,1,1
perdi los ojos y me cuesta mucho caminar.,0,1,0
mis ojos estan inflamados y duelen aunque oigo lo normaltambientengo dificultad para andar.,0,1,0
"sin problemas de vista ademas mi oido es normal, por otro lado soy muy lento caminando.",1,1,0
"los brillos me hacen daño en los ojos, por otro lado super oido. ando en silla de ruedas.",2,2,0
he perdido el ojo izquierdo. escucho las conversaciones sin problema aunque soy muy lento caminando.,0,1,0
puedo caminar y correr,1,1,1
mi agudeza visual es promedio ademas escucho las conversaciones sin problema. camino perfectamente.,1,1,1
"veo perfectamente, tengo hipersensibilidad auditiva ademas estoy inmovilizado.",1,2,0
soy sordo,1,0,1
"mi vista es normal, por otro lado tengo un oido demasiado sensibletambiensoy hiperactivo.",1,2,2
siento dolor en los ojoso seatengo hiperactividad.,0,1,2
mi vista es normal ademas no soporto el volumen alto aunque camino perfectamente.,1,2,1
"he perdido el ojo izquierdo y mi oido es normal, por otro lado tengo hiperactividad.",0,1,2
tengo hipersensibilidad a la luz,2,1,1
"veo destellos constantemente aunque escucho todo muy apagado, por otro lado no puedo estar sentado mucho tiempo.",2,0,2
sin problemas de oido,1,1,1
oido muy fino,1,2,1
escucho perfectamente,1,1,1
"perdi los ojos, por otro lado ando con muletas.",0,1,0
veo todo muy borroso,0,1,1
me molesta mucho la luz ademas oigo bieno seacamino bien.,2,1,1
no veo nada y tengo sordera pero tengo inquietud motora extrema.,0,0,2
"super vision, por otro lado tengo hiperactividad.",2,1,2
puedo caminar y correr,1,1,1
veo destellos constantemente. super oido. mi movilidad es normal.,2,2,1
tengo vision nula y tengo sordera y mi movilidad es normal.,0,0,1
camino bien,1,1,1
tengo hipersensibilidad a la luz - soy muy lento caminando.,2,1,0
me molesta mucho la luztambienno puedo caminar.,2,1,0
tengo fotofobiatambiensuper oido - puedo caminar y correr.,2,2,1
tengo hipersensibilidad a la luz,2,1,1
me muevo con normalidad,1,1,1
no veo en absoluto,0,1,1
los brillos me hacen daño en los ojos - me muevo compulsivamente.,2,1,2
soy paralitico,1,1,0
"veo perfectamente, por otro lado tengo un tapon, por otro lado ando con muletas.",1,0,0
no tengo problemas oculareso seatengo hiperacusia. sin problemas de movilidad.,1,2,1
he perdido el ojo derecho y no puedo mover las piernas.,0,1,0
camino perfectamente,1,1,1
veo lo necesario,1,1,1
mi oido es normal,1,1,1
la luz me deslumbra demasiado pero tengo exceso de movimiento.,2,1,2
mi movilidad es normal,1,1,1
hiper vision y soy paraplejico.,2,1,0
tengo ceguera total ademas tengo movilidad muy reducida.,0,1,0
uso gafas para leer - no puedo caminar.,1,1,0
tengo sensibilidad extrema a la luz pero me muevo compulsivamente.,2,1,2
tengo ceguera total aunque tengo un oido demasiado sensible. tengo necesidad constante de moverme.,0,2,2
"uso gafas para leer, soy paraplejico.",1,1,0
tengo dolor ocularo seaescucho las conversaciones sin problema pero camino muy lento.,0,1,0
"tengo vision normaltambientengo un oido demasiado sensible, por otro lado tengo tics motores.",1,2,2
tengo vision normal y soy hiperactivo.,1,1,2
estoy ciego aunque oigo muy mal. no puedo estar sentado mucho tiempo.,0,0,2
tengo sensibilidad extrema a la luz,2,1,1
he perdido el ojo izquierdo pero tengo sordera pero tengo movilidad muy reducida.,0,0,0
ceguera absoluta pero oido demasiado fino y camino muy lento.,0,2,0
no veo en absolutotambienpuedo caminar y correr.,0,1,1
veo perfectamente - tengo hiperacusia ademas mi movilidad es normal.,1,2,1
no soporto el volumen alto,1,2,1
veo lo necesario. escucho los ruidos demasiado fuertes - tengo tics motores.,1,2,2
mi agudeza visual es promedio y voy en baston.,1,1,0
"tengo dolor constante en los ojos, oigo bien, por otro lado ando en silla de ruedas.",0,1,0
"soy ciego, por otro lado soy paralitico.",0,1,0
tengo fotofobia,2,1,1
tengo hipersensibilidad visual y oigo lo normal. puedo caminar y correr.,2,1,1
"perdi los ojos, por otro lado soy paraplejico.",0,1,0
tengo hipermovilidad,1,1,2
no soporto el volumen alto,1,2,1
no veo nada aunque camino bien.,0,1,1
mi agudeza visual es promedio pero escucho las conversaciones sin problema y tengo necesidad constante de moverme.,1,1,2
tengo sensibilidad extrema a la luz aunque escucho perfectamente pero tengo hiperactividad.,2,1,2
tengo hipersensibilidad visual,2,1,1
"mi agudeza visual es promedio, tengo hipersensibilidad al ruido aunque camino perfectamente.",1,2,1
tengo vision normal pero no puedo caminar.,1,1,0
"uso baston para ciegos pero tengo muy poca audicion, por otro lado tengo necesidad constante de moverme.",0,0,2
tengo hipersensibilidad visual y tengo un oido demasiado sensible pero tengo hipermovilidad.,2,2,2
me molesta mucho la luzo seatengo dificultad para andar.,2,1,0
soy ciego,0,1,1
no me puedo quedar quieto,1,1,2
hiper vision ademas me muevo con normalidad.,2,1,1
tengo hipersensibilidad al ruido,1,2,1
hiper vision. sin problemas de oido aunque sin problemas de movilidad.,2,1,1
tengo hipersensibilidad a la luzo seacamino muy lento.,2,1,0
me molesta mucho la luzo seami oido es normal aunque camino bien.,2,1,1
"no tengo problemas oculares, super oidoo seame muevo con normalidad.",1,2,1
ceguera absolutao seatengo necesidad constante de moverme.,0,1,2
me duele el ojo derecho,0,1,1
camino bien,1,1,1
veo lo necesario y me muevo con normalidad.,1,1,1
los brillos me hacen daño en los ojos y super oido pero voy en baston.,2,2,0
sin problemas de vistao seatengo un oido demasiado sensible ademas tengo tics motores.,1,2,2
me molesta mucho la luz pero puedo andar sin problemas.,2,1,1
no tengo problemas oculares - puedo caminar y correr.,1,1,1
me molesta mucho la luz ademas tengo audicion normal y me muevo compulsivamente.,2,1,2
mi agudeza visual es promedio ademas los ruidos fuertes me aturden. no me puedo quedar quieto.,1,2,2
"siento dolor en los ojos aunque no soporto el volumen alto, por otro lado demasiado veloz.",0,2,2
soy paralitico,1,1,0
no tengo problemas oculares ademas tengo hipersensibilidad al ruido. tengo problemas al caminar.,1,2,0
soy paraplejico,1,1,0
veo bien - no me puedo quedar quieto.,1,1,2
tengo vision nula,0,1,1
veo perfectamente,1,1,1
me molesta mucho la luz aunque los sonidos agudos me dan dolor de cabezatambientengo inquietud motora extrema.,2,2,2
veo bieno seatengo hipersensibilidad auditiva pero demasiado veloz.,1,2,2
"siento dolor en los ojos, por otro lado no oigo nada aunque ando en silla de ruedas.",0,0,0
perdi la vista. soy sordo pero ando en silla de ruedas.,0,0,0
tengo vision normal ademas no puedo estar sentado mucho tiempo.,1,1,2
tengo fotofobia aunque me molestan mucho los ruidos ademas tengo inquietud motora extrema.,2,2,2
"veo lo necesario, por otro lado sin problemas de movilidad.",1,1,1
tengo vision normal y mi movilidad es normal.,1,1,1
hiper visiontambienescucho las conversaciones sin problemao seano me puedo mover.,2,1,0
"soy ciego, mi oido es normal - tengo inquietud motora extrema.",0,1,2
"ceguera absoluta, por otro lado escucho las conversaciones sin problema ademas puedo caminar y correr.",0,1,1
sin problemas de oido,1,1,1
tengo problemas en la vista - tengo un tapon - ando con muletas.,0,0,0
mi agudeza visual es promedio aunque tengo inquietud motora extrema.,1,1,2
veo perfectamente. escucho perfectamente aunque me muevo compulsivamente.,1,1,2
"tengo hipersensibilidad visual, super oidotambiensin problemas de movilidad.",2,2,1
no escucho nada,1,0,1
oigo bien,1,1,1
tengo audicion normal,1,1,1
"no soporto abrir los ojos del dolor pero tengo muy poca audicion, tengo tics motores.",0,0,2
tengo fotofobia - voy en baston.,2,1,0
tengo fotofobia y oido muy fino - sin problemas de movilidad.,2,2,1
"veo bien, por otro lado super oido aunque demasiado veloz.",1,2,2
sin problemas de vista,1,1,1
mi vista es normal,1,1,1
"tengo dolor ocular, por otro lado no escucho en absoluto y me muevo con normalidad.",0,0,1
soy muy lento caminando,1,1,0
sin problemas de oido,1,1,1
veo perfectamente. me muevo compulsivamente.,1,1,2
super vision pero mi oido es normal - tengo hipermovilidad.,2,1,2
tengo sensibilidad extrema a la luzo seasoy sordo pero voy en baston.,2,0,0
no escucho en absoluto,1,0,1
me duelen los ojos al mirartambiensin problemas de oido y tengo hipermovilidad.,0,1,2
"veo perfectamentetambiensin problemas de oido, demasiado veloz.",1,1,2
tengo hipersensibilidad auditiva,1,2,1
no soporto las luces brillantes ademas me muevo con normalidad.,2,1,1
veo perfectamente ademas estoy inmovilizado.,1,1,0
me duelen los ojos permanentementeo seasuper oido y mi movilidad es normal.,0,2,1
tengo hipersensibilidad visual - escucho perfectamente aunque sin problemas de movilidad.,2,1,1
sin problemas de movilidad,1,1,1
estoy ciego,0,1,1
tengo exceso de movimiento,1,1,2
ceguera absolutatambientengo exceso de movimiento.,0,1,2
"me duelen los ojos, escucho perfectamente - soy paraplejico.",0,1,0
super oido,1,2,1
no tengo problemas oculareso seami oido es normal ademas me muevo compulsivamente.,1,1,2
veo todo muy borrosoo seame muevo con normalidad.,0,1,1
los brillos me hacen daño en los ojos,2,1,1
voy en baston,1,1,0
mi oido es normal,1,1,1
tengo ceguera total. camino perfectamente.,0,1,1
tengo vision normal. escucho las conversaciones sin problema aunque ando en silla de ruedas.,1,1,0
tengo muy poca vision,0,1,1
he perdido el ojo derecho aunque tengo tics motores.,0,1,2
soy hiperactivo,1,1,2
tengo sordera profunda,1,0,1
me muevo compulsivamente,1,1,2
uso baston para ciegos,0,1,1
"mis ojos estan inflamados y duelen, por otro lado oigo muy mal ademas ando en silla de ruedas.",0,0,0
no soporto abrir los ojos del dolor,0,1,1
tengo fotofobia y puedo caminar y correr.,2,1,1
perdi la vista,0,1,1
"veo destellos constantemente - oido demasiado fino, no puedo mover las piernas.",2,2,0
"me duelen los ojos al mirar, tengo hiperacusia ademas puedo caminar y correr.",0,2,1
tengo sensibilidad extrema a la luz ademas tengo sordera. me muevo compulsivamente.,2,0,2
"tengo sensibilidad extrema a la luz aunque tengo audicion normal, por otro lado puedo andar sin problemas.",2,1,1
ando en silla de ruedas,1,1,0
uso baston para ciegoso seatengo hipersensibilidad al ruido aunque demasiado veloz.,0,2,2
puedo caminar y correr,1,1,1
escucho perfectamente,1,1,1
"veo bien aunque oido muy fino, por otro lado me cuesta mucho caminar.",1,2,0
mis ojos estan inflamados y duelentambienoigo lo normal pero ando en silla de ruedas.,0,1,0
no soporto las luces brillantes,2,1,1
"veo destellos constantemente, por otro lado camino bien.",2,1,1
he perdido el ojo derecho. ando en silla de ruedas.,0,1,0
"mi vista es normal, sin problemas de movilidad.",1,1,1
"me duelen los ojos, escucho perfectamente - soy hiperactivo.",0,1,2
"me molesta mucho la luz, por otro lado oigo bien - tengo hiperactividad.",2,1,2
"no veo nada aunque tengo un oido demasiado sensible, no me puedo quedar quieto.",0,2,2
super vision ademas soy paraplejico.,2,1,0
me molesta mucho la luztambienoido demasiado fino aunque tengo movilidad muy reducida.,2,2,0
"veo destellos constantemente, por otro lado no oigo nada pero sin problemas de movilidad.",2,0,1
escucho las conversaciones sin problema,1,1,1
no tengo problemas oculares y oigo lo normalo seame muevo con normalidad.,1,1,1
tengo un tapon,1,0,1
tengo sordera profunda,1,0,1
"tengo vision nula, por otro lado los sonidos agudos me dan dolor de cabeza, por otro lado estoy inmovilizado.",0,2,0
tengo vision nula - oigo lo normaltambienando en silla de ruedas.,0,1,0
los brillos me hacen daño en los ojos - uso lenguaje de señas ademas no me puedo quedar quieto.,2,0,2
siento dolor en los ojostambienoigo bien - camino muy lento.,0,1,0
"tengo muy poca vision, no escucho en absolutotambiensoy paralitico.",0,0,0
me duele el ojo izquierdo aunque soy paraplejico.,0,1,0
tengo hipersensibilidad a la luzo seano escucho nada - puedo caminar y correr.,2,0,1
"sin problemas de vista aunque soy sordo, por otro lado demasiado veloz.",1,0,2
tengo hipersensibilidad a la luz aunque puedo caminar y correr.,2,1,1
no oigo nada,1,0,1
tengo vision normal pero escucho perfectamente aunque no me puedo quedar quieto.,1,1,2
los brillos me hacen daño en los ojostambienno me puedo mover.,2,1,0
veo perfectamente,1,1,1
no me puedo mover,1,1,0
mis ojos estan inflamados y duelen ademas tengo movilidad muy reducida.,0,1,0
no veo en absoluto,0,1,1
hiper vision pero uso lenguaje de señastambienme muevo con normalidad.,2,0,1
tengo ceguera total aunque tengo necesidad constante de moverme.,0,1,2
uso lenguaje de señas,1,0,1
me duele el ojo izquierdo pero no puedo mover las piernas.,0,1,0
oigo bien,1,1,1
los brillos me hacen daño en los ojos aunque soy sordo - puedo caminar y correr.,2,0,1
super vision - no oigo nadao seaestoy inmovilizado.,2,0,0
tengo problemas en la vista. tengo hipermovilidad.,0,1,2
hiper vision pero tengo sordera profundatambientengo hipermovilidad.,2,0,2
tengo fotofobia. tengo inquietud motora extrema.,2,1,2
me duelen los ojos al mirar ademas no puedo mover las piernas.,0,1,0
tengo hipersensibilidad visual,2,1,1
puedo andar sin problemas,1,1,1
me duele el ojo izquierdoo seano puedo estar sentado mucho tiempo.,0,1,2
los sonidos agudos me dan dolor de cabeza,1,2,1
oigo bien,1,1,1
"sin problemas de vista y tengo un tapon, soy paraplejico.",1,0,0
"veo todo muy borroso pero tengo sordera profunda, camino perfectamente.",0,0,1
uso gafas para leer. sin problemas de oido aunque soy hiperactivo.,1,1,2
no escucho nada,1,0,1
tengo vision normal y sin problemas de oidoo seame muevo compulsivamente.,1,1,2
"he perdido el ojo izquierdo, por otro lado no escucho en absoluto - me muevo con normalidad.",0,0,1
camino bien,1,1,1
sin problemas de oido,1,1,1
tengo hipersensibilidad auditiva,1,2,1
no escucho en absoluto,1,0,1
veo lo necesariotambiensoy sordo y soy hiperactivo.,1,0,2
no me puedo quedar quieto,1,1,2
no tengo problemas oculares aunque escucho las conversaciones sin problema. soy paraplejico.,1,1,0
tengo sordera,1,0,1
tengo vision normal,1,1,1
mi vista es normal aunque me cuesta mucho caminar.,1,1,0
no soporto las luces brillantes,2,1,1
"veo lo necesario, por otro lado soy muy lento caminando.",1,1,0
estoy inmovilizado,1,1,0
super vision. tengo hipersensibilidad auditiva ademas camino bien.,2,2,1
super vision y tengo sordera profunda. sin problemas de movilidad.,2,0,1
llevo lentillas y veo bien ademas me molestan mucho los ruidoso seasin problemas de movilidad.,1,2,1
camino bien,1,1,1
"veo bien, escucho los ruidos demasiado fuertestambiencamino perfectamente.",1,2,1
no tengo problemas oculares - tengo exceso de movimiento.,1,1,2
mi agudeza visual es promedio ademas no oigo nada pero tengo tics motores.,1,0,2
tengo hipersensibilidad visual ademas tengo sordera profunda - mi movilidad es normal.,2,0,1
uso gafas para leer aunque escucho todo muy apagado aunque voy en baston.,1,0,0
tengo sensibilidad extrema a la luz pero tengo sorderatambiencamino bien.,2,0,1
tengo audicion normal,1,1,1
mi agudeza visual es promedio aunque soy muy lento caminando.,1,1,0
no soporto abrir los ojos del doloro seasoy muy lento caminando.,0,1,0
veo bien,1,1,1
me duele el ojo izquierdotambientengo problemas al caminar.,0,1,0
"me duelen los ojos al mirar, por otro lado no oigo nadatambiencamino bien.",0,0,1
llevo lentillas y veo bien ademas no puedo estar sentado mucho tiempo.,1,1,2
"llevo lentillas y veo bien aunque escucho los ruidos demasiado fuertes, tengo hipermovilidad.",1,2,2
perdi la vista y oigo bien y soy paralitico.,0,1,0
"perdi la vista, por otro lado tengo muy poca audiciontambienmi movilidad es normal.",0,0,1
tengo hipermovilidad,1,1,2
mis ojos estan inflamados y duelentambienno escucho nadatambienando con muletas.,0,0,0
tengo fotofobiao seaoido muy fino - ando en silla de ruedas.,2,2,0
tengo hiperactividad,1,1,2
veo perfectamente,1,1,1
"veo muy mal, por otro lado sin problemas de oido y tengo dificultad para andar.",0,1,0
no soporto las luces brillantes,2,1,1
uso gafas para leer - tengo un tapon ademas no puedo estar sentado mucho tiempo.,1,0,2
tengo fotofobiatambienlos sonidos agudos me dan dolor de cabeza ademas no puedo caminar.,2,2,0
oigo muy mal,1,0,1
perdi los ojos,0,1,1
camino bien,1,1,1
"me duele el ojo izquierdo, por otro lado oigo lo normal ademas puedo caminar y correr.",0,1,1
no veo nadatambientengo audicion nula - me muevo compulsivamente.,0,0,2
tengo hipersensibilidad a la luztambienmi oido es normalo seatengo problemas al caminar.,2,1,0
me duelen los ojos permanentemente,0,1,1
"tengo hipersensibilidad a la luz y oido muy fino, voy en baston.",2,2,0
tengo hipersensibilidad auditiva,1,2,1
mi vista es normal pero no me puedo quedar quieto.,1,1,2
soy hiperactivo,1,1,2
me molesta mucho la luz y tengo sordera aunque tengo tics motores.,2,0,2
tengo fotofobia - mi oido es normal ademas me muevo con normalidad.,2,1,1
ando en silla de ruedas,1,1,0
sin problemas de movilidad,1,1,1
veo lo necesario aunque escucho todo muy apagado. tengo problemas al caminar.,1,0,0
hiper vision,2,1,1
camino perfectamente,1,1,1
"la luz me deslumbra demasiado, los ruidos fuertes me aturden - tengo tics motores.",2,2,2
no tengo problemas oculares pero camino perfectamente.,1,1,1
perdi la vista pero tengo tics motores.,0,1,2
"estoy ciego. oigo bien, por otro lado me cuesta mucho caminar.",0,1,0
los sonidos agudos me dan dolor de cabeza,1,2,1
uso gafas para leer aunque oigo muy mal pero puedo caminar y correr.,1,0,1
estoy ciego. tengo muy poca audicion aunque sin problemas de movilidad.,0,0,1
"no soporto las luces brillantes, tengo un tapono seacamino bien.",2,0,1
veo perfectamente pero escucho todo muy apagado. tengo hipermovilidad.,1,0,2
super vision. no me puedo quedar quieto.,2,1,2
"me duelen los ojos al miraro seano oigo nada, sin problemas de movilidad.",0,0,1
perdi los ojostambientengo un oido demasiado sensible - sin problemas de movilidad.,0,2,1
tengo fotofobiatambientengo hipersensibilidad auditiva - tengo hiperactividad.,2,2,2
"llevo lentillas y veo bien, por otro lado oigo lo normal, por otro lado sin problemas de movilidad.",1,1,1
los brillos me hacen daño en los ojos - demasiado veloz.,2,1,2
no tengo problemas oculares aunque oido muy finotambienno puedo estar sentado mucho tiempo.,1,2,2
puedo caminar y correr,1,1,1
tengo ceguera total aunque escucho las conversaciones sin problemao seatengo necesidad constante de moverme.,0,1,2
"mi vista es normaltambienoigo lo normal, tengo exceso de movimiento.",1,1,2
camino perfectamente,1,1,1
no me puedo quedar quieto,1,1,2
"uso gafas para leer, por otro lado me cuesta mucho caminar.",1,1,0
"me duelen los ojos. oigo lo normal, por otro lado demasiado veloz.",0,1,2
perdi los ojos pero tengo hiperactividad.,0,1,2
tengo fotofobiatambiensin problemas de movilidad.,2,1,1
ceguera absoluta,0,1,1
sin problemas de vista ademas oido muy fino. me muevo con normalidad.,1,2,1
hiper vision ademas tengo tics motores.,2,1,2
oigo bien,1,1,1
"no soporto las luces brillantestambientengo sordera, tengo exceso de movimiento.",2,0,2
veo todo muy borroso,0,1,1
tengo hipersensibilidad al ruido,1,2,1
he perdido el ojo izquierdo y camino perfectamente.,0,1,1
tengo hiperacusia,1,2,1
sin problemas de vistatambientengo hipersensibilidad auditiva. voy en baston.,1,2,0
llevo lentillas y veo bien. tengo un tapon - ando en silla de ruedas.,1,0,0
no tengo problemas ocularestambiensin problemas de oido aunque me muevo compulsivamente.,1,1,2
me molestan mucho los ruidos,1,2,1
no me puedo quedar quieto,1,1,2
tengo hipersensibilidad visual,2,1,1
mi oido es normal,1,1,1
me muevo compulsivamente,1,1,2
mi agudeza visual es promedio aunque oigo lo normal y soy muy lento caminando.,1,1,0
camino perfectamente,1,1,1
"veo destellos constantemente. tengo un oido demasiado sensible, camino perfectamente.",2,2,1
super visiono seaoigo lo normal y estoy inmovilizado.,2,1,0
sin problemas de vistao seacamino perfectamente.,1,1,1
tengo fotofobia pero tengo inquietud motora extrema.,2,1,2
uso gafas para leertambientengo audicion normal y demasiado veloz.,1,1,2
uso gafas para leertambienescucho las conversaciones sin problema aunque mi movilidad es normal.,1,1,1
veo perfectamente,1,1,1
me cuesta mucho caminar,1,1,0
llevo lentillas y veo bien aunque me molestan mucho los ruidos aunque tengo movilidad muy reducida.,1,2,0
tengo hipersensibilidad visual pero camino muy lento.,2,1,0
los sonidos agudos me dan dolor de cabeza,1,2,1
"me duelen los ojos permanentemente, escucho perfectamente aunque tengo exceso de movimiento.",0,1,2
soy ciegoo seaoigo lo normaltambientengo movilidad muy reducida.,0,1,0
tengo un oido demasiado sensible,1,2,1
me duelen los ojos permanentementeo seaescucho los ruidos demasiado fuertes pero camino muy lento.,0,2,0
he perdido el ojo izquierdo y camino perfectamente.,0,1,1
los brillos me hacen daño en los ojos aunque me molestan mucho los ruidos y mi movilidad es normal.,2,2,1
"no soporto abrir los ojos del dolor, tengo sordera ademas tengo hipermovilidad.",0,0,2
"no veo nada ademas tengo un oido demasiado sensible, por otro lado me cuesta mucho caminar.",0,2,0
veo destellos constantemente - tengo movilidad muy reducida.,2,1,0
super vision. soy muy lento caminando.,2,1,0
"veo destellos constantemente, por otro lado puedo caminar y correr.",2,1,1
"uso gafas para leer, por otro lado mi oido es normalo seame muevo compulsivamente.",1,1,2
tengo hipersensibilidad visual - no puedo caminar.,2,1,0
llevo lentillas y veo bien,1,1,1
mi agudeza visual es promedio,1,1,1
no soporto el volumen alto,1,2,1
oido demasiado fino,1,2,1
los ruidos fuertes me aturden,1,2,1
me duelen los ojos y tengo hipersensibilidad al ruidotambienme muevo con normalidad.,0,2,1
veo bien. puedo andar sin problemas.,1,1,1
mis ojos estan inflamados y dueleno seatengo necesidad constante de moverme.,0,1,2
"perdi la vista ademas no oigo nada, camino perfectamente.",0,0,1
llevo lentillas y veo bieno seatengo necesidad constante de moverme.,1,1,2
no soporto abrir los ojos del doloro seami oido es normal ademas soy hiperactivo.,0,1,2
no soporto las luces brillantestambienoigo lo normal pero tengo hipermovilidad.,2,1,2
veo bien y escucho las conversaciones sin problema ademas tengo necesidad constante de moverme.,1,1,2
sin problemas de movilidad,1,1,1
mi vista es normal y voy en baston.,1,1,0
tengo vision normal pero los ruidos fuertes me aturden aunque no puedo mover las piernas.,1,2,0
estoy ciegotambienno puedo caminar.,0,1,0
tengo fotofobiatambienoigo bien y soy hiperactivo.,2,1,2
los brillos me hacen daño en los ojos pero camino muy lento.,2,1,0
uso gafas para leer aunque no escucho nada pero mi movilidad es normal.,1,0,1
llevo lentillas y veo bien - tengo inquietud motora extrema.,1,1,2
tengo muy poca vision - los ruidos fuertes me aturden y camino perfectamente.,0,2,1
oigo muy mal,1,0,1
no veo casi nadao seatengo inquietud motora extrema.,0,1,2
tengo hipersensibilidad a la luz pero escucho las conversaciones sin problema ademas me cuesta mucho caminar.,2,1,0
perdi los ojos,0,1,1
no soporto el volumen alto,1,2,1
tengo sensibilidad extrema a la luz,2,1,1
tengo hipersensibilidad visual,2,1,1
tengo dolor constante en los ojos,0,1,1
voy en baston,1,1,0
ceguera absoluta ademas tengo un oido demasiado sensible - soy paralitico.,0,2,0
"tengo vision normal, tengo hipersensibilidad al ruido y estoy inmovilizado.",1,2,0
los brillos me hacen daño en los ojos ademas me molestan mucho los ruidoso seasoy muy lento caminando.,2,2,0
mi agudeza visual es promedio aunque puedo andar sin problemas.,1,1,1
no soporto abrir los ojos del dolor pero uso lenguaje de señas ademas sin problemas de movilidad.,0,0,1
"uso gafas para leer, por otro lado tengo sordera profunda aunque tengo inquietud motora extrema.",1,0,2
mi movilidad es normal,1,1,1
me duele el ojo izquierdo ademas camino bien.,0,1,1
tengo movilidad muy reducida,1,1,0
camino muy lento,1,1,0
tengo dolor constante en los ojos pero tengo sordera y tengo problemas al caminar.,0,0,0
veo destellos constantemente pero escucho perfectamente aunque soy paraplejico.,2,1,0
tengo vision normaltambienno soporto el volumen alto - voy en baston.,1,2,0
mi agudeza visual es promedioo seano me puedo quedar quieto.,1,1,2
"he perdido el ojo izquierdo aunque no soporto el volumen alto, por otro lado puedo andar sin problemas.",0,2,1
soy muy lento caminando,1,1,0
veo destellos constantemente aunque tengo sordera profunda y mi movilidad es normal.,2,0,1
"mi agudeza visual es promedio, por otro lado los sonidos agudos me dan dolor de cabeza aunque tengo hipermovilidad.",1,2,2
sin problemas de oido,1,1,1
tengo vision normal aunque tengo tics motores.,1,1,2
"hiper vision y oigo lo normal, por otro lado tengo exceso de movimiento.",2,1,2
tengo fotofobia. tengo un tapono seatengo problemas al caminar.,2,0,0
veo bien. sin problemas de oido - camino perfectamente.,1,1,1
mi agudeza visual es promedio. no soporto el volumen alto pero tengo hiperactividad.,1,2,2
tengo vision normal,1,1,1
me duelen los ojos,0,1,1
"tengo hipersensibilidad visual, por otro lado puedo caminar y correr.",2,1,1
los brillos me hacen daño en los ojos,2,1,1
"tengo problemas en la vistatambientengo audicion nula, por otro lado estoy inmovilizado.",0,0,0
uso baston para ciegostambienuso lenguaje de señas aunque mi movilidad es normal.,0,0,1
uso baston para ciegos aunque tengo necesidad constante de moverme.,0,1,2
"tengo sensibilidad extrema a la luz. oigo lo normal, por otro lado tengo necesidad constante de moverme.",2,1,2
siento dolor en los ojos - no soporto el volumen altotambienvoy en baston.,0,2,0
no veo casi nada pero tengo sordera profunda. soy hiperactivo.,0,0,2
super vision. tengo hipermovilidad.,2,1,2
no escucho nada,1,0,1
no tengo problemas oculares ademas escucho las conversaciones sin problema y tengo tics motores.,1,1,2
soy ciego. escucho todo muy apagado y tengo necesidad constante de moverme.,0,0,2
estoy ciego aunque escucho todo muy apagadotambienme muevo con normalidad.,0,0,1
"mis ojos estan inflamados y duelen, por otro lado soy paraplejico.",0,1,0
me molestan mucho los ruidos,1,2,1
tengo sensibilidad extrema a la luz,2,1,1
no soporto las luces brillanteso seaoigo muy mal. puedo caminar y correr.,2,0,1
"super vision, por otro lado oido muy fino y no me puedo mover.",2,2,0
mi agudeza visual es promedio aunque super oidoo seano me puedo quedar quieto.,1,2,2
"tengo sensibilidad extrema a la luz, sin problemas de oido, por otro lado soy muy lento caminando.",2,1,0
sin problemas de movilidad,1,1,1
escucho los ruidos demasiado fuertes,1,2,1
me molestan mucho los ruidos,1,2,1
"tengo problemas en la vista pero oigo lo normal, tengo dificultad para andar.",0,1,0
"me duelen los ojos al mirar, escucho perfectamente y no me puedo mover.",0,1,0
"tengo hipersensibilidad a la luz, por otro lado no me puedo mover.",2,1,0
tengo vision normalo seaoigo lo normal aunque camino perfectamente.,1,1,1
"mi agudeza visual es promedio, por otro lado los ruidos fuertes me aturden y puedo caminar y correr.",1,2,1
ando en silla de ruedas,1,1,0
tengo fotofobia ademas oido demasiado fino - tengo hipermovilidad.,2,2,2
me duele el ojo derecho pero soy sordo y puedo caminar y correr.,0,0,1
"uso gafas para leer, por otro lado oigo lo normaltambientengo hiperactividad.",1,1,2
tengo muy poca vision - escucho los ruidos demasiado fuertes ademas tengo hipermovilidad.,0,2,2
veo destellos constantemente pero me molestan mucho los ruidos - tengo problemas al caminar.,2,2,0
no soporto las luces brillantes,2,1,1
me muevo compulsivamente,1,1,2
tengo dolor ocular - oigo lo normal pero tengo necesidad constante de moverme.,0,1,2
perdi los ojos pero tengo muy poca audiciontambienme muevo compulsivamente.,0,0,2
tengo vision normal. me muevo con normalidad.,1,1,1
no veo en absolutoo seademasiado veloz.,0,1,2
hiper vision. escucho perfectamente y me muevo compulsivamente.,2,1,2
tengo sensibilidad extrema a la luz,2,1,1
no veo casi nada ademas tengo movilidad muy reducida.,0,1,0
veo perfectamentetambientengo hipersensibilidad auditiva - camino bien.,1,2,1
me cuesta mucho caminar,1,1,0
soy ciegotambientengo sordera pero sin problemas de movilidad.,0,0,1
no soporto las luces brillanteso seatengo un tapon ademas tengo problemas al caminar.,2,0,0
me muevo con normalidad,1,1,1
"veo bien, por otro lado tengo audicion normal - tengo hipermovilidad.",1,1,2
veo bien aunque tengo hipersensibilidad al ruido aunque sin problemas de movilidad.,1,2,1
tengo sensibilidad extrema a la luz ademas tengo hipersensibilidad auditiva ademas soy paraplejico.,2,2,0
veo destellos constantementeo seaando con muletas.,2,1,0
tengo hipersensibilidad visual,2,1,1
no veo en absoluto y mi movilidad es normal.,0,1,1
tengo vision normal,1,1,1
la luz me deslumbra demasiado aunque mi movilidad es normal.,2,1,1
uso baston para ciegos ademas soy hiperactivo.,0,1,2
tengo dolor ocular pero soy paralitico.,0,1,0
llevo lentillas y veo bien,1,1,1
los sonidos agudos me dan dolor de cabeza,1,2,1
perdi la vista,0,1,1
escucho perfectamente,1,1,1
siento dolor en los ojos ademas camino muy lento.,0,1,0
"me duele el ojo derecho. los sonidos agudos me dan dolor de cabeza, tengo exceso de movimiento.",0,2,2
veo lo necesario. sin problemas de oido ademas camino perfectamente.,1,1,1
puedo andar sin problemas,1,1,1
veo todo muy borroso ademas soy muy lento caminando.,0,1,0
tengo problemas en la vista y oigo bien - soy paraplejico.,0,1,0
veo lo necesario ademas escucho todo muy apagadotambientengo tics motores.,1,0,2
sin problemas de vista - escucho perfectamenteo seatengo dificultad para andar.,1,1,0
veo bien ademas super oido y puedo caminar y correr.,1,2,1
veo lo necesario,1,1,1
tengo dificultad para andar,1,1,0
escucho perfectamente,1,1,1
la luz me deslumbra demasiadoo seasoy sordo pero estoy inmovilizado.,2,0,0
llevo lentillas y veo bien y tengo inquietud motora extrema.,1,1,2
no veo casi nada y los ruidos fuertes me aturden pero demasiado veloz.,0,2,2
"sin problemas de vista. tengo muy poca audicion, por otro lado me muevo con normalidad.",1,0,1
"he perdido el ojo derecho, tengo audicion normal y tengo inquietud motora extrema.",0,1,2
ceguera absolutatambiencamino muy lento.,0,1,0
me duele el ojo izquierdo pero tengo problemas al caminar.,0,1,0
no veo casi nada y los ruidos fuertes me aturden ademas tengo hipermovilidad.,0,2,2
llevo lentillas y veo bieno seavoy en baston.,1,1,0
no veo nada pero oigo bien aunque tengo inquietud motora extrema.,0,1,2
tengo vision nula - camino muy lento.,0,1,0
no tengo problemas oculares y super oido. camino perfectamente.,1,2,1
"mi vista es normal pero no escucho en absoluto, por otro lado camino perfectamente.",1,0,1
llevo lentillas y veo bien y no soporto el volumen alto y no me puedo quedar quieto.,1,2,2
"uso baston para ciegoso seatengo muy poca audicion, puedo caminar y correr.",0,0,1
veo perfectamente aunque los ruidos fuertes me aturden y voy en baston.,1,2,0
perdi los ojos ademas me cuesta mucho caminar.,0,1,0
"sin problemas de vista y mi oido es normal, tengo movilidad muy reducida.",1,1,0
soy paralitico,1,1,0
"veo lo necesario, por otro lado tengo hipersensibilidad al ruidoo seasoy muy lento caminando.",1,2,0
tengo audicion nula,1,0,1
veo todo muy borroso. tengo tics motores.,0,1,2
"no veo nada ademas tengo hipersensibilidad al ruido, por otro lado no puedo estar sentado mucho tiempo.",0,2,2
perdi los ojos pero puedo andar sin problemas.,0,1,1
veo todo muy borroso ademas uso lenguaje de señas. sin problemas de movilidad.,0,0,1
oigo bien,1,1,1
super oido,1,2,1
tengo hipermovilidad,1,1,2
tengo fotofobiao seademasiado veloz.,2,1,2
"sin problemas de vista, por otro lado oigo bien. no puedo estar sentado mucho tiempo.",1,1,2
"ceguera absolutatambienescucho perfectamente, por otro lado camino muy lento.",0,1,0
super vision ademas mi movilidad es normal.,2,1,1
tengo hipersensibilidad a la luz ademas no me puedo quedar quieto.,2,1,2
no soporto las luces brillantes ademas me muevo compulsivamente.,2,1,2
tengo vision normalo seaescucho las conversaciones sin problema ademas camino bien.,1,1,1
perdi los ojostambientengo hipersensibilidad auditiva. camino bien.,0,2,1
los brillos me hacen daño en los ojos ademas escucho las conversaciones sin problema - soy hiperactivo.,2,1,2
siento dolor en los ojos pero tengo un oido demasiado sensibletambientengo hiperactividad.,0,2,2
tengo vision nula,0,1,1
"hiper vision, por otro lado escucho perfectamente. me muevo con normalidad.",2,1,1
tengo vision nula aunque tengo hiperactividad.,0,1,2
mi vista es normal aunque tengo hipersensibilidad auditiva aunque sin problemas de movilidad.,1,2,1
tengo vision nula pero mi oido es normalo seame muevo con normalidad.,0,1,1
tengo hipermovilidad,1,1,2
tengo vision normal y tengo muy poca audicion y mi movilidad es normal.,1,0,1
"veo muy mal, por otro lado me cuesta mucho caminar.",0,1,0
la luz me deslumbra demasiadotambienoido demasiado fino. me muevo con normalidad.,2,2,1
"mi vista es normal, tengo un oido demasiado sensible y voy en baston.",1,2,0
no tengo problemas oculares y oigo bien ademas demasiado veloz.,1,1,2
he perdido el ojo izquierdo. mi oido es normalo seasoy hiperactivo.,0,1,2
tengo exceso de movimiento,1,1,2
tengo dolor ocular. me molestan mucho los ruidos aunque demasiado veloz.,0,2,2
ceguera absoluta y tengo hiperacusiatambienando con muletas.,0,2,0
veo lo necesario. no escucho nada. me muevo compulsivamente.,1,0,2
tengo sordera profunda,1,0,1
tengo hipersensibilidad a la luz,2,1,1
tengo dolor constante en los ojos y tengo sorderao seademasiado veloz.,0,0,2
escucho perfectamente,1,1,1
"tengo ceguera total y escucho perfectamente, por otro lado tengo movilidad muy reducida.",0,1,0
llevo lentillas y veo bien - tengo hipersensibilidad al ruido - tengo inquietud motora extrema.,1,2,2
tengo hipersensibilidad al ruido,1,2,1
soy paraplejico,1,1,0
"hiper vision, por otro lado escucho perfectamente pero tengo hipermovilidad.",2,1,2
veo lo necesario. los sonidos agudos me dan dolor de cabeza. mi movilidad es normal.,1,2,1
oigo bien,1,1,1
"estoy ciego, por otro lado sin problemas de movilidad.",0,1,1
tengo dolor constante en los ojoso seame molestan mucho los ruidos aunque tengo necesidad constante de moverme.,0,2,2
estoy ciego - soy paraplejico.,0,1,0
no soporto las luces brillanteso seaoigo muy mal y camino bien.,2,0,1
sin problemas de movilidad,1,1,1
me duele el ojo derecho ademas no escucho en absoluto. no puedo estar sentado mucho tiempo.,0,0,2
he perdido el ojo derechoo seaescucho perfectamente aunque me cuesta mucho caminar.,0,1,0
tengo hipersensibilidad visual ademas sin problemas de oido ademas puedo caminar y correr.,2,1,1
veo lo necesario aunque oigo muy mal y sin problemas de movilidad.,1,0,1
uso gafas para leer y tengo audicion nula - camino perfectamente.,1,0,1
me duelen los ojos permanentementeo seacamino bien.,0,1,1
no puedo caminar,1,1,0
tengo problemas al caminar,1,1,0
oigo lo normal,1,1,1
ando con muletas,1,1,0
tengo ceguera total pero puedo andar sin problemas.,0,1,1
tengo fotofobia. los sonidos agudos me dan dolor de cabeza aunque ando con muletas.,2,2,0
escucho las conversaciones sin problema,1,1,1
la luz me deslumbra demasiado pero oigo bien pero tengo necesidad constante de moverme.,2,1,2
la luz me deslumbra demasiado pero puedo caminar y correr.,2,1,1
tengo fotofobiatambienescucho perfectamente - puedo caminar y correr.,2,1,1
tengo vision normal y no me puedo mover.,1,1,0
me duele el ojo izquierdo ademas tengo hiperacusia - no puedo mover las piernas.,0,2,0
veo bieno seano oigo nadatambientengo necesidad constante de moverme.,1,0,2
me duelen los ojos permanentemente,0,1,1
camino perfectamente,1,1,1
mis ojos estan inflamados y duelen,0,1,1
mi oido es normal,1,1,1
me duelen los ojos permanentemente pero escucho las conversaciones sin problematambienme cuesta mucho caminar.,0,1,0
"siento dolor en los ojoso seaoigo bien, por otro lado camino bien.",0,1,1
mi vista es normalo seaoido muy fino. soy hiperactivo.,1,2,2
he perdido el ojo derecho,0,1,1
puedo caminar y correr,1,1,1
tengo vision nula. tengo hiperactividad.,0,1,2
uso baston para ciegos ademas uso lenguaje de señas pero tengo necesidad constante de moverme.,0,0,2
no oigo nada,1,0,1
he perdido el ojo izquierdo pero tengo hipersensibilidad auditivatambienpuedo andar sin problemas.,0,2,1
mis ojos estan inflamados y dueleno seame molestan mucho los ruidoso seapuedo andar sin problemas.,0,2,1
sin problemas de oido,1,1,1
no veo nada pero super oido aunque sin problemas de movilidad.,0,2,1
estoy ciego pero voy en baston.,0,1,0
veo perfectamente ademas no puedo estar sentado mucho tiempo.,1,1,2
los brillos me hacen daño en los ojostambiencamino perfectamente.,2,1,1
hiper vision y sin problemas de oido aunque demasiado veloz.,2,1,2
oido muy fino,1,2,1
mi agudeza visual es promediotambienno oigo nada y puedo andar sin problemas.,1,0,1
"veo bien aunque no soporto el volumen alto, soy hiperactivo.",1,2,2
oigo bien,1,1,1
me muevo con normalidad,1,1,1
veo perfectamente y tengo hipersensibilidad al ruido aunque soy paraplejico.,1,2,0
oigo muy mal,1,0,1
tengo vision normal pero tengo sordera profunda. tengo tics motores.,1,0,2
camino bien,1,1,1
"me duelen los ojos permanentemente, por otro lado soy sordotambientengo tics motores.",0,0,2
tengo hipersensibilidad visual,2,1,1
super visiono sealos sonidos agudos me dan dolor de cabeza. puedo andar sin problemas.,2,2,1
"no soporto abrir los ojos del dolor, por otro lado tengo sordera profunda aunque soy paraplejico.",0,0,0
"me molesta mucho la luz, tengo hiperactividad.",2,1,2
uso lenguaje de señas,1,0,1
me duelen los ojos al mirartambienescucho las conversaciones sin problema. tengo tics motores.,0,1,2
"la luz me deslumbra demasiado, por otro lado sin problemas de movilidad.",2,1,1
la luz me deslumbra demasiadoo seatengo sordera profunda. puedo andar sin problemas.,2,0,1
tengo hipersensibilidad al ruido,1,2,1
tengo sensibilidad extrema a la luz. tengo un tapontambiensoy paralitico.,2,0,0
"tengo problemas en la vista, por otro lado tengo hipersensibilidad al ruido ademas tengo hiperactividad.",0,2,2
escucho las conversaciones sin problema,1,1,1
no soporto abrir los ojos del dolor pero escucho perfectamente - puedo andar sin problemas.,0,1,1
escucho las conversaciones sin problema,1,1,1
veo destellos constantemente ademas tengo tics motores.,2,1,2
llevo lentillas y veo bien y soy muy lento caminando.,1,1,0
veo destellos constantemente pero sin problemas de movilidad.,2,1,1
me duelen los ojos permanentemente pero tengo hipersensibilidad auditiva aunque tengo movilidad muy reducida.,0,2,0
me molestan mucho los ruidos,1,2,1
"veo bien, escucho todo muy apagado pero ando con muletas.",1,0,0
hiper vision,2,1,1
veo muy mal,0,1,1
"tengo hipersensibilidad visual aunque escucho todo muy apagado, por otro lado puedo andar sin problemas.",2,0,1
"veo perfectamente, oido muy fino ademas me muevo con normalidad.",1,2,1
tengo fotofobia,2,1,1
tengo audicion normal,1,1,1
escucho las conversaciones sin problema,1,1,1
mis ojos estan inflamados y duelen aunque camino perfectamente.,0,1,1
mi vista es normal ademas tengo sordera - me muevo con normalidad.,1,0,1
veo destellos constantemente,2,1,1
tengo dificultad para andar,1,1,0
veo destellos constantemente pero tengo exceso de movimiento.,2,1,2
no veo casi nada ademas puedo caminar y correr.,0,1,1
"me duelen los ojos, por otro lado tengo hipersensibilidad auditivao seapuedo andar sin problemas.",0,2,1
llevo lentillas y veo bientambiensuper oido aunque voy en baston.,1,2,0
super vision - uso lenguaje de señas y no me puedo quedar quieto.,2,0,2
uso gafas para leer y camino bien.,1,1,1
sin problemas de vista aunque no soporto el volumen alto - demasiado veloz.,1,2,2
tengo vision normalo seacamino muy lento.,1,1,0
tengo exceso de movimiento,1,1,2
tengo vision nula aunque tengo necesidad constante de moverme.,0,1,2
mi agudeza visual es promedio,1,1,1
llevo lentillas y veo bien aunque no oigo nada aunque camino perfectamente.,1,0,1
hiper vision. me muevo con normalidad.,2,1,1
escucho las conversaciones sin problema,1,1,1
veo bien - oigo lo normal pero ando con muletas.,1,1,0
siento dolor en los ojos ademas tengo hipersensibilidad auditivao seacamino muy lento.,0,2,0
"me duele el ojo derecho, por otro lado tengo audicion normal aunque no me puedo quedar quieto.",0,1,2
hiper vision - oigo bien aunque voy en baston.,2,1,0
veo bien - tengo hipermovilidad.,1,1,2
soy paralitico,1,1,0
no puedo estar sentado mucho tiempo,1,1,2
soy sordo,1,0,1
"veo destellos constantemente y oigo lo normal, por otro lado ando en silla de ruedas.",2,1,0
"tengo vision normal y tengo hipersensibilidad auditiva, puedo caminar y correr.",1,2,1
escucho perfectamente,1,1,1
"tengo vision nula, por otro lado estoy inmovilizado.",0,1,0
veo lo necesario ademas tengo hipersensibilidad auditiva aunque soy hiperactivo.,1,2,2
tengo un tapon,1,0,1
no veo nada,0,1,1
tengo sensibilidad extrema a la luz aunque camino perfectamente.,2,1,1
tengo problemas en la vista,0,1,1
no veo en absoluto ademas camino bien.,0,1,1
oigo bien,1,1,1
"hiper vision, por otro lado mi movilidad es normal.",2,1,1
tengo un oido demasiado sensible,1,2,1
"uso gafas para leer, tengo hipersensibilidad auditiva - camino bien.",1,2,1
los brillos me hacen daño en los ojos pero soy paralitico.,2,1,0
no veo casi nada aunque oigo lo normal - puedo andar sin problemas.,0,1,1
"perdi los ojos, por otro lado oigo muy mal - tengo movilidad muy reducida.",0,0,0
sin problemas de oido,1,1,1
veo lo necesarioo seasin problemas de oido aunque tengo inquietud motora extrema.,1,1,2
tengo necesidad constante de moverme,1,1,2
mi movilidad es normal,1,1,1
siento dolor en los ojos. los sonidos agudos me dan dolor de cabeza ademas sin problemas de movilidad.,0,2,1
no soporto las luces brillantes pero tengo hipersensibilidad al ruido ademas demasiado veloz.,2,2,2
veo destellos constantementeo seaescucho perfectamente y camino bien.,2,1,1
tengo muy poca vision aunque soy paraplejico.,0,1,0
no veo nada,0,1,1
me duelen los ojos permanentemente,0,1,1
tengo audicion normal,1,1,1
tengo hipersensibilidad a la luz y los ruidos fuertes me aturden aunque no puedo caminar.,2,2,0
uso gafas para leer,1,1,1
"mis ojos estan inflamados y dueleno seano soporto el volumen alto, no puedo mover las piernas.",0,2,0
"tengo problemas en la vista aunque los ruidos fuertes me aturden, por otro lado estoy inmovilizado.",0,2,0
tengo dificultad para andar,1,1,0
tengo sensibilidad extrema a la luz,2,1,1
tengo fotofobiao seaescucho las conversaciones sin problema ademas tengo hiperactividad.,2,1,2
mi agudeza visual es promediotambienpuedo caminar y correr.,1,1,1
hiper vision,2,1,1
"tengo muy poca vision y no escucho nada, por otro lado camino bien.",0,0,1
veo muy mal. camino perfectamente.,0,1,1
"veo perfectamente, oigo lo normaltambienno me puedo quedar quieto.",1,1,2
tengo hipersensibilidad visual,2,1,1
uso gafas para leer - soy paraplejico.,1,1,0
escucho las conversaciones sin problema,1,1,1
tengo dolor constante en los ojos aunque camino muy lento.,0,1,0
hiper visiontambienno me puedo mover.,2,1,0
"tengo hipersensibilidad visual, por otro lado soy sordoo seapuedo caminar y correr.",2,0,1
veo perfectamente,1,1,1
uso lenguaje de señas,1,0,1
no oigo nada,1,0,1
he perdido el ojo izquierdo - escucho perfectamente y tengo tics motores.,0,1,2
mi vista es normaltambiensuper oido. puedo andar sin problemas.,1,2,1
tengo dolor ocular ademas mi oido es normal ademas me cuesta mucho caminar.,0,1,0
super oido,1,2,1
mi vista es normaltambienno oigo nada - voy en baston.,1,0,0
super vision,2,1,1
"veo perfectamente, camino muy lento.",1,1,0
"tengo hipersensibilidad a la luzo seaescucho perfectamente, soy paraplejico.",2,1,0
me cuesta mucho caminar,1,1,0
oido muy fino,1,2,1
"tengo sensibilidad extrema a la luz, sin problemas de oido y mi movilidad es normal.",2,1,1
me duelen los ojos permanentemente,0,1,1
llevo lentillas y veo bientambienescucho los ruidos demasiado fuertes y puedo caminar y correr.,1,2,1
tengo hipermovilidad,1,1,2
"me duelen los ojos permanentemente, oigo bien y me muevo con normalidad.",0,1,1
"me molesta mucho la luz, por otro lado puedo andar sin problemas.",2,1,1
"los brillos me hacen daño en los ojos, por otro lado me muevo compulsivamente.",2,1,2
tengo muy poca vision,0,1,1
llevo lentillas y veo bien y tengo problemas al caminar.,1,1,0
"no soporto las luces brillanteso seaoido demasiado fino, por otro lado me muevo compulsivamente.",2,2,2
tengo sensibilidad extrema a la luztambientengo un oido demasiado sensible ademas camino bien.,2,2,1
tengo inquietud motora extrema,1,1,2
camino bien,1,1,1
"veo destellos constantemente, tengo problemas al caminar.",2,1,0
la luz me deslumbra demasiado aunque soy sordo - camino perfectamente.,2,0,1
tengo sordera,1,0,1
"veo muy mal, por otro lado tengo dificultad para andar.",0,1,0
"tengo dolor constante en los ojos y oido demasiado fino, por otro lado no puedo estar sentado mucho tiempo.",0,2,2
"tengo sensibilidad extrema a la luz, camino perfectamente.",2,1,1
llevo lentillas y veo bien. soy paraplejico.,1,1,0
soy paraplejico,1,1,0
"me duelen los ojos al mirar, oido muy fino ademas sin problemas de movilidad.",0,2,1
me duelen los ojos - escucho las conversaciones sin problema - mi movilidad es normal.,0,1,1
"me duelen los ojos, me molestan mucho los ruidos. puedo andar sin problemas.",0,2,1
veo destellos constantemente pero tengo un tapon y puedo andar sin problemas.,2,0,1
"me molesta mucho la luz, por otro lado camino perfectamente.",2,1,1
tengo hipersensibilidad auditiva,1,2,1
tengo inquietud motora extrema,1,1,2
tengo hipersensibilidad visual,2,1,1
los ruidos fuertes me aturden,1,2,1
hiper visiontambiencamino bien.,2,1,1
mi movilidad es normal,1,1,1
perdi los ojos y escucho perfectamente y soy paralitico.,0,1,0
"hiper vision, tengo un tapono seasoy hiperactivo.",2,0,2
perdi la vista aunque tengo hiperactividad.,0,1,2
oigo bien,1,1,1
no veo nada aunque mi oido es normal ademas ando en silla de ruedas.,0,1,0
"me duelen los ojos al mirar, me muevo con normalidad.",0,1,1
tengo dificultad para andar,1,1,0
tengo fotofobia,2,1,1
"soy ciego, me muevo con normalidad.",0,1,1
oigo lo normal,1,1,1
llevo lentillas y veo bien aunque tengo hipermovilidad.,1,1,2
super visiontambienoido muy finotambienmi movilidad es normal.,2,2,1
tengo hipersensibilidad visual pero tengo un oido demasiado sensible aunque soy muy lento caminando.,2,2,0
ceguera absoluta,0,1,1
no soporto las luces brillantestambienme molestan mucho los ruidos ademas sin problemas de movilidad.,2,2,1
llevo lentillas y veo bientambientengo audicion nulao seasoy paraplejico.,1,0,0
no tengo problemas oculares ademas uso lenguaje de señas. voy en baston.,1,0,0
escucho los ruidos demasiado fuertes,1,2,1
hiper vision. soy muy lento caminando.,2,1,0
tengo inquietud motora extrema,1,1,2
escucho perfectamente,1,1,1
"super visiontambienescucho perfectamente, por otro lado me muevo con normalidad.",2,1,1
tengo dolor ocular - oigo bien - sin problemas de movilidad.,0,1,1
"veo perfectamentetambiensin problemas de oido, tengo exceso de movimiento.",1,1,2
"super vision, por otro lado soy hiperactivo.",2,1,2
escucho todo muy apagado,1,0,1
no me puedo mover,1,1,0
"tengo muy poca vision, soy paralitico.",0,1,0
soy ciego aunque tengo necesidad constante de moverme.,0,1,2
llevo lentillas y veo bien ademas tengo hipermovilidad.,1,1,2
mi agudeza visual es promedio pero tengo un oido demasiado sensible. voy en baston.,1,2,0
no tengo problemas oculares,1,1,1
sin problemas de vista,1,1,1
oigo lo normal,1,1,1
"hiper vision, por otro lado tengo un oido demasiado sensible y no puedo caminar.",2,2,0
tengo problemas en la vista aunque ando en silla de ruedas.,0,1,0
mi vista es normal,1,1,1
mis ojos estan inflamados y duelen pero sin problemas de oido. voy en baston.,0,1,0
mi agudeza visual es promedio ademas no escucho en absolutotambientengo hiperactividad.,1,0,2
"tengo dolor ocular, escucho los ruidos demasiado fuertes - no me puedo mover.",0,2,0
"no soporto las luces brillantes, mi movilidad es normal.",2,1,1
veo bien - tengo problemas al caminar.,1,1,0
tengo hipersensibilidad a la luzo seatengo sordera profunda y tengo tics motores.,2,0,2
me molesta mucho la luz,2,1,1
veo destellos constantemente y tengo audicion normal. mi movilidad es normal.,2,1,1
super vision,2,1,1
camino perfectamente,1,1,1
"veo bien, tengo tics motores.",1,1,2
no soporto las luces brillantes aunque oigo lo normal y me cuesta mucho caminar.,2,1,0
camino muy lento,1,1,0
tengo tics motores,1,1,2
"no veo casi nada, escucho perfectamente ademas soy hiperactivo.",0,1,2
mi vista es normal y no puedo caminar.,1,1,0
me molesta mucho la luz. escucho las conversaciones sin problema aunque soy paralitico.,2,1,0
"veo muy mal, tengo muy poca audiciono seasoy paralitico.",0,0,0
tengo problemas en la vista ademas oigo bien - tengo exceso de movimiento.,0,1,2
tengo vision normal aunque estoy inmovilizado.,1,1,0
me duelen los ojos permanentemente. tengo hiperactividad.,0,1,2
perdi la vista aunque no escucho nada aunque tengo tics motores.,0,0,2
"veo bien, oigo bien y tengo inquietud motora extrema.",1,1,2
"tengo ceguera total aunque super oido, sin problemas de movilidad.",0,2,1
tengo problemas en la vista,0,1,1
"tengo fotofobia, por otro lado camino bien.",2,1,1
llevo lentillas y veo bientambiencamino perfectamente.,1,1,1
"no soporto abrir los ojos del dolor, por otro lado soy paraplejico.",0,1,0
"tengo sensibilidad extrema a la luz aunque oigo bien, no puedo caminar.",2,1,0
no soporto las luces brillantes aunque oigo lo normaltambientengo tics motores.,2,1,2
sin problemas de movilidad,1,1,1
"la luz me deslumbra demasiado, por otro lado mi oido es normal pero me muevo compulsivamente.",2,1,2
tengo audicion normal,1,1,1
super oido,1,2,1
"super vision, por otro lado escucho los ruidos demasiado fuertestambiensoy hiperactivo.",2,2,2
sin problemas de vista aunque escucho los ruidos demasiado fuerteso seapuedo andar sin problemas.,1,2,1
"me duelen los ojos permanentemente y los ruidos fuertes me aturden, por otro lado sin problemas de movilidad.",0,2,1
"veo lo necesario, oigo muy malo seaando en silla de ruedas.",1,0,0
no veo nada y sin problemas de oidoo seano me puedo quedar quieto.,0,1,2
mi vista es normal,1,1,1
"veo lo necesario ademas oigo lo normal, por otro lado tengo hiperactividad.",1,1,2
"los brillos me hacen daño en los ojos, por otro lado sin problemas de oido pero tengo hiperactividad.",2,1,2
"tengo problemas en la vista, por otro lado los ruidos fuertes me aturden pero camino perfectamente.",0,2,1
ceguera absoluta ademas tengo sordera profundatambiendemasiado veloz.,0,0,2
"tengo vision normalo sealos ruidos fuertes me aturden, por otro lado tengo hipermovilidad.",1,2,2
no veo nada,0,1,1
he perdido el ojo izquierdo,0,1,1
me duele el ojo izquierdo aunque tengo sordera aunque soy paraplejico.,0,0,0
no puedo caminar,1,1,0
veo destellos constantemente. oigo bien pero puedo andar sin problemas.,2,1,1
uso baston para ciegos. escucho perfectamenteo seademasiado veloz.,0,1,2
tengo muy poca vision,0,1,1
no veo nada - super oido pero tengo tics motores.,0,2,2
veo perfectamente - camino bien.,1,1,1
tengo audicion normal,1,1,1
veo todo muy borrosoo seasoy hiperactivo.,0,1,2
no tengo problemas oculareso seasuper oido ademas demasiado veloz.,1,2,2
me muevo con normalidad,1,1,1
he perdido el ojo derecho - no escucho nada y mi movilidad es normal.,0,0,1
tengo hipersensibilidad auditiva,1,2,1
"no tengo problemas oculares, escucho perfectamente, camino muy lento.",1,1,0
"uso gafas para leer, mi oido es normal ademas soy paralitico.",1,1,0
"veo perfectamente - tengo sordera, por otro lado voy en baston.",1,0,0
no soporto abrir los ojos del dolor ademas sin problemas de oido y tengo movilidad muy reducida.,0,1,0
mi agudeza visual es promedioo seatengo hipermovilidad.,1,1,2
"veo bien, por otro lado tengo muy poca audicion y tengo tics motores.",1,0,2
mis ojos estan inflamados y dueleno seasoy muy lento caminando.,0,1,0
veo lo necesariotambientengo problemas al caminar.,1,1,0
puedo andar sin problemas,1,1,1
hiper vision y tengo audicion normaltambiensin problemas de movilidad.,2,1,1
voy en baston,1,1,0
camino muy lento,1,1,0
"la luz me deslumbra demasiado, por otro lado tengo hiperacusia. sin problemas de movilidad.",2,2,1
me molestan mucho los ruidos,1,2,1
tengo fotofobia aunque los sonidos agudos me dan dolor de cabezatambienme muevo compulsivamente.,2,2,2
tengo hipersensibilidad visual - tengo movilidad muy reducida.,2,1,0
no veo nada ademas soy hiperactivo.,0,1,2
no puedo caminar,1,1,0
tengo sensibilidad extrema a la luz aunque puedo andar sin problemas.,2,1,1
estoy ciego aunque no oigo nada ademas tengo hiperactividad.,0,0,2
mi movilidad es normal,1,1,1
"mi agudeza visual es promedio, por otro lado no oigo nada - soy hiperactivo.",1,0,2
veo lo necesario aunque oido muy fino. no me puedo mover.,1,2,0
no veo nadatambienescucho todo muy apagadoo seasin problemas de movilidad.,0,0,1
"veo perfectamente pero oigo lo normal, no me puedo quedar quieto.",1,1,2
"tengo hipersensibilidad visualtambientengo audicion normal, por otro lado tengo hiperactividad.",2,1,2
"sin problemas de vista aunque oigo bien, tengo movilidad muy reducida.",1,1,0
tengo fotofobiatambienno escucho nadao seapuedo caminar y correr.,2,0,1
"tengo dolor ocular, por otro lado ando en silla de ruedas.",0,1,0
tengo dolor constante en los ojos ademas puedo caminar y correr.,0,1,1
uso lenguaje de señas,1,0,1
"no tengo problemas oculares - los sonidos agudos me dan dolor de cabeza, por otro lado ando con muletas.",1,2,0
sin problemas de vista,1,1,1
tengo problemas en la vista,0,1,1
mi movilidad es normal,1,1,1
"veo bien - escucho perfectamente, por otro lado mi movilidad es normal.",1,1,1
me duelen los ojos permanentemente aunque me molestan mucho los ruidos. me muevo compulsivamente.,0,2,2
tengo movilidad muy reducida,1,1,0
camino perfectamente,1,1,1
"tengo vision nula. tengo sordera, por otro lado puedo andar sin problemas.",0,0,1
tengo hipersensibilidad auditiva,1,2,1
llevo lentillas y veo bieno seauso lenguaje de señaso seatengo necesidad constante de moverme.,1,0,2
"tengo hipersensibilidad a la luz, por otro lado tengo un oido demasiado sensible - sin problemas de movilidad.",2,2,1
mi oido es normal,1,1,1
mi agudeza visual es promedio. no soporto el volumen alto aunque puedo andar sin problemas.,1,2,1
perdi la vista,0,1,1
no escucho nada,1,0,1
veo bien pero tengo movilidad muy reducida.,1,1,0
no veo en absoluto. no me puedo quedar quieto.,0,1,2
llevo lentillas y veo bien - soy muy lento caminando.,1,1,0
"no soporto las luces brillantes, los sonidos agudos me dan dolor de cabeza aunque camino perfectamente.",2,2,1
tengo necesidad constante de moverme,1,1,2
"llevo lentillas y veo bien pero no escucho nada, no puedo estar sentado mucho tiempo.",1,0,2
me duelen los ojoso seaoigo lo normaltambienno puedo estar sentado mucho tiempo.,0,1,2
me duelen los ojos al mirar,0,1,1
"veo bien, no escucho nada ademas tengo hipermovilidad.",1,0,2
tengo sensibilidad extrema a la luz,2,1,1
no veo casi nada,0,1,1
"hiper vision pero sin problemas de oido, tengo necesidad constante de moverme.",2,1,2
"no tengo problemas oculares, por otro lado tengo hipersensibilidad auditiva pero mi movilidad es normal.",1,2,1
tengo inquietud motora extrema,1,1,2
no tengo problemas oculares - no puedo caminar.,1,1,0
"llevo lentillas y veo bien y tengo audicion normal, por otro lado soy muy lento caminando.",1,1,0
demasiado veloz,1,1,2
tengo vision normalo seatengo muy poca audicion - camino perfectamente.,1,0,1
tengo fotofobia ademas voy en baston.,2,1,0
tengo fotofobia y tengo hiperactividad.,2,1,2
me molesta mucho la luz. puedo caminar y correr.,2,1,1
tengo hipersensibilidad a la luztambienescucho todo muy apagadoo seatengo inquietud motora extrema.,2,0,2
mis ojos estan inflamados y duelentambienno oigo nadatambientengo exceso de movimiento.,0,0,2
los brillos me hacen daño en los ojos pero camino muy lento.,2,1,0
la luz me deslumbra demasiado aunque sin problemas de oido - me muevo compulsivamente.,2,1,2
"tengo vision nula, por otro lado no soporto el volumen altotambienme muevo con normalidad.",0,2,1
hiper vision ademas sin problemas de movilidad.,2,1,1
soy ciego,0,1,1
"uso gafas para leer. tengo audicion normal, soy hiperactivo.",1,1,2
tengo vision nulao seatengo un tapon - soy paralitico.,0,0,0
"la luz me deslumbra demasiado, por otro lado no escucho nada - soy muy lento caminando.",2,0,0
"no veo en absoluto, por otro lado puedo andar sin problemas.",0,1,1
siento dolor en los ojos - oido demasiado finotambienando con muletas.,0,2,0
soy sordo,1,0,1
tengo hipermovilidad,1,1,2
veo lo necesarioo seano escucho en absolutoo seasin problemas de movilidad.,1,0,1
mi agudeza visual es promedio,1,1,1
"veo bien ademas tengo sordera profunda, por otro lado no puedo mover las piernas.",1,0,0
hiper vision pero tengo audicion normalo seatengo inquietud motora extrema.,2,1,2
me duele el ojo izquierdotambientengo muy poca audicion y voy en baston.,0,0,0
tengo sensibilidad extrema a la luz ademas tengo hipersensibilidad auditiva y soy muy lento caminando.,2,2,0
tengo muy poca vision. mi movilidad es normal.,0,1,1
camino bien,1,1,1
tengo hipersensibilidad visualo seano me puedo mover.,2,1,0
me duelen los ojos permanentementeo seatengo un tapon pero camino bien.,0,0,1
tengo hipersensibilidad visual. no puedo estar sentado mucho tiempo.,2,1,2
los brillos me hacen daño en los ojos ademas tengo audicion normalo seademasiado veloz.,2,1,2
"no soporto las luces brillantes. tengo hipersensibilidad auditiva, por otro lado tengo problemas al caminar.",2,2,0
"tengo sensibilidad extrema a la luz - tengo hipersensibilidad al ruido, por otro lado sin problemas de movilidad.",2,2,1
no tengo problemas oculares. escucho perfectamentetambientengo necesidad constante de moverme.,1,1,2
me duelen los ojos al mirar,0,1,1
llevo lentillas y veo bientambientengo un oido demasiado sensible aunque demasiado veloz.,1,2,2
tengo hiperacusia,1,2,1
mi agudeza visual es promedio aunque no escucho nada. tengo inquietud motora extrema.,1,0,2
tengo hipersensibilidad visual aunque tengo hipermovilidad.,2,1,2
tengo vision normal aunque uso lenguaje de señas y no puedo mover las piernas.,1,0,0
tengo fotofobia,2,1,1
"mis ojos estan inflamados y duelen - super oido, no puedo caminar.",0,2,0
"tengo sensibilidad extrema a la luz pero los ruidos fuertes me aturden, por otro lado no puedo estar sentado mucho tiempo.",2,2,2
tengo dolor constante en los ojos aunque tengo audicion nula ademas mi movilidad es normal.,0,0,1
mi vista es normal,1,1,1
tengo dolor ocular ademas no puedo estar sentado mucho tiempo.,0,1,2
uso gafas para leer pero escucho las conversaciones sin problema - tengo exceso de movimiento.,1,1,2
estoy ciego - no soporto el volumen alto - ando en silla de ruedas.,0,2,0
me duelen los ojos,0,1,1
tengo problemas en la vista - sin problemas de oido aunque tengo necesidad constante de moverme.,0,1,2
me muevo compulsivamente,1,1,2
tengo ceguera total. me molestan mucho los ruidos aunque demasiado veloz.,0,2,2
tengo hipersensibilidad a la luz pero escucho los ruidos demasiado fuertes pero me muevo compulsivamente.,2,2,2
"veo perfectamente, por otro lado soy sordo, tengo exceso de movimiento.",1,0,2
"llevo lentillas y veo bien, por otro lado escucho todo muy apagado. sin problemas de movilidad.",1,0,1
tengo hipersensibilidad auditiva,1,2,1
oigo lo normal,1,1,1
mi agudeza visual es promedio,1,1,1
tengo fotofobia y oigo muy maltambientengo dificultad para andar.,2,0,0
"tengo sensibilidad extrema a la luz, camino perfectamente.",2,1,1
me duele el ojo derechotambientengo movilidad muy reducida.,0,1,0
tengo sensibilidad extrema a la luz,2,1,1
me molesta mucho la luz. me molestan mucho los ruidos pero estoy inmovilizado.,2,2,0
no soporto las luces brillanteso seatengo hiperacusia - tengo dificultad para andar.,2,2,0
"veo lo necesario, por otro lado tengo audicion nulao seame muevo con normalidad.",1,0,1
"me duele el ojo izquierdo, por otro lado no puedo estar sentado mucho tiempo.",0,1,2
he perdido el ojo izquierdo,0,1,1
super oido,1,2,1
mi vista es normal. escucho todo muy apagado pero sin problemas de movilidad.,1,0,1
super vision,2,1,1
"me duele el ojo izquierdo y oido muy fino, no me puedo quedar quieto.",0,2,2
"tengo hipersensibilidad a la luz, camino muy lento.",2,1,0
"ceguera absoluta, por otro lado oigo bien, puedo andar sin problemas.",0,1,1
tengo audicion normal,1,1,1
los ruidos fuertes me aturden,1,2,1
"veo bien, oigo lo normal ademas soy paraplejico.",1,1,0
sin problemas de vistatambientengo sordera - mi movilidad es normal.,1,0,1
no veo casi nada - los sonidos agudos me dan dolor de cabeza pero tengo necesidad constante de moverme.,0,2,2
sin problemas de oido,1,1,1
tengo problemas al caminar,1,1,0
tengo dolor constante en los ojos y escucho perfectamente ademas camino bien.,0,1,1
tengo muy poca audicion,1,0,1
no veo nadao seatengo hiperacusia. sin problemas de movilidad.,0,2,1
tengo inquietud motora extrema,1,1,2
"tengo dolor constante en los ojoso seasoy sordo, por otro lado tengo hiperactividad.",0,0,2
no soporto las luces brillantestambienpuedo andar sin problemas.,2,1,1
los brillos me hacen daño en los ojoso seatengo movilidad muy reducida.,2,1,0
camino perfectamente,1,1,1
no soporto las luces brillantes ademas no escucho nada ademas tengo inquietud motora extrema.,2,0,2
"la luz me deslumbra demasiado, por otro lado sin problemas de movilidad.",2,1,1
tengo sensibilidad extrema a la luz y puedo andar sin problemas.,2,1,1
"veo destellos constantemente, uso lenguaje de señas pero camino perfectamente.",2,0,1
me duelen los ojos al mirar. tengo hiperacusiatambiencamino bien.,0,2,1
me duelen los ojos al mirartambienme cuesta mucho caminar.,0,1,0
"veo destellos constantemente, por otro lado voy en baston.",2,1,0
me duelen los ojos,0,1,1
"llevo lentillas y veo bien, escucho perfectamente, por otro lado camino perfectamente.",1,1,1
tengo hipersensibilidad visualo seaoigo lo normalo seasin problemas de movilidad.,2,1,1
tengo vision normal - oido muy fino aunque tengo hiperactividad.,1,2,2
hiper vision ademas me muevo con normalidad.,2,1,1
"siento dolor en los ojos, sin problemas de movilidad.",0,1,1
me duele el ojo izquierdoo seaescucho las conversaciones sin problema. me muevo compulsivamente.,0,1,2
soy sordo,1,0,1
"mi agudeza visual es promedio, escucho las conversaciones sin problema pero camino bien.",1,1,1
tengo fotofobia aunque escucho las conversaciones sin problema y tengo necesidad constante de moverme.,2,1,2
tengo hipersensibilidad visual. sin problemas de oidotambienno puedo estar sentado mucho tiempo.,2,1,2
demasiado veloz,1,1,2
mi agudeza visual es promedio pero tengo sordera ademas puedo andar sin problemas.,1,0,1
los brillos me hacen daño en los ojos,2,1,1
tengo sensibilidad extrema a la luzo seame muevo con normalidad.,2,1,1
llevo lentillas y veo bien ademas me molestan mucho los ruidos - no me puedo quedar quieto.,1,2,2
oigo muy mal,1,0,1
la luz me deslumbra demasiado,2,1,1
tengo dolor ocular ademas mi oido es normalo seatengo hiperactividad.,0,1,2
"ceguera absoluta, por otro lado soy hiperactivo.",0,1,2
me molesta mucho la luz - no escucho en absoluto. sin problemas de movilidad.,2,0,1
"no soporto las luces brillantes, por otro lado tengo audicion normal aunque sin problemas de movilidad.",2,1,1
"no soporto las luces brillantes, por otro lado tengo exceso de movimiento.",2,1,2
hiper vision y oigo bien y soy muy lento caminando.,2,1,0
tengo fotofobia pero tengo un tapono seapuedo caminar y correr.,2,0,1
tengo hipermovilidad,1,1,2
"tengo hipersensibilidad a la luz, escucho las conversaciones sin problema ademas puedo caminar y correr.",2,1,1
los brillos me hacen daño en los ojos y tengo audicion normal aunque no puedo estar sentado mucho tiempo.,2,1,2
"tengo hipersensibilidad a la luzo seaoigo lo normal, por otro lado demasiado veloz.",2,1,2
veo lo necesariotambientengo muy poca audicion y camino bien.,1,0,1
perdi los ojos. soy muy lento caminando.,0,1,0
he perdido el ojo derecho y no escucho en absoluto ademas me muevo compulsivamente.,0,0,2
demasiado veloz,1,1,2
"no soporto abrir los ojos del dolor ademas mi oido es normal, por otro lado ando con muletas.",0,1,0
"tengo dolor constante en los ojos, tengo hipersensibilidad al ruido y puedo andar sin problemas.",0,2,1
no soporto las luces brillantes aunque super oido. tengo inquietud motora extrema.,2,2,2
me molesta mucho la luz pero tengo hipersensibilidad al ruido ademas me cuesta mucho caminar.,2,2,0
tengo fotofobia,2,1,1
veo lo necesario aunque no oigo nada pero camino bien.,1,0,1
mi vista es normal aunque tengo hipersensibilidad al ruido aunque puedo caminar y correr.,1,2,1
"siento dolor en los ojos, por otro lado voy en baston.",0,1,0
veo lo necesario. camino perfectamente.,1,1,1
"tengo vision normal aunque tengo sordera, estoy inmovilizado.",1,0,0
tengo hipersensibilidad a la luz,2,1,1
me muevo compulsivamente,1,1,2
mi vista es normal y tengo exceso de movimiento.,1,1,2
"mi vista es normal - oigo muy mal, soy paraplejico.",1,0,0
"tengo hipersensibilidad a la luz, por otro lado no soporto el volumen alto - sin problemas de movilidad.",2,2,1
tengo ceguera totalo seatengo sorderatambienme muevo con normalidad.,0,0,1
no soporto el volumen alto,1,2,1
"veo lo necesario pero tengo sordera, no puedo estar sentado mucho tiempo.",1,0,2
"me duele el ojo izquierdo, por otro lado oigo bien aunque tengo exceso de movimiento.",0,1,2
oido demasiado fino,1,2,1
uso gafas para leer pero tengo audicion normal aunque mi movilidad es normal.,1,1,1
tengo sordera,1,0,1
tengo hipersensibilidad a la luztambienescucho los ruidos demasiado fuerteso seaestoy inmovilizado.,2,2,0
no oigo nada,1,0,1
"tengo hipersensibilidad a la luz y sin problemas de oido, por otro lado tengo movilidad muy reducida.",2,1,0
demasiado veloz,1,1,2
"veo lo necesario y escucho los ruidos demasiado fuertes, por otro lado me muevo compulsivamente.",1,2,2
me molesta mucho la luz ademas mi movilidad es normal.,2,1,1
sin problemas de oido,1,1,1
uso gafas para leer y super oido ademas no puedo estar sentado mucho tiempo.,1,2,2
ando en silla de ruedas,1,1,0
tengo hipersensibilidad a la luztambiencamino bien.,2,1,1
super visiontambiencamino perfectamente.,2,1,1
veo lo necesariotambientengo hiperacusia. demasiado veloz.,1,2,2
"tengo vision nulatambienlos sonidos agudos me dan dolor de cabeza, ando en silla de ruedas.",0,2,0
voy en baston,1,1,0
"veo perfectamente pero oigo lo normal, por otro lado tengo necesidad constante de moverme.",1,1,2
soy hiperactivo,1,1,2
tengo dolor constante en los ojos y soy muy lento caminando.,0,1,0
puedo caminar y correr,1,1,1
siento dolor en los ojostambienmi oido es normal. mi movilidad es normal.,0,1,1
tengo vision normal,1,1,1
veo perfectamente,1,1,1
"tengo vision normal, por otro lado escucho los ruidos demasiado fuertes, por otro lado camino perfectamente.",1,2,1
sin problemas de oido,1,1,1
"tengo hipersensibilidad visual, oigo muy mal - voy en baston.",2,0,0
veo lo necesario ademas puedo andar sin problemas.,1,1,1
uso gafas para leer pero mi movilidad es normal.,1,1,1
me duelen los ojos permanentementeo seami oido es normal ademas no puedo caminar.,0,1,0
tengo fotofobia pero puedo caminar y correr.,2,1,1
hiper vision,2,1,1
escucho las conversaciones sin problema,1,1,1
he perdido el ojo izquierdo y me muevo con normalidad.,0,1,1
tengo problemas al caminar,1,1,0
"uso baston para ciegos, por otro lado los sonidos agudos me dan dolor de cabezao seatengo problemas al caminar.",0,2,0
"veo muy mal, oigo lo normal ademas estoy inmovilizado.",0,1,0
no tengo problemas oculares. no soporto el volumen alto aunque puedo andar sin problemas.,1,2,1
soy sordo,1,0,1
no puedo mover las piernas,1,1,0
veo perfectamente ademas tengo hipersensibilidad auditiva y mi movilidad es normal.,1,2,1
camino perfectamente,1,1,1
la luz me deslumbra demasiado,2,1,1
me duele el ojo izquierdo aunque camino perfectamente.,0,1,1
"la luz me deslumbra demasiado, por otro lado tengo audicion normal, soy paraplejico.",2,1,0
uso baston para ciegos ademas tengo un tapontambiendemasiado veloz.,0,0,2
tengo ceguera total pero tengo un oido demasiado sensible. voy en baston.,0,2,0
tengo fotofobia ademas puedo andar sin problemas.,2,1,1
tengo hipersensibilidad a la luz. me muevo compulsivamente.,2,1,2
hiper visiono seaoigo muy malo seano puedo caminar.,2,0,0
super vision. tengo hipersensibilidad auditiva y camino bien.,2,2,1
tengo sensibilidad extrema a la luz,2,1,1
no tengo problemas oculares pero soy muy lento caminando.,1,1,0
tengo un oido demasiado sensible,1,2,1
tengo muy poca visiono seasoy hiperactivo.,0,1,2
"tengo sensibilidad extrema a la luztambienoido muy fino, estoy inmovilizado.",2,2,0
"tengo problemas en la vista, tengo muy poca audicion - puedo caminar y correr.",0,0,1
camino bien,1,1,1
veo perfectamenteo seavoy en baston.,1,1,0
"super vision, escucho todo muy apagadoo seacamino muy lento.",2,0,0
mi agudeza visual es promedio y ando con muletas.,1,1,0
escucho las conversaciones sin problema,1,1,1
no escucho en absoluto,1,0,1
llevo lentillas y veo bien ademas soy paralitico.,1,1,0
llevo lentillas y veo bien y me molestan mucho los ruidoso seano puedo estar sentado mucho tiempo.,1,2,2
veo muy mal - demasiado veloz.,0,1,2
"no soporto las luces brillantes pero oigo bien, por otro lado camino perfectamente.",2,1,1
me molestan mucho los ruidos,1,2,1
veo lo necesario y me muevo con normalidad.,1,1,1
oido demasiado fino,1,2,1
tengo sensibilidad extrema a la luz pero soy paraplejico.,2,1,0
mis ojos estan inflamados y duelentambienno oigo nada aunque soy paraplejico.,0,0,0
tengo hipersensibilidad visual y escucho los ruidos demasiado fuertes - tengo dificultad para andar.,2,2,0
me duelen los ojos aunque sin problemas de oido y tengo dificultad para andar.,0,1,0
"me duele el ojo derecho, tengo hipersensibilidad al ruido aunque puedo caminar y correr.",0,2,1
veo perfectamente pero los ruidos fuertes me aturden pero tengo necesidad constante de moverme.,1,2,2
"no tengo problemas oculares, demasiado veloz.",1,1,2
"super vision, por otro lado escucho las conversaciones sin problema - soy hiperactivo.",2,1,2
"veo bien, por otro lado sin problemas de oido - camino perfectamente.",1,1,1
veo lo necesario - camino perfectamente.,1,1,1
me duelen los ojos al mirar aunque no me puedo mover.,0,1,0
tengo dolor constante en los ojos ademas super oido aunque puedo andar sin problemas.,0,2,1
"llevo lentillas y veo bien. no soporto el volumen alto, por otro lado mi movilidad es normal.",1,2,1
mi vista es normal aunque escucho las conversaciones sin problema y me cuesta mucho caminar.,1,1,0
escucho las conversaciones sin problema,1,1,1
veo bien - me molestan mucho los ruidos pero puedo andar sin problemas.,1,2,1
tengo audicion normal,1,1,1
mi agudeza visual es promedio ademas mi oido es normaltambienno me puedo mover.,1,1,0
demasiado veloz,1,1,2
veo todo muy borrosoo sealos ruidos fuertes me aturden pero me muevo con normalidad.,0,2,1
"mi vista es normal y tengo sordera profunda, tengo hipermovilidad.",1,0,2
puedo caminar y correr,1,1,1
"mis ojos estan inflamados y duelen, escucho los ruidos demasiado fuertes pero mi movilidad es normal.",0,2,1
tengo fotofobia aunque no me puedo quedar quieto.,2,1,2
tengo hipersensibilidad auditiva,1,2,1
"me duele el ojo izquierdo, mi oido es normal - camino bien.",0,1,1
no veo nada - sin problemas de movilidad.,0,1,1
"mi vista es normal pero escucho las conversaciones sin problema, por otro lado tengo necesidad constante de moverme.",1,1,2
mi agudeza visual es promedioo seatengo problemas al caminar.,1,1,0
he perdido el ojo izquierdo,0,1,1
escucho los ruidos demasiado fuertes,1,2,1
super oido,1,2,1
veo bien ademas tengo muy poca audicion aunque no me puedo mover.,1,0,0
"llevo lentillas y veo bien pero sin problemas de oido, por otro lado me muevo con normalidad.",1,1,1
tengo problemas en la vista,0,1,1
hiper vision - no escucho en absoluto ademas sin problemas de movilidad.,2,0,1
"los brillos me hacen daño en los ojos y los ruidos fuertes me aturden, por otro lado no puedo estar sentado mucho tiempo.",2,2,2
"me duelen los ojos permanentemente. oigo bien, tengo tics motores.",0,1,2
"tengo fotofobia. uso lenguaje de señas, me muevo con normalidad.",2,0,1
uso gafas para leertambientengo problemas al caminar.,1,1,0
"veo destellos constantemente pero tengo hipersensibilidad auditiva, no puedo estar sentado mucho tiempo.",2,2,2
mi agudeza visual es promedio y escucho los ruidos demasiado fuertes pero voy en baston.,1,2,0
uso gafas para leer. los sonidos agudos me dan dolor de cabeza. demasiado veloz.,1,2,2
soy sordo,1,0,1
camino perfectamente,1,1,1
los brillos me hacen daño en los ojos - tengo audicion normal pero soy paralitico.,2,1,0
tengo hipermovilidad,1,1,2
tengo hipersensibilidad al ruido,1,2,1
la luz me deslumbra demasiadoo seasoy hiperactivo.,2,1,2
mi vista es normal. los sonidos agudos me dan dolor de cabeza ademas camino perfectamente.,1,2,1
tengo movilidad muy reducida,1,1,0
veo lo necesario,1,1,1
tengo hiperactividad,1,1,2
he perdido el ojo izquierdotambienoigo muy mal y sin problemas de movilidad.,0,0,1
hiper vision,2,1,1
estoy ciegoo seatengo inquietud motora extrema.,0,1,2
la luz me deslumbra demasiadoo seasin problemas de oido. puedo caminar y correr.,2,1,1
mi vista es normal ademas puedo caminar y correr.,1,1,1
mi agudeza visual es promedio ademas me molestan mucho los ruidos. sin problemas de movilidad.,1,2,1
tengo dolor ocular aunque soy paraplejico.,0,1,0
no soporto las luces brillantes y puedo andar sin problemas.,2,1,1
llevo lentillas y veo bientambienpuedo andar sin problemas.,1,1,1
hiper vision y puedo andar sin problemas.,2,1,1
no escucho nada,1,0,1
los brillos me hacen daño en los ojos y mi movilidad es normal.,2,1,1
"la luz me deslumbra demasiado y escucho los ruidos demasiado fuertes, sin problemas de movilidad.",2,2,1
no veo nada,0,1,1
he perdido el ojo izquierdo,0,1,1
tengo sensibilidad extrema a la luz. tengo exceso de movimiento.,2,1,2
mi vista es normaltambientengo exceso de movimiento.,1,1,2
"sin problemas de vista, por otro lado no escucho nada y ando con muletas.",1,0,0
estoy ciego pero sin problemas de oidoo seapuedo caminar y correr.,0,1,1
"uso baston para ciegos ademas tengo hiperacusia, no puedo estar sentado mucho tiempo.",0,2,2
me molesta mucho la luz. tengo hiperacusia ademas tengo hiperactividad.,2,2,2
siento dolor en los ojos ademas tengo sordera. puedo caminar y correr.,0,0,1
no veo en absoluto aunque uso lenguaje de señas pero puedo caminar y correr.,0,0,1
"ceguera absoluta, por otro lado tengo un tapon, soy hiperactivo.",0,0,2
uso gafas para leer y camino perfectamente.,1,1,1
"tengo sensibilidad extrema a la luz ademas no soporto el volumen alto, tengo necesidad constante de moverme.",2,2,2
uso baston para ciegos y puedo andar sin problemas.,0,1,1
oigo muy mal,1,0,1
tengo hipersensibilidad a la luz aunque sin problemas de movilidad.,2,1,1
estoy inmovilizado,1,1,0
tengo hipersensibilidad a la luz. tengo hipermovilidad.,2,1,2
soy paralitico,1,1,0
oigo lo normal,1,1,1
"no veo nada, por otro lado sin problemas de oido - no puedo estar sentado mucho tiempo.",0,1,2
"me duelen los ojos permanentemente, por otro lado los ruidos fuertes me aturden, por otro lado tengo exceso de movimiento.",0,2,2
veo bien,1,1,1
tengo fotofobia,2,1,1
"veo muy mal pero sin problemas de oido, sin problemas de movilidad.",0,1,1
soy ciego aunque oido demasiado fino aunque tengo necesidad constante de moverme.,0,2,2
veo lo necesario ademas los ruidos fuertes me aturden - ando con muletas.,1,2,0
me duelen los ojos permanentemente,0,1,1
tengo vision nula - oido muy finoo seaestoy inmovilizado.,0,2,0
veo perfectamentetambienescucho las conversaciones sin problema ademas puedo andar sin problemas.,1,1,1
no puedo mover las piernas,1,1,0
uso gafas para leer ademas escucho las conversaciones sin problema ademas camino perfectamente.,1,1,1
veo destellos constantementetambienme muevo con normalidad.,2,1,1
"tengo hipersensibilidad a la luztambienescucho las conversaciones sin problema, por otro lado sin problemas de movilidad.",2,1,1
oido demasiado fino,1,2,1
puedo caminar y correr,1,1,1
me duelen los ojos al mirar. oido demasiado finoo seaestoy inmovilizado.,0,2,0
tengo movilidad muy reducida,1,1,0
veo destellos constantemente ademas no escucho nada y no puedo estar sentado mucho tiempo.,2,0,2
los brillos me hacen daño en los ojos y voy en baston.,2,1,0
he perdido el ojo izquierdo y los sonidos agudos me dan dolor de cabeza - tengo necesidad constante de moverme.,0,2,2
"no veo casi nadao seasuper oido, por otro lado tengo necesidad constante de moverme.",0,2,2
escucho las conversaciones sin problema,1,1,1
tengo dificultad para andar,1,1,0
me duele el ojo izquierdo. tengo inquietud motora extrema.,0,1,2
los brillos me hacen daño en los ojos,2,1,1
mi vista es normal pero oigo lo normal aunque demasiado veloz.,1,1,2
he perdido el ojo derechoo seatengo muy poca audicion - no me puedo mover.,0,0,0
los brillos me hacen daño en los ojos. soy sordo aunque soy muy lento caminando.,2,0,0
"los brillos me hacen daño en los ojos, por otro lado no escucho nadatambienvoy en baston.",2,0,0
mi vista es normaltambienvoy en baston.,1,1,0
mis ojos estan inflamados y dueleno seano puedo mover las piernas.,0,1,0
"tengo fotofobia, tengo audicion nula - puedo caminar y correr.",2,0,1
mis ojos estan inflamados y duelen pero no soporto el volumen alto pero mi movilidad es normal.,0,2,1
tengo inquietud motora extrema,1,1,2
"he perdido el ojo derecho ademas escucho las conversaciones sin problema, ando en silla de ruedas.",0,1,0
la luz me deslumbra demasiado ademas soy paraplejico.,2,1,0
veo perfectamentetambienescucho todo muy apagado y sin problemas de movilidad.,1,0,1
"tengo fotofobia, por otro lado escucho perfectamente ademas ando con muletas.",2,1,0
no veo casi nada,0,1,1
tengo hipersensibilidad a la luz pero oido muy finotambienme muevo con normalidad.,2,2,1
"super vision, tengo movilidad muy reducida.",2,1,0
hiper visiontambiencamino perfectamente.,2,1,1
soy hiperactivo,1,1,2
"los brillos me hacen daño en los ojos, por otro lado no escucho en absoluto y me muevo compulsivamente.",2,0,2
ando en silla de ruedas,1,1,0
no soporto las luces brillantes pero mi oido es normaltambienno puedo estar sentado mucho tiempo.,2,1,2
"tengo ceguera total y los ruidos fuertes me aturden, ando con muletas.",0,2,0
veo bientambiensoy paralitico.,1,1,0
tengo hipersensibilidad al ruido,1,2,1
"veo muy mal, tengo hiperacusia, por otro lado tengo hipermovilidad.",0,2,2
mi agudeza visual es promediotambientengo exceso de movimiento.,1,1,2
"soy ciego, tengo inquietud motora extrema.",0,1,2
mis ojos estan inflamados y duelen pero oigo lo normal - puedo caminar y correr.,0,1,1
veo lo necesario ademas tengo hipermovilidad.,1,1,2
los sonidos agudos me dan dolor de cabeza,1,2,1
"mi agudeza visual es promedio. super oido, no puedo estar sentado mucho tiempo.",1,2,2
sin problemas de vista. tengo inquietud motora extrema.,1,1,2
tengo problemas en la vista - tengo audicion normal ademas soy paraplejico.,0,1,0
veo muy mal ademas sin problemas de movilidad.,0,1,1
tengo hiperacusia,1,2,1
veo perfectamente aunque escucho perfectamente pero puedo andar sin problemas.,1,1,1
tengo hipersensibilidad visual pero sin problemas de oidotambientengo movilidad muy reducida.,2,1,0
"tengo hipersensibilidad a la luz, por otro lado escucho perfectamenteo seano puedo caminar.",2,1,0
la luz me deslumbra demasiado ademas los sonidos agudos me dan dolor de cabeza aunque me cuesta mucho caminar.,2,2,0
he perdido el ojo derecho pero no soporto el volumen alto pero ando con muletas.,0,2,0
"tengo hipersensibilidad a la luz, por otro lado escucho las conversaciones sin problema. voy en baston.",2,1,0
"me duelen los ojos permanentemente, por otro lado tengo sordera profunda y tengo problemas al caminar.",0,0,0
tengo sensibilidad extrema a la luz - tengo audicion normal aunque soy hiperactivo.,2,1,2
mi agudeza visual es promedio,1,1,1
mi movilidad es normal,1,1,1
"veo todo muy borroso pero escucho perfectamente, por otro lado me cuesta mucho caminar.",0,1,0
"tengo sensibilidad extrema a la luz, mi oido es normalo seasoy hiperactivo.",2,1,2
"tengo problemas en la vista, por otro lado oido demasiado fino ademas soy muy lento caminando.",0,2,0
tengo hipersensibilidad a la luzo seaoido muy finotambiencamino muy lento.,2,2,0
mi agudeza visual es promedio,1,1,1
veo perfectamente ademas mi movilidad es normal.,1,1,1
oido demasiado fino,1,2,1
veo todo muy borroso y escucho las conversaciones sin problema aunque tengo hiperactividad.,0,1,2
"no soporto abrir los ojos del dolor, por otro lado tengo muy poca audicion, por otro lado ando con muletas.",0,0,0
me duelen los ojostambienno oigo nada. tengo hiperactividad.,0,0,2
tengo muy poca audicion,1,0,1
tengo vision nulatambientengo hiperactividad.,0,1,2
tengo vision normal pero puedo andar sin problemas.,1,1,1
"no soporto las luces brillantes, escucho perfectamente pero tengo tics motores.",2,1,2
"tengo problemas en la vistatambienoigo bien, puedo andar sin problemas.",0,1,1
no soporto abrir los ojos del dolor pero escucho las conversaciones sin problema - mi movilidad es normal.,0,1,1
veo destellos constantemente,2,1,1
tengo un tapon,1,0,1
"super vision, camino perfectamente.",2,1,1
no soporto las luces brillanteso seatengo dificultad para andar.,2,1,0
"no soporto las luces brillantes. no escucho nada, por otro lado mi movilidad es normal.",2,0,1
no soporto el volumen alto,1,2,1
tengo un tapon,1,0,1
"no tengo problemas oculares, tengo hiperactividad.",1,1,2
sin problemas de movilidad,1,1,1
sin problemas de vista,1,1,1
me duelen los ojos permanentemente y sin problemas de movilidad.,0,1,1
oido demasiado fino,1,2,1
mi agudeza visual es promedio y mi oido es normal y mi movilidad es normal.,1,1,1
no soporto las luces brillantes,2,1,1
siento dolor en los ojos y tengo muy poca audiciontambientengo necesidad constante de moverme.,0,0,2
tengo sensibilidad extrema a la luz pero no puedo caminar.,2,1,0
mi oido es normal,1,1,1
no escucho en absoluto,1,0,1
veo destellos constantemente pero uso lenguaje de señas aunque demasiado veloz.,2,0,2
veo destellos constantemente aunque escucho perfectamenteo seano puedo caminar.,2,1,0
no tengo problemas oculares. tengo tics motores.,1,1,2
he perdido el ojo derechoo seaescucho los ruidos demasiado fuertes. tengo tics motores.,0,2,2
me duelen los ojoso seasuper oidoo seapuedo andar sin problemas.,0,2,1
"tengo muy poca vision - oido demasiado fino, no puedo mover las piernas.",0,2,0
"sin problemas de vista ademas tengo audicion normal, por otro lado me muevo compulsivamente.",1,1,2
camino perfectamente,1,1,1
"tengo sensibilidad extrema a la luz, por otro lado tengo audicion nula y camino bien.",2,0,1
perdi la vista. mi oido es normalo seaando con muletas.,0,1,0
no veo casi nada ademas sin problemas de oido ademas puedo andar sin problemas.,0,1,1
oigo bien,1,1,1
"no veo nada, por otro lado tengo muy poca audicion. tengo tics motores.",0,0,2
veo destellos constantemente - super oido y tengo inquietud motora extrema.,2,2,2
los brillos me hacen daño en los ojoso seatengo inquietud motora extrema.,2,1,2
tengo sordera,1,0,1
mi agudeza visual es promedio aunque camino perfectamente.,1,1,1
los brillos me hacen daño en los ojos,2,1,1
mi vista es normal y soy hiperactivo.,1,1,2
"tengo ceguera total, camino perfectamente.",0,1,1
veo perfectamente y ando en silla de ruedas.,1,1,0
"uso gafas para leer, por otro lado camino bien.",1,1,1
super vision,2,1,1
mis ojos estan inflamados y duelen. tengo muy poca audiciono seame cuesta mucho caminar.,0,0,0
me duele el ojo izquierdo ademas oido muy fino aunque tengo hiperactividad.,0,2,2
tengo movilidad muy reducida,1,1,0
super vision,2,1,1
camino perfectamente,1,1,1
"tengo problemas en la vista, escucho las conversaciones sin problema aunque demasiado veloz.",0,1,2
veo bien ademas tengo un oido demasiado sensible y puedo andar sin problemas.,1,2,1
no tengo problemas oculareso seasoy paralitico.,1,1,0
mi movilidad es normal,1,1,1
tengo dolor ocular,0,1,1
me cuesta mucho caminar,1,1,0
puedo andar sin problemas,1,1,1
tengo hiperacusia,1,2,1
escucho perfectamente,1,1,1
tengo vision normal aunque sin problemas de oido y puedo andar sin problemas.,1,1,1
me cuesta mucho caminar,1,1,0
"la luz me deslumbra demasiado - sin problemas de oido, ando en silla de ruedas.",2,1,0
uso gafas para leer ademas soy paraplejico.,1,1,0
veo bien aunque tengo sorderatambientengo exceso de movimiento.,1,0,2
"no tengo problemas oculares, por otro lado demasiado veloz.",1,1,2
escucho las conversaciones sin problema,1,1,1
no oigo nada,1,0,1
me duele el ojo derecho aunque sin problemas de oido - camino muy lento.,0,1,0
me muevo compulsivamente,1,1,2
tengo vision normal - tengo audicion normal y tengo exceso de movimiento.,1,1,2
estoy ciegoo sealos ruidos fuertes me aturden - tengo inquietud motora extrema.,0,2,2
super visiono seademasiado veloz.,2,1,2
veo bien,1,1,1
no soporto las luces brillantes pero tengo problemas al caminar.,2,1,0
sin problemas de movilidad,1,1,1
he perdido el ojo derecho y super oido. no puedo mover las piernas.,0,2,0
tengo sensibilidad extrema a la luz,2,1,1
"llevo lentillas y veo bien. mi oido es normal, por otro lado tengo dificultad para andar.",1,1,0
mi vista es normal pero no escucho en absolutotambientengo necesidad constante de moverme.,1,0,2
los brillos me hacen daño en los ojos ademas no oigo nada - no puedo estar sentado mucho tiempo.,2,0,2
tengo vision normal. tengo hiperactividad.,1,1,2
tengo dolor constante en los ojos. tengo sordera profunda y puedo caminar y correr.,0,0,1
mi oido es normal,1,1,1
tengo fotofobia - demasiado veloz.,2,1,2
"hiper vision, por otro lado oigo muy mal pero estoy inmovilizado.",2,0,0
tengo dolor constante en los ojos ademas camino perfectamente.,0,1,1
tengo muy poca vision pero tengo sordera profundatambienmi movilidad es normal.,0,0,1
llevo lentillas y veo bien - tengo sordera profundao seapuedo andar sin problemas.,1,0,1
"tengo problemas en la vista, por otro lado tengo hipersensibilidad auditiva ademas soy paralitico.",0,2,0
tengo audicion nula,1,0,1
tengo fotofobiao seaescucho perfectamente y me muevo con normalidad.,2,1,1
la luz me deslumbra demasiado pero super oidoo seaando con muletas.,2,2,0
super visiontambienpuedo andar sin problemas.,2,1,1
he perdido el ojo izquierdotambienno escucho nadatambienando en silla de ruedas.,0,0,0
no soporto las luces brillantes aunque oigo lo normaltambienestoy inmovilizado.,2,1,0
me molesta mucho la luz,2,1,1
"tengo sensibilidad extrema a la luz, por otro lado tengo muy poca audicion. no me puedo quedar quieto.",2,0,2
"uso gafas para leer, por otro lado mi oido es normal, por otro lado tengo movilidad muy reducida.",1,1,0
he perdido el ojo derecho - mi oido es normalo seatengo inquietud motora extrema.,0,1,2
los brillos me hacen daño en los ojoso seasoy muy lento caminando.,2,1,0
tengo hipersensibilidad visual,2,1,1
veo destellos constantemente - oido muy finotambiendemasiado veloz.,2,2,2
"tengo fotofobiao seaescucho las conversaciones sin problema, tengo inquietud motora extrema.",2,1,2
me cuesta mucho caminar,1,1,0
los brillos me hacen daño en los ojos - no me puedo quedar quieto.,2,1,2
tengo problemas en la vista - tengo audicion normal ademas tengo hipermovilidad.,0,1,2
super vision pero no puedo estar sentado mucho tiempo.,2,1,2
llevo lentillas y veo bien,1,1,1
hiper vision,2,1,1
la luz me deslumbra demasiadotambienescucho las conversaciones sin problematambientengo movilidad muy reducida.,2,1,0
oido muy fino,1,2,1
tengo hipersensibilidad visualtambienescucho perfectamente y no me puedo quedar quieto.,2,1,2
veo perfectamente. tengo hipersensibilidad auditiva - camino perfectamente.,1,2,1
ando con muletas,1,1,0
no veo en absolutotambientengo hiperactividad.,0,1,2
mi oido es normal,1,1,1
mi agudeza visual es promediotambienno oigo nada pero tengo necesidad constante de moverme.,1,0,2
sin problemas de vista,1,1,1
tengo muy poca vision ademas oigo muy mal - puedo andar sin problemas.,0,0,1
veo lo necesario aunque oigo bieno seatengo movilidad muy reducida.,1,1,0
tengo hiperacusia,1,2,1
me duelen los ojos permanentementetambientengo sordera ademas puedo andar sin problemas.,0,0,1
super vision,2,1,1
tengo problemas en la vista ademas soy sordoo seatengo exceso de movimiento.,0,0,2
la luz me deslumbra demasiado ademas los ruidos fuertes me aturdentambientengo exceso de movimiento.,2,2,2
me duelen los ojos permanentemente. mi oido es normal ademas soy paraplejico.,0,1,0
mi agudeza visual es promedio. ando en silla de ruedas.,1,1,0
veo perfectamente - tengo sordera - soy paralitico.,1,0,0
tengo dificultad para andar,1,1,0
no puedo estar sentado mucho tiempo,1,1,2
tengo problemas en la vista aunque sin problemas de oido aunque sin problemas de movilidad.,0,1,1
tengo fotofobiao seaescucho todo muy apagado. demasiado veloz.,2,0,2
"tengo vision normal, soy paraplejico.",1,1,0
tengo vision normal - puedo caminar y correr.,1,1,1
"tengo vision nulatambiensoy sordo, tengo hiperactividad.",0,0,2
"no soporto las luces brillantes, tengo hipermovilidad.",2,1,2
tengo hipersensibilidad a la luzo seasoy paraplejico.,2,1,0
ando con muletas,1,1,0
"mi agudeza visual es promedio ademas sin problemas de oido, soy muy lento caminando.",1,1,0
los brillos me hacen daño en los ojos,2,1,1
voy en baston,1,1,0
llevo lentillas y veo bien. ando en silla de ruedas.,1,1,0
camino muy lento,1,1,0
no veo casi nada y oigo bientambiensin problemas de movilidad.,0,1,1
tengo hipersensibilidad a la luz ademas tengo movilidad muy reducida.,2,1,0
he perdido el ojo izquierdoo seatengo movilidad muy reducida.,0,1,0
"veo lo necesario, oigo lo normal y no puedo caminar.",1,1,0
no soporto abrir los ojos del dolor,0,1,1
no veo casi nada. me muevo con normalidad.,0,1,1
tengo fotofobia. no me puedo quedar quieto.,2,1,2
super vision y puedo andar sin problemas.,2,1,1
tengo sensibilidad extrema a la luzo seasoy paraplejico.,2,1,0
tengo ceguera totaltambientengo hiperacusia - no puedo estar sentado mucho tiempo.,0,2,2
camino bien,1,1,1
tengo dolor constante en los ojos,0,1,1
tengo hipersensibilidad visual aunque soy hiperactivo.,2,1,2
"tengo sensibilidad extrema a la luz, por otro lado no oigo nadatambienando en silla de ruedas.",2,0,0
la luz me deslumbra demasiadoo seaescucho las conversaciones sin problema pero sin problemas de movilidad.,2,1,1
"perdi los ojos, escucho perfectamente, por otro lado demasiado veloz.",0,1,2
veo todo muy borroso pero me cuesta mucho caminar.,0,1,0
"tengo muy poca vision, camino perfectamente.",0,1,1
uso gafas para leer y puedo andar sin problemas.,1,1,1
tengo hipersensibilidad auditiva,1,2,1
mis ojos estan inflamados y duelen. me cuesta mucho caminar.,0,1,0
tengo audicion nula,1,0,1
"uso gafas para leer, por otro lado tengo problemas al caminar.",1,1,0
tengo fotofobia y tengo necesidad constante de moverme.,2,1,2
"veo lo necesario, por otro lado escucho todo muy apagado y puedo caminar y correr.",1,0,1
"tengo fotofobia y soy sordo, camino perfectamente.",2,0,1
estoy inmovilizado,1,1,0
no tengo problemas oculares aunque me muevo con normalidad.,1,1,1
me molestan mucho los ruidos,1,2,1
tengo sensibilidad extrema a la luz,2,1,1
"no tengo problemas ocularestambienlos sonidos agudos me dan dolor de cabeza, por otro lado tengo hiperactividad.",1,2,2
oigo muy mal,1,0,1
tengo problemas en la vista ademas escucho perfectamentetambienno puedo caminar.,0,1,0
oigo muy mal,1,0,1
tengo ceguera totalo seaoigo muy mal pero tengo exceso de movimiento.,0,0,2
"tengo sensibilidad extrema a la luz, por otro lado tengo problemas al caminar.",2,1,0
sin problemas de movilidad,1,1,1
llevo lentillas y veo bien aunque demasiado veloz.,1,1,2
veo bien. tengo hiperacusia ademas tengo exceso de movimiento.,1,2,2
tengo fotofobia - tengo exceso de movimiento.,2,1,2
me duele el ojo derecho - tengo problemas al caminar.,0,1,0
"veo todo muy borroso, los sonidos agudos me dan dolor de cabeza pero me muevo compulsivamente.",0,2,2
"estoy ciego, por otro lado escucho las conversaciones sin problema, demasiado veloz.",0,1,2
escucho perfectamente,1,1,1
veo todo muy borroso - no escucho en absoluto ademas ando en silla de ruedas.,0,0,0
"tengo dolor ocular, no soporto el volumen alto. estoy inmovilizado.",0,2,0
tengo sensibilidad extrema a la luz y escucho todo muy apagadotambienpuedo andar sin problemas.,2,0,1
perdi los ojos - me muevo con normalidad.,0,1,1
uso gafas para leer,1,1,1
super vision y tengo un oido demasiado sensibletambientengo inquietud motora extrema.,2,2,2
mis ojos estan inflamados y duelen aunque escucho las conversaciones sin problematambiensoy hiperactivo.,0,1,2
me duelen los ojos al mirar - oido muy fino y puedo caminar y correr.,0,2,1
"tengo hipersensibilidad a la luz, mi movilidad es normal.",2,1,1
soy sordo,1,0,1
tengo hipersensibilidad a la luz y tengo muy poca audicion - puedo andar sin problemas.,2,0,1
"tengo problemas en la vista, por otro lado ando con muletas.",0,1,0
uso gafas para leertambienno me puedo quedar quieto.,1,1,2
he perdido el ojo izquierdotambienando en silla de ruedas.,0,1,0
tengo vision nulatambiensoy paraplejico.,0,1,0
uso baston para ciegos ademas tengo audicion nula aunque tengo problemas al caminar.,0,0,0
veo destellos constantemente - soy sordoo seacamino perfectamente.,2,0,1
perdi los ojos aunque tengo audicion nulatambienme muevo compulsivamente.,0,0,2
"tengo hipersensibilidad visual, por otro lado tengo un tapon - soy hiperactivo.",2,0,2
"super visiono seaescucho perfectamente, por otro lado no puedo estar sentado mucho tiempo.",2,1,2
"soy ciego, por otro lado no soporto el volumen alto - tengo exceso de movimiento.",0,2,2
no tengo problemas oculares,1,1,1
tengo movilidad muy reducida,1,1,0
me molesta mucho la luzo seademasiado veloz.,2,1,2
"mi vista es normal, soy sordo y tengo tics motores.",1,0,2
uso gafas para leer,1,1,1
tengo hipersensibilidad visual. tengo problemas al caminar.,2,1,0
tengo sensibilidad extrema a la luz,2,1,1
tengo fotofobia. tengo hipersensibilidad auditivatambienme cuesta mucho caminar.,2,2,0
siento dolor en los ojos ademas mi movilidad es normal.,0,1,1
tengo muy poca vision aunque soy paraplejico.,0,1,0
sin problemas de vista - no escucho en absoluto - camino bien.,1,0,1
mi vista es normal,1,1,1
"hiper vision, tengo audicion normal, por otro lado me muevo con normalidad.",2,1,1
siento dolor en los ojos ademas puedo caminar y correr.,0,1,1
"mi vista es normal - tengo audicion normal, por otro lado tengo exceso de movimiento.",1,1,2
"la luz me deslumbra demasiado, por otro lado tengo hipersensibilidad al ruidoo seame muevo con normalidad.",2,2,1
me duelen los ojos al mirar y puedo andar sin problemas.,0,1,1
la luz me deslumbra demasiadoo seaescucho las conversaciones sin problemao seatengo inquietud motora extrema.,2,1,2
soy ciego aunque soy sordo y no me puedo quedar quieto.,0,0,2
llevo lentillas y veo bien,1,1,1
uso gafas para leer,1,1,1
uso gafas para leertambienme muevo con normalidad.,1,1,1
"veo bien, tengo necesidad constante de moverme.",1,1,2
no soporto abrir los ojos del dolor,0,1,1
hiper visiontambienme molestan mucho los ruidoso seavoy en baston.,2,2,0
veo bien pero soy sordo ademas tengo necesidad constante de moverme.,1,0,2
camino perfectamente,1,1,1
no puedo estar sentado mucho tiempo,1,1,2
no veo en absoluto aunque sin problemas de oido. soy paraplejico.,0,1,0
veo muy mal ademas camino bien.,0,1,1
hiper vision y mi oido es normal. camino perfectamente.,2,1,1
camino bien,1,1,1
no veo casi nadatambiensin problemas de oido pero tengo hiperactividad.,0,1,2
super vision ademas escucho las conversaciones sin problema. tengo exceso de movimiento.,2,1,2
"veo todo muy borroso - oigo bien, me muevo compulsivamente.",0,1,2
voy en baston,1,1,0
me molesta mucho la luz aunque tengo necesidad constante de moverme.,2,1,2
tengo sensibilidad extrema a la luzo seatengo hipersensibilidad auditiva - no puedo estar sentado mucho tiempo.,2,2,2
"veo todo muy borroso, me muevo con normalidad.",0,1,1
uso gafas para leer,1,1,1
soy paraplejico,1,1,0
me duelen los ojos,0,1,1
no veo en absoluto y mi oido es normalo seasin problemas de movilidad.,0,1,1
"sin problemas de vista, tengo sordera profunda pero sin problemas de movilidad.",1,0,1
veo destellos constantemente aunque tengo muy poca audicion pero sin problemas de movilidad.,2,0,1
"veo destellos constantemente pero oido demasiado fino, demasiado veloz.",2,2,2
veo perfectamente pero tengo audicion nula. tengo problemas al caminar.,1,0,0
veo lo necesario aunque super oidoo seapuedo caminar y correr.,1,2,1
hiper vision pero tengo un tapono seademasiado veloz.,2,0,2
"super vision, no puedo estar sentado mucho tiempo.",2,1,2
"tengo hipersensibilidad visual. uso lenguaje de señas, por otro lado soy hiperactivo.",2,0,2
"mi vista es normal, por otro lado oigo lo normal. estoy inmovilizado.",1,1,0
veo perfectamente - escucho los ruidos demasiado fuertes aunque tengo hipermovilidad.,1,2,2
"sin problemas de vista - escucho perfectamente, por otro lado camino bien.",1,1,1
"mi agudeza visual es promedio y soy sordo, soy paralitico.",1,0,0
me duele el ojo derecho pero tengo audicion nula - soy paraplejico.,0,0,0
no puedo estar sentado mucho tiempo,1,1,2
"veo todo muy borroso, por otro lado camino perfectamente.",0,1,1
mi agudeza visual es promedio. puedo caminar y correr.,1,1,1
"no veo nada pero mi oido es normal, por otro lado voy en baston.",0,1,0
perdi la vistatambienescucho las conversaciones sin problemao seami movilidad es normal.,0,1,1
no puedo estar sentado mucho tiempo,1,1,2
"no veo en absolutoo sealos ruidos fuertes me aturden, camino perfectamente.",0,2,1
tengo fotofobia aunque tengo muy poca audicion pero soy paraplejico.,2,0,0
puedo caminar y correr,1,1,1
super visiono seaescucho las conversaciones sin problema pero soy muy lento caminando.,2,1,0
hiper vision ademas tengo sordera aunque sin problemas de movilidad.,2,0,1
uso gafas para leer - tengo un tapon aunque tengo tics motores.,1,0,2
tengo muy poca visiono seaoigo lo normalo seatengo necesidad constante de moverme.,0,1,2
tengo hipersensibilidad auditiva,1,2,1
hiper vision y oigo bien aunque tengo inquietud motora extrema.,2,1,2
tengo problemas en la vista aunque soy sordo y mi movilidad es normal.,0,0,1
perdi los ojostambientengo sordera profundatambiensin problemas de movilidad.,0,0,1
tengo audicion normal,1,1,1
camino perfectamente,1,1,1
veo perfectamente,1,1,1
me muevo con normalidad,1,1,1
super vision pero sin problemas de oidoo seame cuesta mucho caminar.,2,1,0
mi oido es normal,1,1,1
"veo bien, por otro lado super oido aunque tengo hipermovilidad.",1,2,2
oigo muy mal,1,0,1
tengo fotofobiatambienme muevo con normalidad.,2,1,1
llevo lentillas y veo bien,1,1,1
hiper vision aunque camino bien.,2,1,1
tengo sensibilidad extrema a la luztambientengo audicion normal - sin problemas de movilidad.,2,1,1
no soporto las luces brillantes - sin problemas de movilidad.,2,1,1
tengo hipersensibilidad visual. escucho las conversaciones sin problema. no me puedo quedar quieto.,2,1,2
los brillos me hacen daño en los ojos ademas los sonidos agudos me dan dolor de cabezao seatengo tics motores.,2,2,2
tengo dolor ocular,0,1,1
no veo en absolutotambientengo exceso de movimiento.,0,1,2
tengo muy poca vision y camino bien.,0,1,1
escucho las conversaciones sin problema,1,1,1
tengo sensibilidad extrema a la luz ademas no escucho en absoluto. me muevo compulsivamente.,2,0,2
"veo perfectamente, demasiado veloz.",1,1,2
tengo audicion normal,1,1,1
los brillos me hacen daño en los ojos,2,1,1
siento dolor en los ojos pero uso lenguaje de señas pero tengo tics motores.,0,0,2
escucho todo muy apagado,1,0,1
veo bien,1,1,1
no tengo problemas oculares. tengo hipersensibilidad al ruido - tengo inquietud motora extrema.,1,2,2
camino bien,1,1,1
no veo en absolutoo seapuedo andar sin problemas.,0,1,1
puedo andar sin problemas,1,1,1
tengo hipersensibilidad al ruido,1,2,1
tengo muy poca vision - escucho perfectamente - soy hiperactivo.,0,1,2
"me duele el ojo derecho. escucho los ruidos demasiado fuertes, mi movilidad es normal.",0,2,1
tengo vision nula,0,1,1
tengo ceguera total pero no me puedo quedar quieto.,0,1,2
oigo bien,1,1,1
tengo fotofobia,2,1,1
tengo hipersensibilidad visual,2,1,1
los sonidos agudos me dan dolor de cabeza,1,2,1
camino perfectamente,1,1,1
camino bien,1,1,1
ceguera absoluta ademas mi oido es normal. me muevo con normalidad.,0,1,1
mi movilidad es normal,1,1,1
me molesta mucho la luzo seatengo hipersensibilidad al ruido y puedo caminar y correr.,2,2,1
"veo perfectamente - mi oido es normal, sin problemas de movilidad.",1,1,1
veo lo necesario pero los sonidos agudos me dan dolor de cabeza pero mi movilidad es normal.,1,2,1
tengo vision normaltambienescucho perfectamente - camino muy lento.,1,1,0
tengo hipersensibilidad visual y los ruidos fuertes me aturden - camino perfectamente.,2,2,1
la luz me deslumbra demasiado. sin problemas de movilidad.,2,1,1
me duelen los ojos pero oigo bientambienvoy en baston.,0,1,0
veo lo necesario ademas tengo hipersensibilidad auditiva ademas sin problemas de movilidad.,1,2,1
siento dolor en los ojoso seano me puedo quedar quieto.,0,1,2
"tengo vision normal, estoy inmovilizado.",1,1,0
tengo vision normaltambienoigo lo normal - no puedo mover las piernas.,1,1,0
tengo vision normal aunque oigo muy mal - mi movilidad es normal.,1,0,1
la luz me deslumbra demasiado - tengo movilidad muy reducida.,2,1,0
tengo sensibilidad extrema a la luz y tengo necesidad constante de moverme.,2,1,2
no soporto abrir los ojos del dolor y tengo hipersensibilidad auditiva aunque no puedo estar sentado mucho tiempo.,0,2,2
tengo sordera profunda,1,0,1
los brillos me hacen daño en los ojos y puedo caminar y correr.,2,1,1
me duelen los ojos permanentemente ademas escucho las conversaciones sin problema ademas demasiado veloz.,0,1,2
"me duele el ojo izquierdo, por otro lado tengo dificultad para andar.",0,1,0
ceguera absoluta y camino bien.,0,1,1
camino muy lento,1,1,0
veo bien pero oigo lo normal ademas no puedo caminar.,1,1,0
oigo bien,1,1,1
veo bien ademas tengo inquietud motora extrema.,1,1,2
"tengo muy poca vision, por otro lado no escucho nada ademas soy hiperactivo.",0,0,2
no veo casi nada,0,1,1
veo destellos constantemente ademas mi movilidad es normal.,2,1,1
"me molesta mucho la luz, por otro lado mi movilidad es normal.",2,1,1
tengo hipersensibilidad a la luz aunque puedo caminar y correr.,2,1,1
me duelen los ojoso seatengo un tapon - tengo hipermovilidad.,0,0,2
tengo sensibilidad extrema a la luz ademas tengo hipersensibilidad auditivao seatengo hiperactividad.,2,2,2
tengo ceguera totalo seapuedo caminar y correr.,0,1,1
veo lo necesario pero camino muy lento.,1,1,0
"super vision, por otro lado tengo hiperacusia y soy hiperactivo.",2,2,2
no me puedo quedar quieto,1,1,2
oido demasiado fino,1,2,1
tengo ceguera totaltambiensoy paraplejico.,0,1,0
estoy ciegoo seami movilidad es normal.,0,1,1
puedo andar sin problemas,1,1,1
escucho perfectamente,1,1,1
tengo exceso de movimiento,1,1,2
super visiontambienoido muy fino. camino muy lento.,2,2,0
"llevo lentillas y veo bien, escucho perfectamente y me muevo con normalidad.",1,1,1
oigo bien,1,1,1
tengo ceguera total - tengo inquietud motora extrema.,0,1,2
tengo vision normalo seaescucho las conversaciones sin problema - soy muy lento caminando.,1,1,0
llevo lentillas y veo bientambiensin problemas de oido y ando con muletas.,1,1,0
no me puedo quedar quieto,1,1,2
tengo ceguera total. los sonidos agudos me dan dolor de cabeza aunque me cuesta mucho caminar.,0,2,0
sin problemas de vista pero oigo lo normal - soy hiperactivo.,1,1,2
tengo hipersensibilidad visual ademas tengo hipersensibilidad al ruidoo seatengo inquietud motora extrema.,2,2,2
veo muy mal,0,1,1
"tengo sensibilidad extrema a la luztambienoigo lo normal, no me puedo quedar quieto.",2,1,2
"super vision. los ruidos fuertes me aturden, camino muy lento.",2,2,0
"la luz me deslumbra demasiado, por otro lado tengo hipersensibilidad al ruido aunque soy muy lento caminando.",2,2,0
"veo destellos constantemente, por otro lado uso lenguaje de señas aunque puedo caminar y correr.",2,0,1
la luz me deslumbra demasiado aunque tengo un tapono seatengo exceso de movimiento.,2,0,2
"no veo casi nada, sin problemas de movilidad.",0,1,1
escucho perfectamente,1,1,1
"uso baston para ciegos, tengo problemas al caminar.",0,1,0
veo destellos constantemente,2,1,1
tengo hipersensibilidad auditiva,1,2,1
mi agudeza visual es promediotambienme molestan mucho los ruidoso seame cuesta mucho caminar.,1,2,0
no me puedo quedar quieto,1,1,2
llevo lentillas y veo bien. los sonidos agudos me dan dolor de cabeza - mi movilidad es normal.,1,2,1
ando en silla de ruedas,1,1,0
veo todo muy borroso,0,1,1
la luz me deslumbra demasiadotambienando con muletas.,2,1,0
escucho perfectamente,1,1,1
tengo ceguera total pero tengo un tapono seapuedo andar sin problemas.,0,0,1
"me duele el ojo izquierdo, escucho los ruidos demasiado fuertes aunque tengo hiperactividad.",0,2,2
tengo tics motores,1,1,2
mi vista es normal. los sonidos agudos me dan dolor de cabezatambientengo exceso de movimiento.,1,2,2
veo destellos constantementeo seatengo muy poca audicion pero camino muy lento.,2,0,0
tengo ceguera totaltambienno escucho en absoluto pero soy paraplejico.,0,0,0
mi movilidad es normal,1,1,1
llevo lentillas y veo bien,1,1,1
soy ciegotambiencamino perfectamente.,0,1,1
me molesta mucho la luz. estoy inmovilizado.,2,1,0
veo destellos constantemente pero no escucho nadatambiendemasiado veloz.,2,0,2
los brillos me hacen daño en los ojos,2,1,1
"mis ojos estan inflamados y dueleno seano oigo nada, por otro lado soy paralitico.",0,0,0
"veo perfectamente, tengo hipersensibilidad al ruidoo seame cuesta mucho caminar.",1,2,0
camino bien,1,1,1
"veo lo necesario, por otro lado oido muy fino. puedo andar sin problemas.",1,2,1
ceguera absoluta pero escucho todo muy apagado pero demasiado veloz.,0,0,2
siento dolor en los ojos. tengo hipermovilidad.,0,1,2
sin problemas de vistao seano puedo caminar.,1,1,0
uso gafas para leer aunque sin problemas de movilidad.,1,1,1
tengo necesidad constante de moverme,1,1,2
sin problemas de vista pero los ruidos fuertes me aturden ademas no puedo caminar.,1,2,0
no tengo problemas oculares,1,1,1
no soporto abrir los ojos del dolor ademas tengo sordera - tengo inquietud motora extrema.,0,0,2
veo bien pero mi oido es normalo seatengo dificultad para andar.,1,1,0
mi agudeza visual es promedio pero no puedo estar sentado mucho tiempo.,1,1,2
llevo lentillas y veo bien aunque tengo un tapono seatengo hipermovilidad.,1,0,2
tengo vision normal y sin problemas de oido. sin problemas de movilidad.,1,1,1
"tengo hipersensibilidad visual, uso lenguaje de señastambientengo movilidad muy reducida.",2,0,0
me muevo con normalidad,1,1,1
super visiono seami movilidad es normal.,2,1,1
tengo necesidad constante de moverme,1,1,2
mis ojos estan inflamados y duelen aunque escucho los ruidos demasiado fuertestambienme muevo compulsivamente.,0,2,2
"me duelen los ojos al mirar, por otro lado escucho las conversaciones sin problema, sin problemas de movilidad.",0,1,1
veo destellos constantemente,2,1,1
uso gafas para leer,1,1,1
hiper vision y oigo bien y sin problemas de movilidad.,2,1,1
"tengo vision normal. tengo hipersensibilidad auditiva, sin problemas de movilidad.",1,2,1
veo todo muy borroso - estoy inmovilizado.,0,1,0
"tengo dolor constante en los ojos, tengo hiperacusia, por otro lado puedo andar sin problemas.",0,2,1
llevo lentillas y veo bien aunque soy paralitico.,1,1,0
no tengo problemas oculareso seademasiado veloz.,1,1,2
tengo audicion nula,1,0,1
mi agudeza visual es promedio pero camino bien.,1,1,1
mi oido es normal,1,1,1
"tengo muy poca vision aunque sin problemas de oido, por otro lado camino perfectamente.",0,1,1
sin problemas de movilidad,1,1,1
ceguera absoluta pero oigo muy mal. voy en baston.,0,0,0
"veo lo necesario. super oido, por otro lado puedo andar sin problemas.",1,2,1
"super vision, no me puedo quedar quieto.",2,1,2
uso baston para ciegos,0,1,1
la luz me deslumbra demasiado,2,1,1
estoy ciego - oigo bien. me cuesta mucho caminar.,0,1,0
estoy ciego,0,1,1
llevo lentillas y veo bien pero escucho todo muy apagadotambienme muevo con normalidad.,1,0,1
tengo problemas en la vista. tengo movilidad muy reducida.,0,1,0
sin problemas de oido,1,1,1
me duelen los ojos al mirar. no oigo nada - camino muy lento.,0,0,0
tengo muy poca vision,0,1,1
"me molesta mucho la luz, por otro lado oigo lo normal y sin problemas de movilidad.",2,1,1
veo todo muy borroso y super oido. camino bien.,0,2,1
camino muy lento,1,1,0
soy ciegoo seatengo movilidad muy reducida.,0,1,0
sin problemas de vista - puedo andar sin problemas.,1,1,1
me duele el ojo izquierdo. escucho perfectamente pero tengo hipermovilidad.,0,1,2
la luz me deslumbra demasiadotambientengo audicion normal y no me puedo quedar quieto.,2,1,2
ceguera absoluta,0,1,1
camino muy lento,1,1,0
uso gafas para leer,1,1,1
ceguera absoluta,0,1,1
"mi vista es normal, mi oido es normalo seatengo inquietud motora extrema.",1,1,2
mis ojos estan inflamados y dueleno seapuedo andar sin problemas.,0,1,1
hiper visiono seaoigo lo normal - tengo hiperactividad.,2,1,2
veo lo necesariotambientengo tics motores.,1,1,2
tengo hipersensibilidad a la luz aunque mi oido es normal. no me puedo quedar quieto.,2,1,2
he perdido el ojo derecho aunque me muevo con normalidad.,0,1,1
"me duelen los ojos al mirar, por otro lado soy muy lento caminando.",0,1,0
tengo sensibilidad extrema a la luzo seavoy en baston.,2,1,0
"me duele el ojo izquierdo y no oigo nada, ando con muletas.",0,0,0
sin problemas de vista,1,1,1
veo bieno seademasiado veloz.,1,1,2
oigo lo normal,1,1,1
tengo hipersensibilidad a la luz aunque mi movilidad es normal.,2,1,1
siento dolor en los ojos. puedo caminar y correr.,0,1,1
los brillos me hacen daño en los ojos. oido muy finotambienno puedo estar sentado mucho tiempo.,2,2,2
oigo lo normal,1,1,1
me duelen los ojos al mirar - puedo caminar y correr.,0,1,1
"tengo fotofobia, por otro lado tengo un tapono seano me puedo quedar quieto.",2,0,2
mi agudeza visual es promedio pero tengo un tapon aunque ando con muletas.,1,0,0
veo bien pero tengo necesidad constante de moverme.,1,1,2
mi vista es normal. soy hiperactivo.,1,1,2
los brillos me hacen daño en los ojoso seaescucho perfectamente aunque mi movilidad es normal.,2,1,1
perdi la vistao seaescucho todo muy apagadoo seavoy en baston.,0,0,0
tengo hipermovilidad,1,1,2
"tengo fotofobia, ando con muletas.",2,1,0
mi vista es normal. escucho las conversaciones sin problema - soy hiperactivo.,1,1,2
tengo exceso de movimiento,1,1,2
camino bien,1,1,1
la luz me deslumbra demasiado ademas tengo tics motores.,2,1,2
veo destellos constantemente aunque mi movilidad es normal.,2,1,1
"tengo vision normal, por otro lado soy sordo y no puedo caminar.",1,0,0
escucho perfectamente,1,1,1
mi vista es normal. escucho los ruidos demasiado fuertes ademas tengo hiperactividad.,1,2,2
"estoy ciego, por otro lado tengo hiperacusia ademas soy muy lento caminando.",0,2,0
tengo dolor ocularo seaescucho las conversaciones sin problema pero soy paraplejico.,0,1,0
tengo hipersensibilidad visual. uso lenguaje de señas aunque sin problemas de movilidad.,2,0,1
hiper vision. no escucho en absoluto. ando en silla de ruedas.,2,0,0
no tengo problemas oculares y me molestan mucho los ruidos ademas no puedo mover las piernas.,1,2,0
"tengo dolor constante en los ojos, los sonidos agudos me dan dolor de cabeza, puedo caminar y correr.",0,2,1
mi vista es normal pero me cuesta mucho caminar.,1,1,0
"tengo vision normal, sin problemas de movilidad.",1,1,1
hiper vision y camino perfectamente.,2,1,1
"tengo dolor constante en los ojos, camino bien.",0,1,1
la luz me deslumbra demasiado - mi oido es normal aunque puedo andar sin problemas.,2,1,1
uso gafas para leer. oigo lo normal. voy en baston.,1,1,0
oigo muy mal,1,0,1
tengo hipersensibilidad a la luz aunque tengo hiperacusiatambiensoy muy lento caminando.,2,2,0
"veo muy mal - uso lenguaje de señas, por otro lado demasiado veloz.",0,0,2
uso baston para ciegos y puedo andar sin problemas.,0,1,1
no veo casi nada. escucho perfectamente pero mi movilidad es normal.,0,1,1
mi agudeza visual es promedio. tengo un tapon aunque ando con muletas.,1,0,0
uso lenguaje de señas,1,0,1
"siento dolor en los ojos, por otro lado no puedo estar sentado mucho tiempo.",0,1,2
tengo hipersensibilidad visual - tengo hiperacusiatambienando con muletas.,2,2,0
oigo bien,1,1,1
no escucho en absoluto,1,0,1
tengo problemas en la vista. demasiado veloz.,0,1,2
tengo hipersensibilidad visual pero tengo audicion normal aunque no me puedo quedar quieto.,2,1,2
sin problemas de oido,1,1,1
me molesta mucho la luz ademas demasiado veloz.,2,1,2
tengo vision nula - tengo hiperactividad.,0,1,2
soy paralitico,1,1,0
camino perfectamente,1,1,1
demasiado veloz,1,1,2
no soporto las luces brillantes aunque camino perfectamente.,2,1,1
"me duelen los ojos al mirar, por otro lado me molestan mucho los ruidos aunque no puedo estar sentado mucho tiempo.",0,2,2
tengo dolor ocularo seatengo audicion nula y no puedo estar sentado mucho tiempo.,0,0,2
